path,bytes,sha256,source
ablation/hsic_frames_report.md,2833,9e4e031503d2a3615f42380aa95fbc6c4b6fe80bee2c39dc2511f5b1fda821b6,SE-probing-TASLP:revision_workspace/results/ablation_hsic_frames.md
ablation/hsic_frames_slopes.csv,2277,8e87dd48baeef7797dbc82786a6c05ebb36063c65036c6a2bbe2a389db4eabf8,SE-probing-TASLP:revision_workspace/results/_verify_ablation_slopes.csv
c50/auc_bootstrap_ci.csv,8695,0d30624bfb62d7a0820a1e5a95a7ee35ea6f1f89edfa478887174f8992af98a8,SE-probing-TASLP:tools/auc_bootstrap_ci.csv
c50/c50_824_per_layer_supp.csv,24691,0ab6177e00cd301575545adc740783c693f08924bee940d0f6d8d885c598b12e,SE-probing-TASLP:tools/c50_824_per_layer_supp.csv
c50/demucs_bottleneck.csv,573,2a0be673a90ff1b5153c50fe5e10ac63906ce83b885a7398847a0a455f6cd7f1,SE-probing-TASLP:results_cluster_2026_08/demucs_bottleneck.csv
c50/fig_c50_824_finetuning_profile_values.csv,631,a405ad07b6e77e720f10b40042074dc3d246c4ecd9c263cb6e216b520f1fd154,SE-probing-TASLP:tools/fig_c50_824_finetuning_profile_values.csv
c50/fig_c50_ft_beta_profiles_values.csv,811,9933cc2666949402330c00eff6d94394f2d275081894f7e0765828061926792b,SE-probing-TASLP:tools/fig_c50_ft_beta_profiles_values.csv
c50/fig_v5_c50_824_ft_profiles_values.csv,8273,1083a950956cfc8518affd32cf73a3cc4e2698f387376376f90a5f437a7030d5,SE-probing-TASLP:tools/fig_v5_c50_824_ft_profiles_values.csv
c50/fig_v5_c50_824_profiles_values.csv,8566,19e48f444574ae651cd1b6f20de4365495d49f80be7d04f84af8d4205cffdb8c,SE-probing-TASLP:tools/fig_v5_c50_824_profiles_values.csv
c50/mean_curves_c50.csv,26142,9b6119f8c5402128b643b4af685c4a4b7449da2f08a1af142235a8dac70ee3bc,SE-probing-TASLP:results_cluster_2026_08/mean_curves_c50.csv
c50/per_layer_c50.csv,20571,126631da5f48b8bb5b1d4524d7b5c58c7ed959eceebf910b5e08abf5d415a87c,SE-probing-TASLP:results_cluster_2026_08/per_layer_c50.csv
c50/per_speaker_824.csv,8883,d7149352823c1cded9d79bcd3555d221a29ad29105e4b222bffc5e0515770012,SE-probing-TASLP:results_cluster_2026_08/per_speaker_824.csv
c50/profile_shape_stats_c50.csv,762,0ea548cdd160df839b8a234bdb9e1bc3aeec06519593dec34b3d2a665b753186,SE-probing-TASLP:results_cluster_2026_08/profile_shape_stats_c50.csv
c50/refit_5rir_824/fits_reverb_5rir_824.csv,17150,2fdb164f07917562113c6ad5088aff02438aa73a94322f94f5af46c821cf204a,athena:/rg/iscohen_prj/yairamr/cluster-2026-07/migration_824/refit/fits_reverb_5rir_824.csv
c50/refit_5rir_824/hierarchical_bootstrap_reverb_5rir_824.csv,27972,9b83c6209693c74f1639c8e7bb2694b84fc2df8bba193c99450dbe7cfd2ffee9,athena:/rg/iscohen_prj/yairamr/cluster-2026-07/migration_824/refit/hierarchical_bootstrap_reverb_5rir_824.csv
c50/window_cross_sweep.csv,1764,1b76d34db29c81b4bd94dca9853e51bf8dc5c42644657e81ae72a0fa77bcbd58,SE-probing-TASLP:tools/window_cross_sweep.csv
c50/window_s9_rows.csv,950,6d4bcf073424bc36e8bc6730925d2521dd9f3497911332c05d61d82fb92698b1,SE-probing-TASLP:tools/window_s9_rows.csv
c50/window_stability.csv,2353,9981f9bfb5252398cd9a06028580af12a0579e24eaa794591904c86a868e4153,SE-probing-TASLP:tools/window_stability.csv
cross_task/CROSS_TASK.md,16638,78acab2b4661638616cedf61be8c69b72cbfd1d616ef4aa727d17fcf42dd2248,SE-probing-TASLP:CROSS_TASK.md
diffusion/IIIG2_per_block.json,3766,7527875ab2da8ce54577c14737859acae7dfbdddf43e9314090980500470cf10,athena:/rg/iscohen_prj/yairamr/cluster-2026-07/analysis_scafe/IIIG2_per_block.json
diffusion/IIIG2_per_block_new5.csv,417,0830ea762bc290d7073e27a625519766af9e90b6debac4ef36ee9ac9898108bc,athena:/rg/iscohen_prj/yairamr/cluster-2026-07/analysis_scafe/IIIG2_per_block_new5.csv
diffusion/IIIG2_per_block_old5.csv,419,46b9cc91f7b8ec6e2041d9e19cac58a37d1bea99a2457317bf877ac6cf299b1e,athena:/rg/iscohen_prj/yairamr/cluster-2026-07/analysis_scafe/IIIG2_per_block_old5.csv
diffusion/IIIG3_across_layers.json,4388,0da788e8c46dae5c5a4e588b98c8fb25c248c7dc503f8bb57db363a8abb347b7,athena:/rg/iscohen_prj/yairamr/cluster-2026-07/analysis_scafe/IIIG3_across_layers.json
diffusion/IIIG3_across_layers_new5.csv,4350,3c08d6064d3e30e074c2e9209472ca93621fabd0767232a152d6da809b07ff3d,athena:/rg/iscohen_prj/yairamr/cluster-2026-07/analysis_scafe/IIIG3_across_layers_new5.csv
diffusion/IIIG3_across_layers_old5.csv,4351,44cb5afa08260f9e9d9c9302383e205a00c2b48858c5d279c29f4b5f80849322,athena:/rg/iscohen_prj/yairamr/cluster-2026-07/analysis_scafe/IIIG3_across_layers_old5.csv
diffusion/diffusion_824_summary.json,4701,387384f771187da9a51d08d0ad2687aa47fda18c549b5fdca8cf84a2e34faf02,athena:/rg/iscohen_prj/yairamr/cluster-2026-07/analysis_824_confine/diffusion_824_summary.json
diffusion/diffusion_layers_mobility.csv,22681,6027afdab8821225d261d3a035896f92df45e363cd05a4275234354be6c07615,athena:/rg/iscohen_prj/yairamr/cluster-2026-07/analysis_824_confine/diffusion_layers_mobility.csv
diffusion/diffusion_layers_summary.json,5998,fa65f6631fc4641d33cda6780527c2d6ae68b5b65075cc86028da93f4a1b4634,athena:/rg/iscohen_prj/yairamr/cluster-2026-07/analysis_824_confine/diffusion_layers_summary.json
diffusion/diffusion_maps_architecture_t5_824.parquet,58573,f24814708509c2074e59077e44282409344afe040e1608606d72de9b0b255cb4,SE-probing-TASLP:results_cluster_2026_08/diffusion_824/diffusion_maps_architecture_t5_824.parquet
diffusion/diffusion_maps_per_layer_t0.5_824_new5.parquet,93931,878992a58c792ba6af37967e3ddab99524635c98e5202f5e32d150f4455a8f11,SE-probing-TASLP:results_cluster_2026_08/diffusion_824/diffusion_maps_per_layer_t0.5_824_new5.parquet
diffusion/diffusion_maps_per_layer_t0.5_824_old5.parquet,91765,47438d097f7828a12ba1bd870cad73e12d00fd4da193abf7fd98589898176058,SE-probing-TASLP:results_cluster_2026_08/diffusion_824/diffusion_maps_per_layer_t0.5_824_old5.parquet
emergence/IIIF_convergence_new5.csv,463,bd6e1ca4dae5df8cf419a77478911df4b5b659c46b42c0cef345570a3a25b974,athena:/rg/iscohen_prj/yairamr/cluster-2026-07/analysis_scafe/IIIF_convergence_new5.csv
emergence/IIIF_convergence_old5.csv,447,11addda3064fbdb3620250dcf98877630c1671f0822b0fdd1df342e169918274,athena:/rg/iscohen_prj/yairamr/cluster-2026-07/analysis_scafe/IIIF_convergence_old5.csv
emergence/IIIF_emergence.json,4284,a6115e229145eb58d1fd7e87bd9a60d51fe0a579bc187cb4f0ca1d278633c330,athena:/rg/iscohen_prj/yairamr/cluster-2026-07/analysis_scafe/IIIF_emergence.json
emergence/IIIF_per_layer_profiles_new5.csv,12688,67e70b6198cf57506b3b41f7a10c56c352efeb09e3d260728c096da1ec62331c,athena:/rg/iscohen_prj/yairamr/cluster-2026-07/analysis_scafe/IIIF_per_layer_profiles_new5.csv
emergence/IIIF_per_layer_profiles_old5.csv,12673,a5bfc0f842a02446c87c509837b2423a27fde2e02443f2aff575035325cfc666,athena:/rg/iscohen_prj/yairamr/cluster-2026-07/analysis_scafe/IIIF_per_layer_profiles_old5.csv
emergence/emergence_824_FIXED_convergence.csv,1149,2857f086aca4a3a77c1e86b0a6e35a3fe9820b9e28f2b7963210fbea186f77ce,athena:/rg/iscohen_prj/yairamr/cluster-2026-07/analysis_824_confine/emergence_824_FIXED_convergence.csv
emergence/emergence_824_FIXED_per_layer_profiles.csv,13694,9876d6473aee21ae74f970ca81680a6fcedc808c2a5248c8dc952603b4dc62a1,athena:/rg/iscohen_prj/yairamr/cluster-2026-07/analysis_824_confine/emergence_824_FIXED_per_layer_profiles.csv
emergence/emergence_824_FIXED_summary.json,4723,6a489c4c41ea6430d22f02e4ac2d5990f1d4937be412c1a52583da5773a2b944,athena:/rg/iscohen_prj/yairamr/cluster-2026-07/analysis_824_confine/emergence_824_FIXED_summary.json
freeze_arms/RESULTS_SECTION__stage2_full.md,2821,32593c0ba8d80aafa39e981814fda008300a65b215820ec4d396b93dd5e2e44e,SE-probing-TASLP:results_cluster_2026_08/RESULTS_SECTION__stage2_full.md
freeze_arms/jobA_per_run_stats.csv,824,b9496f6a22160046fc5ea1b6850f6d5bfcde83c1c9b0df52eb4540ae069321a5,athena:/rg/iscohen_prj/yairamr/cluster-2026-07/aggregated/jobA_per_run_stats.csv
freeze_arms/jobA_probe_arm_summary.csv,25157,2712f6aa4eefa11fc5257de6754812c4e1608193c0b127c0048f560afbfb3e70,SE-probing-TASLP:results_cluster_2026_08/jobA_probe_arm_summary.csv
freeze_arms/jobA_probe_contrasts.csv,159785,54d1363e68243209cb8361c8bf200e643fd73abd7dbbfcc2f7b8c367628e53ff,SE-probing-TASLP:results_cluster_2026_08/jobA_probe_contrasts.csv
freeze_arms/jobA_probe_per_layer.csv,104640,572ec2e41155290265cb5cf175349e6acb19d3861c272b26e08cc0a0179263c0,SE-probing-TASLP:results_cluster_2026_08/jobA_probe_per_layer.csv
freeze_arms/jobA_probe_pre_ft_vs_manuscript.csv,5283,94e86d208f697564813692647a83c114d4f60335ba7de2967c337c772e0b582e,SE-probing-TASLP:results_cluster_2026_08/jobA_probe_pre_ft_vs_manuscript.csv
freeze_arms/jobA_probe_stage_summary.csv,2904,2faf1fbd2ad1899971f3c83c38d69cb8bdb371f8e9fd1516d6ec127345f381ae,SE-probing-TASLP:results_cluster_2026_08/jobA_probe_stage_summary.csv
freeze_arms/jobA_publication_analysis.md,3433,653e4d288800e879845b90c9bb6cabdc96f67f26e46e25bba3954f0e0e15a4eb,athena:/rg/iscohen_prj/yairamr/cluster-2026-07/aggregated/jobA_publication_analysis.md
freeze_arms/jobA_publication_stats.csv,1336,85073bfddf775677b5bf944f47eea3cdda7e2cf005a0afec923e578f2bad514a,athena:/rg/iscohen_prj/yairamr/cluster-2026-07/aggregated/jobA_publication_stats.csv
freeze_arms/jobA_run_summary.csv,412,a12ce17e5c810ba7a79f2872737f0e4fa8eb597d3f934e5bd6cd3dd7d945ca5e,athena:/rg/iscohen_prj/yairamr/cluster-2026-07/aggregated/jobA_run_summary.csv
freeze_arms/jobA_stats.csv,653,40e9452fb26bd645cbff5f9211b3f37498282bfbd213e5885afa526884f3c6c9,athena:/rg/iscohen_prj/yairamr/cluster-2026-07/aggregated/jobA_stats.csv
perceptual/fig_v5_pesq_corr_values.csv,3018,3eba3094af6bd12c8ce4a35b17f50830a3434caa5cb6628e45cd8b404aee0089,SE-probing-TASLP:tools/fig_v5_pesq_corr_values.csv
perceptual/perceptual_4metric_perlayer.csv,19341,235720f1ffd24f67b0b75381f079ebcf36c3f3ecfc9f127f9793074c91f7d527,SE-probing-TASLP:revision_workspace/results/perceptual_4metric_perlayer.csv
perceptual/sec3b_824_v2.md,6303,2a7c2df1e65bebd68e61a19e2488af8275918206cf71c9249e8f4386ce916ec9,SE-probing-TASLP:results_cluster_2026_08/sec3b_824_v2.md
perceptual/sec3b_824_v2_perlayer.csv,25153,9c0ad5eca6c4327ff6a7df316aed191ac5021f255d70f551b499fa6d4b3c9b48,SE-probing-TASLP:results_cluster_2026_08/sec3b_824_v2_perlayer.csv
perceptual/sec3b_824_v2_summary.csv,1399,441c5fce68c2f93d6877b0e3e4f23df39ccee9e505b6240358f57b2a0db6222c,SE-probing-TASLP:results_cluster_2026_08/sec3b_824_v2_summary.csv
perceptual/spk_v2__dnsmos_level_check.csv,9135,a13a8db10f5896b1640bf173db4980e91838e0aac4a2436c274e6e0895fbcf2f,SE-probing-TASLP:results_cluster_2026_08/spk_v2__dnsmos_level_check.csv
perceptual/spk_v2__fill_check.csv,1039,b5782063667dcdf44354d75d0e8e0630014e74ab1038479ec705439428508f4e,SE-probing-TASLP:results_cluster_2026_08/spk_v2__fill_check.csv
perceptual/spk_v2__per_speaker_all.csv,92058,6c7d95dd9a519113642a8ab6a050ac3b4a78c485e96d0d31d960409efefca875,SE-probing-TASLP:results_cluster_2026_08/spk_v2__per_speaker_all.csv
perceptual/spk_v2__speaker_level_all.csv,81920,51f3221a9035866424e2edc2909b09d7e15c2ff1a90a779291ff1a7efe1bc591,SE-probing-TASLP:results_cluster_2026_08/spk_v2__speaker_level_all.csv
perceptual/spk_v2__utterance_level_all.csv,70312,3ef5845e66a144795a92e3416f38cbf7944eba6435e4fdeb611ff85ff98d6129,SE-probing-TASLP:results_cluster_2026_08/spk_v2__utterance_level_all.csv
random_init/IIIE_random_init.json,2912,ad5d63e79a6472160192b3ad5966ab51ce41f29173926f6e3418f811b926a151,athena:/rg/iscohen_prj/yairamr/cluster-2026-07/analysis_scafe/IIIE_random_init.json
random_init/fig_v6_random_init_824_values.csv,3706,b0524701d91f4dc03f9f9518d1399d2178e2fb5103f0edca2e1c7324bff3957c,SE-probing-TASLP:tools/fig_v6_random_init_824_values.csv
snr/IIIA_independence_18.csv,271,1a18b596f026efec3edfa8844ce1f511e5ae0930ec4ac864a7e391273dd75886,SE-probing-TASLP:tools/reagg18/IIIA_independence_18.csv
snr/IIIA_noise_set_independence.json,1526,16534a739aeb08b30887bfd973e7bd8b5cfdd6fb944e2a585a98ae40953cc456,athena:/rg/iscohen_prj/yairamr/cluster-2026-07/analysis_scafe/IIIA_noise_set_independence.json
snr/IIIA_repro_5old_vs_12_muse.csv,8127,9d8203cc89fb26e87bee200cab915980cd617c75b4f54836bf235400ae88e763,athena:/rg/iscohen_prj/yairamr/cluster-2026-07/analysis_scafe/IIIA_repro_5old_vs_12_muse.csv
snr/IIIA_swap.json,1486,332966c785e9ad6bbc29f7db572f630785612d5467d687af03e7d328ce9dea01,athena:/rg/iscohen_prj/yairamr/cluster-2026-07/analysis_scafe/IIIA_swap.json
snr/cka_heatmap_values_raw_jobB18.csv,297633,2128cd2acf3f7587002ec5b6e98ff5c0e8f250b2b20c56321b55e04b9c7d00e0,SE-probing-TASLP:tools/reagg18/cka_heatmap_values_raw_jobB18.csv
snr/depth_profiles_two_models_values.csv,5725,7c3bcac8b6a356058aaec46c47ae6c905aee1a54fad8ca7063a2c73a949d6f80,SE-probing-TASLP:tools/fig_v5_depth_profiles_two_models_values.csv
snr/fits_demucs_snr_jobB.csv,1669,d5699152bd81307b3317aecf64a8de06991ee242c92ff383f4152528b2cd9de9,SE-probing-TASLP:tools/reagg18/fits_demucs_snr_jobB.csv
snr/fits_mpsenet_snr_jobB.csv,1454,cd014db547c670736e4ad763ca2cc5c83afdea6b9202bb36be6e61fc26fd5e3e,SE-probing-TASLP:tools/reagg18/fits_mpsenet_snr_jobB.csv
snr/fits_muse_snr_jobB.csv,4982,5a930b8cd4efa7e47876f737ae0fce3a8595acb785df164178ac4d5ad1d6f613,SE-probing-TASLP:tools/reagg18/fits_muse_snr_jobB.csv
snr/hierarchical_bootstrap_snr_cluster_all18.csv,36765,af380b66c8b45e2bce59de1e1a21ef70a0abc60c403d4595874ad62dc392e02d,SE-probing-TASLP:tools/reagg18/hierarchical_bootstrap_snr_cluster_all18.csv
snr/hierarchical_bootstrap_snr_cluster_probed18.csv,35601,6341961db10730aaaf49b7acf258e05b5c7a841c7a1b2e50765da48aa5578900,SE-probing-TASLP:tools/hierarchical_bootstrap_snr_cluster.csv
snr/moved_numbers.csv,40426,65bc203e2d789b5214ab7865c30e78074c19c1fa56ab3102f83e4d1497c84214,SE-probing-TASLP:tools/reagg18/moved_numbers.csv
snr/muse_profile_values_18_cluster.csv,4955,1ebbcd99986e0f3ed26467826ef68a568172ee21f56dd980dc7a9284ed82f145,SE-probing-TASLP:tools/reagg18/muse_profile_values_18_cluster.csv
snr/peak_layer_stability_c50.csv,2859,f67fb3c9529928c20b02e67623d199b033bdf2094054a861dd02c579300e9fad,athena:/rg/iscohen_prj/yairamr/cluster-2026-07/aggregated/peak_layer_stability_c50.csv
snr/peak_layer_stability_snr.csv,2714,b510df1a40d0a8b73d3f2f26211db4934a698ce889206499f68be560a3a87b00,athena:/rg/iscohen_prj/yairamr/cluster-2026-07/aggregated/peak_layer_stability_snr.csv
snr/per_noise_beta_muse.csv,10780,bc4704ab3b09b9caa10a71bce73a5fd6f7544fd60326ae681267e54396758a6e,SE-probing-TASLP:tools/reagg18/per_noise_beta_muse.csv
snr/profile_correlations.csv,543,8ed04803fd485b5e6bee3bf989872c5de66a4eb16a7ec6e2b36e66cc18c14b29,athena:/rg/iscohen_prj/yairamr/cluster-2026-07/aggregated/profile_correlations.csv
snr/refit_5noise_824/endpoints_snr_5noise_824.csv,15419,4bfe01d9852cb8fff7116389e4dc609bbd37baaebcb8242fe3ada5b5a14b20db,athena:/rg/iscohen_prj/yairamr/cluster-2026-07/migration_824/refit/endpoints_snr_5noise_824.csv
snr/refit_5noise_824/fits_snr_5noise_824.csv,19383,2d1d961e68edff4815f0094c146475ed1303315a7decdd56814d5d4e519bdd4f,athena:/rg/iscohen_prj/yairamr/cluster-2026-07/migration_824/refit/fits_snr_5noise_824.csv
snr/refit_5noise_824/hierarchical_bootstrap_snr_5noise_824.csv,39976,7135a4a9ff1097845fb6b734d9a47c0c5831deb12ce7afba460285a56d12078b,athena:/rg/iscohen_prj/yairamr/cluster-2026-07/migration_824/refit/hierarchical_bootstrap_snr_5noise_824.csv
snr/summary_jobB.csv,1467,7005c28395dbb12681f6bd95be8dca82c3ea5a0b940083a26ead5f4f632bf328,SE-probing-TASLP:tools/reagg18/summary_jobB.csv
c50/mean_curves_c50_six_arms.csv,27176,e9ba1c020d0340d13210cd158e8406f8ce47570167f6d6ae71e6d69da20b30a4,"athena:/rg/iscohen_prj/yairamr/home_offload/home_tmp/c50_ft_arms/results/shard_<arm>_*.parquet (job 128939) via seprobe_pr_jobs/mean_curves_six_arms.py, athena job 170742 (2026-10-06)"
