epoch,beta_pearson_r_vs_e48,beta_spearman_r_vs_e48,alpha_pearson_r_vs_e48,alpha_spearman_r_vs_e48,rms_dbeta_vs_e48
-1,0.7757643346370892,0.6452173913043477,0.7761403752025825,0.6913043478260869,0.008159229021266309
1,0.7644718967570434,0.7008695652173912,0.7903483599558855,0.64,0.004465237144105513
3,0.771505591463262,0.6478260869565217,0.772893036690231,0.6634782608695651,0.002805293643914224
5,0.8864949383729619,0.8426086956521738,0.867197792839009,0.8078260869565217,0.0033838770788609464
7,0.8818550003355957,0.8539130434782608,0.8716493481331483,0.8086956521739129,0.002321601141625628
9,0.9207613441831182,0.8817391304347826,0.9010000338838545,0.8582608695652173,0.0020710461333693043
10,0.9272706124892486,0.8843478260869565,0.9121782399591591,0.8808695652173912,0.0020296303172238454
12,0.9269762329291305,0.917391304347826,0.9071481718378733,0.863478260869565,0.002046215760767346
24,0.9785248373998124,0.9626086956521739,0.9686182487873676,0.9582608695652173,0.0007620148155559194
36,0.9965474558973771,0.9878260869565217,0.9940907917142886,0.9895652173913043,0.0003780111940748843
48,1.0,0.9999999999999999,1.0,0.9999999999999999,0.0
