layer,block,beta_pre,alpha_pre,beta_e1,alpha_e1,beta_e3,alpha_e3,beta_e5,alpha_e5,beta_e7,alpha_e7,beta_e9,alpha_e9,beta_e10,alpha_e10,beta_e12,alpha_e12,beta_e24,alpha_e24,beta_e36,alpha_e36,beta_e48,alpha_e48
TCFTransformer.encoder_level1.mhca_blks.0.transformer_layers.0.norm1,encoder_level1,0.00011366702438777901,0.997073093432749,7.0111295072548e-05,0.9982064840107183,5.5610072495915695e-05,0.9985874113319383,4.84898593431113e-05,0.9987613175811498,4.8273981770862046e-05,0.9987693881274041,4.612773068581685e-05,0.9988261554795852,4.649621936921795e-05,0.9988118593996478,4.4526017564389586e-05,0.9988569378355062,3.6324752778048826e-05,0.9990623943127845,3.0319550448633233e-05,0.9992140113752915,2.642430629476541e-05,0.9993130512214725
TCFTransformer.encoder_level1.mhca_blks.0.transformer_layers.1.norm1,encoder_level1,0.00262544742750644,0.9354496935922042,0.0030577388278947687,0.9219562886495838,0.003112771974719691,0.9207596920977087,0.0030280588784642203,0.9225272931798726,0.002852493848965817,0.9271414270873093,0.0027312484404930937,0.9302579856392772,0.0026624299448028484,0.9319977191962494,0.0025155726987333596,0.9358050299617148,0.0021238998372499285,0.9457928191178474,0.0017828935391101793,0.9545443920421708,0.0015127906958258433,0.961404683582722
TCFTransformer.encoder_level1.mhca_blks.0.transformer_layers.2.norm1,encoder_level1,0.009804559884292519,0.7446677878047374,0.008245594535728812,0.7610721785000245,0.007689754665839291,0.7784186838430072,0.006403925503579823,0.8163904618541047,0.0067026440280863785,0.8061707550591661,0.006314108390811595,0.8192281208519053,0.006360165749373666,0.8165663084479574,0.00614764174604808,0.8241784479074743,0.006038187619257487,0.8277088597678496,0.005596543684690504,0.8406707497436802,0.00514571519596476,0.8531557884656441
TCFTransformer.encoder_level1.mhca_blks.0.transformer_layers.3.norm1,encoder_level1,0.01162341350871693,0.6872933169486799,0.009414316470514902,0.7218996517834803,0.008256956720021193,0.758816754892239,0.007200167973633789,0.7896904078518231,0.007117197491204131,0.7880273318468701,0.006828737911529418,0.7983553942271758,0.006783401181959234,0.7985881677397897,0.006559798293291287,0.806617164476168,0.006595993384495588,0.8058222137114321,0.006263550733903264,0.8158949716199189,0.005871961726979231,0.8276706558941659
TCFTransformer.encoder_level2.mhca_blks.0.transformer_layers.0.norm1,encoder_level2,0.007242500101545395,0.8221981221489323,0.008886767289947856,0.7634876229835159,0.009350468505258731,0.7410183432245612,0.007940079440154159,0.7804388841859426,0.0077096172052552705,0.7825457273445902,0.006938573966464839,0.8053120733921757,0.007051987128674969,0.800742731249547,0.007020471762424837,0.8022223416348258,0.0070681847096772926,0.8019991454959291,0.007191779256700756,0.7978082495366666,0.007267585568721558,0.796311273015898
TCFTransformer.encoder_level2.mhca_blks.0.transformer_layers.1.norm1,encoder_level2,0.014968875102678138,0.5747473542991708,0.014286118637389704,0.6088647117458377,0.011773009551579705,0.6700776956189596,0.009853540643110035,0.7302419872813535,0.00973602626419405,0.7274919542619994,0.009056694147334156,0.749996103414424,0.009346087374356937,0.7411774884462398,0.00912865369392947,0.7475580283630154,0.008739998822966317,0.7598797876201324,0.0084661749140336,0.7678069668058212,0.008368068723472613,0.7722487928049212
TCFTransformer.encoder_level2.mhca_blks.0.transformer_layers.2.norm1,encoder_level2,0.016711785171951203,0.5216067627649066,0.012236923237840433,0.6749268474133621,0.010156414636081326,0.7282856001274596,0.008550586701808036,0.780113715818437,0.008319083761030266,0.7820170160752353,0.007880217266379264,0.7953174525873575,0.00791112469471627,0.7944218407390249,0.00772784283212222,0.7981689883597598,0.007272231198189718,0.8118498136063936,0.006722118599374156,0.826082507482251,0.006554045540682237,0.8326020822304772
TCFTransformer.encoder_level2.mhca_blks.0.transformer_layers.3.norm1,encoder_level2,0.021459388612312294,0.37191158420631965,0.015111572395478104,0.5796899386968722,0.012425572672758458,0.651956440625905,0.014038991964337768,0.6305020988823035,0.012648976143857979,0.6631232831331614,0.012336514923439394,0.6762324873478235,0.012736546299104142,0.6675633846640092,0.012481214107530891,0.6762854312573993,0.010282915695935396,0.7358790098141463,0.009260609159291142,0.7640036273553739,0.008718386259625475,0.7797658075785906
TCFTransformer.latent.mhca_blks.0.transformer_layers.0.norm1,latent,0.012396089167727544,0.6772280250553074,0.00859052578113397,0.7811331555038743,0.007141429739287344,0.8141076795645793,0.00842916166471285,0.787009081730164,0.006341902721329342,0.8358310510246978,0.0058631313815251706,0.8494292686061912,0.006528829401266022,0.8345129355797305,0.006539472177453822,0.834769751080597,0.005744492831352271,0.8548491367037065,0.0055747058832234285,0.8608334490697632,0.00520227988162182,0.8689604234250684
TCFTransformer.latent.mhca_blks.0.transformer_layers.1.norm1,latent,0.009610741742876239,0.7395814591603675,0.006213850460391817,0.8363496545025868,0.0053969425862304505,0.8589054056749977,0.006581120401979265,0.8335395800681125,0.005181028677819081,0.8672254105664725,0.004985445606827894,0.8731599859615824,0.005359410101553571,0.8642034117831964,0.005460145385275998,0.8623623441278336,0.004964682277640965,0.8762531477176512,0.005061828201583555,0.8753314958960356,0.005187835554890635,0.8712384359806424
TCFTransformer.latent.mhca_blks.0.transformer_layers.2.norm1,latent,0.01242652487467974,0.6496985986057433,0.008596241155282085,0.7619206573360858,0.00678824908068595,0.8098641867823652,0.00751112395079068,0.7995146212949207,0.006397739483429744,0.827815685843649,0.006152967998118972,0.8358184237847597,0.006446880135268202,0.8289301105997964,0.006684922307673264,0.8253371245040519,0.006205120475816007,0.8408877648127618,0.006305962671246611,0.8410914234305888,0.0065941400064662625,0.8334812873008308
TCFTransformer.latent.mhca_blks.0.transformer_layers.3.norm1,latent,0.015548903973825606,0.544078568647687,0.013437549096044561,0.646269363614089,0.011949589740297055,0.6763378264292944,0.013403776091389605,0.6493105556963621,0.012192535509336556,0.678328926475777,0.011471452825535088,0.698530738004403,0.011753065058387049,0.693266599260545,0.012298965126952494,0.681828724979807,0.009129381897987468,0.7725100120493048,0.007948009069804966,0.8040254991142033,0.0076166229294034275,0.8114239926096246
TCFTransformer.decoder_level2.mhca_blks.0.transformer_layers.0.norm1,decoder_level2,0.022628769792044798,0.39287409727391653,0.014716406441406605,0.6405504650536307,0.010906913135310252,0.7248527911353668,0.012893489700782107,0.69424620135799,0.011013879370554149,0.7367530566826171,0.010551967260852052,0.7490160347490631,0.01086358142806116,0.7442765516509904,0.010910063288966763,0.7473728923473799,0.008498987221463979,0.8010890383601393,0.007860631147548695,0.8166665584641242,0.007305430302704599,0.8306035769261078
TCFTransformer.decoder_level2.mhca_blks.0.transformer_layers.1.norm1,decoder_level2,0.01622808536976316,0.5547388279303,0.011699224797666842,0.71544388351188,0.008538544205802842,0.7851956420358883,0.009107265762109164,0.7843689873172256,0.007387991081947822,0.823070629018398,0.007122396105825236,0.8307809290385125,0.007148774383177348,0.831784660946281,0.007257170192201688,0.8318399303144708,0.005578467919394227,0.8672660860691123,0.005575289539023712,0.8677615335509639,0.00557924246503269,0.8677464825476328
TCFTransformer.decoder_level2.mhca_blks.0.transformer_layers.2.norm1,decoder_level2,0.014870636025077271,0.5911321064641035,0.012581884085336609,0.6996533712720694,0.008959020699008067,0.7824986233914734,0.008936902722548268,0.7923394183511219,0.006912781776671516,0.8367481784807164,0.006685739142593973,0.8429974897893197,0.0061256497179054325,0.8568950794770783,0.006163555969253881,0.8570487275840875,0.004786163756443591,0.8817924051564999,0.004798393553420097,0.8826602646699365,0.004482180491792512,0.8902349225532018
TCFTransformer.decoder_level2.mhca_blks.0.transformer_layers.3.norm1,decoder_level2,0.01568180257379627,0.30793295074173943,0.013925128316930869,0.6261645876680169,0.012549540343043524,0.6757654914751845,0.013757747236636357,0.659344413444674,0.011275392831152429,0.718654648657301,0.01143623270656068,0.7221615056225035,0.010755883950182713,0.7396232455488341,0.011205835729278643,0.7338713307882071,0.009907889062504904,0.7671486313587159,0.0095350680178627,0.7823738171976506,0.008988129511747262,0.795814885703656
TCFTransformer.decoder_level1.mhca_blks.0.transformer_layers.0.norm1,decoder_level1,0.02205550113123511,0.2588348789386644,0.015918096788576006,0.579254668145285,0.01201683624515709,0.6923731845398181,0.0149278751014655,0.6334427132396652,0.012906780286787638,0.682549272581644,0.013422979765372005,0.6817489803294194,0.013332812696637861,0.685527303343622,0.013633326985415669,0.6865583890225107,0.012949287539249016,0.7124426865315148,0.012490238554865571,0.727372210542442,0.011846987950620906,0.7391184413990477
TCFTransformer.decoder_level1.mhca_blks.0.transformer_layers.1.norm1,decoder_level1,0.01568441141501799,0.4555361054811176,0.00894794809652198,0.7709835010369539,0.00642319523023638,0.8419273487223454,0.009592422246140314,0.767169629382815,0.008384714468094755,0.794256112424488,0.009094386589514126,0.7822483159929593,0.009325758675601967,0.7776218415708239,0.009478134474260918,0.7793211830546836,0.009333617900714051,0.7894687061955029,0.009902286977843615,0.7801060296148985,0.010002171114883052,0.7740584270277995
TCFTransformer.decoder_level1.mhca_blks.0.transformer_layers.2.norm1,decoder_level1,0.014312076768999336,0.5014492018960378,0.008991714546591208,0.7555692070849809,0.0072018376938092115,0.8161879735533574,0.010169573811967493,0.7413256245022454,0.008499367725616871,0.7810364746175315,0.009083597897643476,0.7730189660624491,0.009209080745714408,0.7719831466711478,0.009234941456160557,0.7779849536657331,0.008454150042629983,0.8050773217998763,0.009065478133892546,0.7933703274449684,0.00886653230113813,0.7935351736398105
TCFTransformer.decoder_level1.mhca_blks.0.transformer_layers.3.norm1,decoder_level1,0.014525512171848911,0.4536735083083733,0.009483283348975077,0.7378416495297311,0.008752036273647321,0.7770833381699391,0.012804333671770175,0.6779095426937025,0.010657021359811687,0.7293328887113477,0.011370158969653047,0.7193820619537333,0.011521642406723966,0.717669995469603,0.011262092297641989,0.7322823168154062,0.010347770704297054,0.7612264516940606,0.011308535999930026,0.741129875657774,0.011215041829559486,0.7355224769358961
TCFTransformer.mag_refinement.mhca_blks.0.transformer_layers.0.norm1,mag_refinement,0.021711316490861082,0.2524373003611039,0.015335833766047122,0.5866860260430078,0.010941075126750044,0.7184027264964149,0.013762235060433258,0.6534931339214639,0.011461953473547422,0.713090435464793,0.013048066260083743,0.6801635799493972,0.012918736420782635,0.685093559728366,0.013114978003947524,0.6882830826978592,0.011841603868976897,0.7288199816595271,0.011611861382137233,0.7387869920389837,0.01134524450183506,0.7399945245550507
TCFTransformer.mag_refinement.mhca_blks.0.transformer_layers.1.norm1,mag_refinement,0.018099549456140136,0.42297204277066974,0.011442164744097897,0.709642499521524,0.008205510799284927,0.8018303504774165,0.010758999816095178,0.740808814747111,0.009101064632895662,0.7802995303576358,0.009484767132365598,0.7771959790699027,0.009374851679616493,0.781029622610155,0.009144275545052392,0.791966978471577,0.006693787136973049,0.8537262515783135,0.00647689309589045,0.8604619054215565,0.006261931318352555,0.864202831637101
TCFTransformer.mag_refinement.mhca_blks.0.transformer_layers.2.norm1,mag_refinement,0.01709698746207444,0.44957862806746096,0.014218942105129547,0.6471457201368429,0.0132759712671599,0.6857680782849336,0.014651191519109385,0.6534886888064624,0.013514372926597448,0.680781406620754,0.01278784820095866,0.7036477010108736,0.012291493497323641,0.7174632383641595,0.012221342266748429,0.7254675679563628,0.009622434715804555,0.7919620509931377,0.009643209803361632,0.795528853150879,0.008859681158224898,0.8129505490781859
TCFTransformer.mag_refinement.mhca_blks.0.transformer_layers.3.norm1,mag_refinement,0.021357387912909476,0.3544587087493114,0.017202790792095312,0.5712012065986771,0.015987716437778066,0.6237431291424727,0.018206797345116692,0.5715419876872905,0.017248179814243782,0.5965708395880784,0.016450410819219923,0.6216002698215026,0.016028133135553346,0.6354153896849288,0.01578906723559625,0.6476058996827302,0.013532266083891548,0.705956529856278,0.013572435523021167,0.7101093538595015,0.012936733193295559,0.7243412012539236
