dataset,layer,depth,auc,auc_fits,lo,hi,se,n_units,n_levels,n_boot,seed,auc_ref_maxdev
demucs_c50_v2,encoder.0,0,0.79282450379947,0.7928245037994707,0.7919768064828456,0.7936275644810256,0.00042296029000968847,780,13,300,20260802,6.661338147750939e-16
demucs_c50_v2,encoder.1,1,0.8089402168812467,0.808940216881247,0.8078634513776756,0.8100274076898996,0.0005287413558230529,780,13,300,20260802,6.661338147750939e-16
demucs_c50_v2,encoder.2,2,0.860332456372965,0.860332456372965,0.8583096770646657,0.862195381768398,0.0010120223765086617,780,13,300,20260802,6.661338147750939e-16
demucs_c50_v2,encoder.3,3,0.8951297082958948,0.895129708295895,0.8933054065111004,0.8966743905228586,0.0009041642963609557,780,13,300,20260802,6.661338147750939e-16
demucs_c50_v2,encoder.4,4,0.9040987004148655,0.9040987004148654,0.9021327987317488,0.9062182598278786,0.0010807720078558891,780,13,300,20260802,6.661338147750939e-16
demucs_c50_v2,lstm,5,0.9547741752799254,0.9547741752799248,0.9539120064793618,0.9557973185024486,0.0004961095569238796,780,13,300,20260802,6.661338147750939e-16
demucs_c50_v2,decoder.0,6,0.8264923865096565,0.8264923865096564,0.8214504649700503,0.8313456739079822,0.0024905111484348785,780,13,300,20260802,6.661338147750939e-16
demucs_c50_v2,decoder.1,7,0.8194292089667842,0.8194292089667841,0.8157630493346141,0.8236729069121312,0.0021065442622810304,780,13,300,20260802,6.661338147750939e-16
demucs_c50_v2,decoder.2,8,0.7229753045758438,0.7229753045758439,0.7175425713290611,0.728616746908598,0.002868927896886781,780,13,300,20260802,6.661338147750939e-16
demucs_c50_v2,decoder.3,9,0.5092393770888121,0.509239377088812,0.5024019317931159,0.5154796859647264,0.003360381491808807,780,13,300,20260802,6.661338147750939e-16
demucs_c50_v2,decoder.4,10,0.688811804780139,0.688811804780139,0.6853466707805391,0.6922207010565806,0.001782443027648752,780,13,300,20260802,6.661338147750939e-16
demucs_c50_pre,encoder.0,0,0.7667795750591708,0.7667795750591705,0.7644153792140115,0.7690057432228296,0.0012362886101789762,780,13,300,20260802,3.3306690738754696e-16
demucs_c50_pre,encoder.1,1,0.7733171522351622,0.7733171522351625,0.7709309269227507,0.7756843348905742,0.0012228041278097368,780,13,300,20260802,3.3306690738754696e-16
demucs_c50_pre,encoder.2,2,0.8145666378030441,0.814566637803044,0.8120565326366431,0.8171510734498901,0.0013219330366923009,780,13,300,20260802,3.3306690738754696e-16
demucs_c50_pre,encoder.3,3,0.8904694768366141,0.8904694768366141,0.8884529177514898,0.892101966095428,0.0010161136730930213,780,13,300,20260802,3.3306690738754696e-16
demucs_c50_pre,encoder.4,4,0.9042783650007643,0.904278365000764,0.9023206492464784,0.9062818513166748,0.0010621661514404683,780,13,300,20260802,3.3306690738754696e-16
demucs_c50_pre,lstm,5,0.935375931613211,0.9353759316132108,0.9337871916393119,0.937057644786313,0.0008634442210672361,780,13,300,20260802,3.3306690738754696e-16
demucs_c50_pre,decoder.0,6,0.8420524188248902,0.8420524188248902,0.8385205961461776,0.8452240619131832,0.001847901499099468,780,13,300,20260802,3.3306690738754696e-16
demucs_c50_pre,decoder.1,7,0.6543053065909821,0.6543053065909822,0.648057722699381,0.6604091794688602,0.003294442380558785,780,13,300,20260802,3.3306690738754696e-16
demucs_c50_pre,decoder.2,8,0.6956074538871221,0.6956074538871221,0.6902211336907408,0.7005103833028277,0.0026892509786873315,780,13,300,20260802,3.3306690738754696e-16
demucs_c50_pre,decoder.3,9,0.6624500539751811,0.6624500539751811,0.6541845383824816,0.6705889304839445,0.003997596781488551,780,13,300,20260802,3.3306690738754696e-16
demucs_c50_pre,decoder.4,10,0.7061795514957666,0.7061795514957667,0.7024380874482231,0.7097178843843377,0.0018687558489097087,780,13,300,20260802,3.3306690738754696e-16
demucs_snr_jobB,encoder.0,0,0.7435612104083973,0.7435612104083973,0.7433991332334334,0.7437361602208863,8.874728090703497e-05,824,41,300,20260802,2.220446049250313e-16
demucs_snr_jobB,encoder.1,1,0.7370888871739742,0.7370888871739742,0.7369012187371001,0.7372507402683462,8.874849447324102e-05,824,41,300,20260802,2.220446049250313e-16
demucs_snr_jobB,encoder.2,2,0.6670343346176929,0.6670343346176929,0.6666659317151189,0.6674140097143964,0.00020096642594435454,824,41,300,20260802,2.220446049250313e-16
demucs_snr_jobB,encoder.3,3,0.6869022447328381,0.6869022447328381,0.6852732006477826,0.6883415090187192,0.0008113330324454511,824,41,300,20260802,2.220446049250313e-16
demucs_snr_jobB,encoder.4,4,0.6468951179333444,0.6468951179333442,0.6431205572620248,0.6503067638808082,0.0018100351163438375,824,41,300,20260802,2.220446049250313e-16
demucs_snr_jobB,lstm,5,0.8664561236352751,0.866456123635275,0.8646580363054194,0.8683553665713768,0.0009337830151489819,824,41,300,20260802,2.220446049250313e-16
demucs_snr_jobB,decoder.0,6,0.7717966309018717,0.7717966309018717,0.769012507823022,0.7749400110541315,0.0015992440358071451,824,41,300,20260802,2.220446049250313e-16
demucs_snr_jobB,decoder.1,7,0.8039350383474512,0.803935038347451,0.8008611444882361,0.8068885654771912,0.0014848444059277872,824,41,300,20260802,2.220446049250313e-16
demucs_snr_jobB,decoder.2,8,0.7109855067196881,0.710985506719688,0.7066184627750823,0.7144939900039772,0.0021071587758074665,824,41,300,20260802,2.220446049250313e-16
demucs_snr_jobB,decoder.3,9,0.6470767730413846,0.6470767730413846,0.6407106818480727,0.652025702140151,0.003066499676155308,824,41,300,20260802,2.220446049250313e-16
demucs_snr_jobB,decoder.4,10,0.8477663883130372,0.8477663883130371,0.8462812453406102,0.8493603691144906,0.0007928853908652106,824,41,300,20260802,2.220446049250313e-16
mpsenet_c50_pre,TSTransformer.0.time_transformer.norm1,0,0.9961281174472255,0.9961281174472256,0.9960166222908433,0.9962315405631268,5.418517944942141e-05,780,13,300,20260802,2.220446049250313e-16
mpsenet_c50_pre,TSTransformer.0.freq_transformer.norm1,1,0.9855159984751898,0.98551599847519,0.9846747700856343,0.9862762417098044,0.0004146466958903883,780,13,300,20260802,2.220446049250313e-16
mpsenet_c50_pre,TSTransformer.1.time_transformer.norm1,2,0.9589618895247453,0.9589618895247451,0.9571278381513861,0.9607844899133582,0.0009646769548001739,780,13,300,20260802,2.220446049250313e-16
mpsenet_c50_pre,TSTransformer.1.freq_transformer.norm1,3,0.949858405340431,0.949858405340431,0.9477134496526884,0.9522915866985818,0.0012752536300800607,780,13,300,20260802,2.220446049250313e-16
mpsenet_c50_pre,TSTransformer.2.time_transformer.norm1,4,0.959345855756193,0.959345855756193,0.958023356779598,0.9607465113651673,0.0007582617531056518,780,13,300,20260802,2.220446049250313e-16
mpsenet_c50_pre,TSTransformer.2.freq_transformer.norm1,5,0.9433839462751635,0.9433839462751636,0.9410238079347005,0.9458227137889094,0.0012685906901906464,780,13,300,20260802,2.220446049250313e-16
mpsenet_c50_pre,TSTransformer.3.time_transformer.norm1,6,0.910842196044759,0.9108421960447588,0.9073782392410309,0.9144724083400897,0.001789718983072075,780,13,300,20260802,2.220446049250313e-16
mpsenet_c50_pre,TSTransformer.3.freq_transformer.norm1,7,0.8453544625370866,0.8453544625370866,0.8399461043113842,0.8511944859048639,0.002902263031295726,780,13,300,20260802,2.220446049250313e-16
mpsenet_c50_ft,TSTransformer.0.time_transformer.norm1,0,0.9985016160490162,0.9985016160490168,0.9984638711897674,0.9985346559865447,1.8952211676674375e-05,780,13,300,20260802,5.551115123125783e-16
mpsenet_c50_ft,TSTransformer.0.freq_transformer.norm1,1,0.9947336429083702,0.9947336429083704,0.9944875264545728,0.9949714968471955,0.00012961010104577188,780,13,300,20260802,5.551115123125783e-16
mpsenet_c50_ft,TSTransformer.1.time_transformer.norm1,2,0.92067940093959,0.92067940093959,0.9184380212354545,0.9230471946255615,0.001164795100906086,780,13,300,20260802,5.551115123125783e-16
mpsenet_c50_ft,TSTransformer.1.freq_transformer.norm1,3,0.9423407704077474,0.942340770407747,0.9406375404104081,0.9440953159320177,0.000882977259802733,780,13,300,20260802,5.551115123125783e-16
mpsenet_c50_ft,TSTransformer.2.time_transformer.norm1,4,0.9551857218878645,0.9551857218878644,0.9535799564877763,0.9565078705090105,0.0007591287206552232,780,13,300,20260802,5.551115123125783e-16
mpsenet_c50_ft,TSTransformer.2.freq_transformer.norm1,5,0.9482998680246946,0.9482998680246946,0.9466921821312545,0.9497500635213261,0.0007722483004760905,780,13,300,20260802,5.551115123125783e-16
mpsenet_c50_ft,TSTransformer.3.time_transformer.norm1,6,0.911216521168239,0.911216521168239,0.9088141238389089,0.9133941643211719,0.0011934441912777017,780,13,300,20260802,5.551115123125783e-16
mpsenet_c50_ft,TSTransformer.3.freq_transformer.norm1,7,0.9132631025587518,0.9132631025587518,0.910893558801534,0.9154906325849553,0.0011757839634772207,780,13,300,20260802,5.551115123125783e-16
