model,layer,depth,alpha,alpha_lo,alpha_hi,beta,beta_lo,beta_hi,n_utts,n_levels,n_boot,seed
muse,TCFTransformer.encoder_level1.mhca_blks.0.transformer_layers.0.norm1,0,0.9996932277950152,0.9996851768515144,0.99970160168057,1.4291188861369254e-05,1.3916691231206902e-05,1.4667119616599283e-05,824,13,1000,20260806
muse,TCFTransformer.encoder_level1.mhca_blks.0.transformer_layers.1.norm1,1,0.9969283896160654,0.9968210328738611,0.9970258029276672,0.0001355059889252,0.00013126431732,0.0001401434858477,824,13,1000,20260806
muse,TCFTransformer.encoder_level1.mhca_blks.0.transformer_layers.2.norm1,2,0.9892237635528688,0.988766239268256,0.9896057267951748,0.0004544847666943,0.0004382214134533,0.0004731956172762,824,13,1000,20260806
muse,TCFTransformer.encoder_level1.mhca_blks.0.transformer_layers.3.norm1,3,0.9864729423961032,0.985916202788141,0.9869568072173696,0.0005710837981381,0.0005508222912645,0.000595004901956,824,13,1000,20260806
muse,TCFTransformer.encoder_level2.mhca_blks.0.transformer_layers.0.norm1,4,0.9809729288270264,0.9803590563847016,0.9815275186087882,0.0008302941951758,0.000806673206811,0.0008558603022841,824,13,1000,20260806
muse,TCFTransformer.encoder_level2.mhca_blks.0.transformer_layers.1.norm1,5,0.9103033502341252,0.9081958657675266,0.9122790206278129,0.004060331191806,0.0039704176882955,0.004152803361872,824,13,1000,20260806
muse,TCFTransformer.encoder_level2.mhca_blks.0.transformer_layers.2.norm1,6,0.8921171023716774,0.889352249680514,0.8945849607088431,0.0048582303750086,0.004743125720348,0.0049833779627528,824,13,1000,20260806
muse,TCFTransformer.encoder_level2.mhca_blks.0.transformer_layers.3.norm1,7,0.8359928646215022,0.8333299497414965,0.8390178653140773,0.0064720538609897,0.0063449863944658,0.0065817065115687,824,13,1000,20260806
muse,TCFTransformer.latent.mhca_blks.0.transformer_layers.0.norm1,8,0.9367331619878524,0.9356857656233096,0.9378089873153886,0.0027881812131367,0.0027425571498346,0.0028323073057795,824,13,1000,20260806
muse,TCFTransformer.latent.mhca_blks.0.transformer_layers.1.norm1,9,0.9464089440392298,0.945622387604761,0.9472265936235066,0.002435148178698,0.0023985876047948,0.0024703266582615,824,13,1000,20260806
muse,TCFTransformer.latent.mhca_blks.0.transformer_layers.2.norm1,10,0.9397622120799468,0.9388555087179542,0.9406137477632526,0.0027440839873603,0.0027065279758726,0.002782255108954,824,13,1000,20260806
muse,TCFTransformer.latent.mhca_blks.0.transformer_layers.3.norm1,11,0.9224091467023798,0.9211541632752264,0.9236106474376016,0.0035428817325539,0.0034906091850386,0.0035940462267532,824,13,1000,20260806
muse,TCFTransformer.decoder_level2.mhca_blks.0.transformer_layers.0.norm1,12,0.8689402490623737,0.8667288818845821,0.871050456015151,0.0061081555109261,0.0060067749047268,0.0062090739863227,824,13,1000,20260806
muse,TCFTransformer.decoder_level2.mhca_blks.0.transformer_layers.1.norm1,13,0.9180871107732684,0.9169216156612486,0.919223465282507,0.0036938200004388,0.0036400222367389,0.003745338245487,824,13,1000,20260806
muse,TCFTransformer.decoder_level2.mhca_blks.0.transformer_layers.2.norm1,14,0.9209241343857092,0.9197634007441962,0.9220619734085936,0.0034767438451126,0.0034234713401169,0.0035281615757254,824,13,1000,20260806
muse,TCFTransformer.decoder_level2.mhca_blks.0.transformer_layers.3.norm1,15,0.8940585202022879,0.892178595023929,0.8958954900519815,0.0047756334771395,0.0046978797676377,0.0048585056249681,824,13,1000,20260806
muse,TCFTransformer.decoder_level1.mhca_blks.0.transformer_layers.0.norm1,16,0.8650122991750031,0.8627044501889882,0.8672945897392136,0.0063447528170392,0.0062380306678079,0.0064472212235173,824,13,1000,20260806
muse,TCFTransformer.decoder_level1.mhca_blks.0.transformer_layers.1.norm1,17,0.884911226077232,0.882708317049267,0.8870868962389759,0.0053029980785905,0.0052051650158815,0.0053931964283025,824,13,1000,20260806
muse,TCFTransformer.decoder_level1.mhca_blks.0.transformer_layers.2.norm1,18,0.9096543962027605,0.9079445792589358,0.9113841874651222,0.0041682634212591,0.0040936214381722,0.00423927518587,824,13,1000,20260806
muse,TCFTransformer.decoder_level1.mhca_blks.0.transformer_layers.3.norm1,19,0.8905372797297391,0.8884766989371258,0.8926951038223728,0.0049613357188352,0.0048724353039929,0.0050499954232122,824,13,1000,20260806
muse,TCFTransformer.mag_refinement.mhca_blks.0.transformer_layers.0.norm1,20,0.8968733103790648,0.8951546230043502,0.8985877678233394,0.004859774824326,0.0047827308585142,0.0049383469526649,824,13,1000,20260806
muse,TCFTransformer.mag_refinement.mhca_blks.0.transformer_layers.1.norm1,21,0.927949724694008,0.9267523201703972,0.929144579531666,0.0034682888908942,0.0034088809388623,0.0035280493171033,824,13,1000,20260806
muse,TCFTransformer.mag_refinement.mhca_blks.0.transformer_layers.2.norm1,22,0.9187696065509268,0.9174223979429696,0.9200776191883624,0.0038909247087704,0.0038244630878908,0.0039564553972972,824,13,1000,20260806
muse,TCFTransformer.mag_refinement.mhca_blks.0.transformer_layers.3.norm1,23,0.8685885709579166,0.8664889891562765,0.870575235969857,0.006319612165239,0.0062205843744366,0.0064213229315688,824,13,1000,20260806
mpsenet,TSTransformer.0.time_transformer.norm1,0,0.9952582461270784,0.9951813037222836,0.9953339592245508,0.0002017151012143,0.000198767674335,0.0002047579465482,824,13,1000,20260806
mpsenet,TSTransformer.0.freq_transformer.norm1,1,0.9713293192128568,0.970702317747712,0.9718917909211864,0.0013404412392261,0.0013145942619157,0.0013683421279025,824,13,1000,20260806
mpsenet,TSTransformer.1.time_transformer.norm1,2,0.7786188918992659,0.7748617380239716,0.7820576698026158,0.0109149701791105,0.0107348444421839,0.0111046850046948,824,13,1000,20260806
mpsenet,TSTransformer.1.freq_transformer.norm1,3,0.8394052818404832,0.8368470207935427,0.8417157943760029,0.0076477803367948,0.0075363228148264,0.0077655752236598,824,13,1000,20260806
mpsenet,TSTransformer.2.time_transformer.norm1,4,0.8734433390650844,0.8711189326580907,0.8756181817340937,0.0057147887671857,0.0056227149911933,0.0058099353062186,824,13,1000,20260806
mpsenet,TSTransformer.2.freq_transformer.norm1,5,0.8571065275253907,0.8550078204079709,0.8590997670097961,0.0066551683941543,0.0065672111520634,0.0067485161905963,824,13,1000,20260806
mpsenet,TSTransformer.3.time_transformer.norm1,6,0.7728719289133288,0.769721266669304,0.7757706244415249,0.0105126970726748,0.0103930414683896,0.0106379220270587,824,13,1000,20260806
mpsenet,TSTransformer.3.freq_transformer.norm1,7,0.7765171516392164,0.7733864780760024,0.7793480158204557,0.0106308999708504,0.0105135765528239,0.0107595860344553,824,13,1000,20260806
demucs,encoder.0,0,0.5285580416977569,0.5271265908670008,0.5299600235216455,0.0247349106282223,0.0246693734821678,0.0248019786740605,824,13,1000,20260806
demucs,encoder.1,1,0.5557754429420312,0.5538718649373792,0.5577188097463225,0.0228695576163905,0.0227780082419216,0.022959980847092,824,13,1000,20260806
demucs,encoder.2,2,0.6648230324995819,0.6607549012488674,0.6689551711101851,0.0166265212917046,0.0164298360369893,0.0168231202151972,824,13,1000,20260806
demucs,encoder.3,3,0.7172702852007811,0.7130764621363721,0.7215135349828398,0.0133805493922532,0.0131787525992151,0.0135772098608264,824,13,1000,20260806
demucs,encoder.4,4,0.7444470309984157,0.7401426026351478,0.7489888259389219,0.0108116512355562,0.010630916345967,0.0109880255709975,824,13,1000,20260806
demucs,lstm,5,0.8985909664213094,0.8967256489326336,0.9004195984857446,0.0041886405197365,0.0041151804259587,0.0042671215729222,824,13,1000,20260806
demucs,decoder.0,6,0.7262092684772297,0.7216448231033029,0.730762665927403,0.0102631125699541,0.0100970932771306,0.0104242679766955,824,13,1000,20260806
demucs,decoder.1,7,0.6760533095509048,0.6709273205085435,0.6809054279358195,0.0123338277806158,0.0121496107636487,0.0125009209294109,824,13,1000,20260806
demucs,decoder.2,8,0.5651517613995519,0.5591684785285848,0.5708535190249603,0.0173099608244774,0.0170992012162377,0.017504822176867,824,13,1000,20260806
demucs,decoder.3,9,0.3521799347195569,0.3451744270011686,0.358908940275474,0.022180355112303,0.021893828664715,0.0224496218061528,824,13,1000,20260806
demucs,decoder.4,10,0.3954761048165931,0.3908327277641337,0.4001252245947947,0.0266121656817377,0.0264534564084638,0.0267766572482732,824,13,1000,20260806
