scale,arm,model,layer,depth,-5,-2.5,0,2.5,5,7.5,10,12.5,15,17.5,20,22.5,25
824,muse_pre,muse,TCFTransformer.encoder_level1.mhca_blks.0.transformer_layers.0.norm1,0,0.9990398037491492,0.9991212671242871,0.999220717387292,0.999333530172561,0.9994524252501505,0.9995681437907866,0.999673072863551,0.9997612418769632,0.9998309881218428,0.9998835323939046,0.9999216661435886,0.9999484796257853,0.999966887522091
824,muse_pre,muse,TCFTransformer.encoder_level1.mhca_blks.0.transformer_layers.1.norm1,1,0.9930239349892996,0.993406100325214,0.9939814662759744,0.994730276809734,0.9955959138650339,0.9964929493451581,0.9973399697142897,0.9980721390507754,0.9986602717522278,0.9991035583817843,0.9994201621239626,0.9996365322216043,0.9997787403394875
824,muse_pre,muse,TCFTransformer.encoder_level1.mhca_blks.0.transformer_layers.2.norm1,2,0.9881348608911616,0.9888011112230496,0.9897499184006626,0.9909548351342238,0.9923485607632155,0.993811508420023,0.995217104429759,0.9964610547261331,0.9974909098692312,0.9982886321336321,0.9988737327381245,0.9992837386223876,0.9995587742733724
824,muse_pre,muse,TCFTransformer.encoder_level1.mhca_blks.0.transformer_layers.3.norm1,3,0.9840524333194621,0.9851108434998873,0.9865037123555118,0.9881827586918202,0.9900530079904113,0.9919672130091676,0.9937771835952129,0.9953705779991104,0.9966910495630746,0.9977199608116474,0.9984814207820059,0.999021811609708,0.9993895002071139
824,muse_pre,muse,TCFTransformer.encoder_level2.mhca_blks.0.transformer_layers.0.norm1,4,0.9819187965786573,0.9835833432315623,0.9855168874836663,0.987632604840311,0.9898217449199807,0.9919462707146858,0.9938810773410843,0.9955340442148226,0.9968675544539701,0.9978842249194395,0.9986209017269819,0.9991317656867712,0.9994711477924318
824,muse_pre,muse,TCFTransformer.encoder_level2.mhca_blks.0.transformer_layers.1.norm1,5,0.9035997917640556,0.9096525236096197,0.9183268024504764,0.929182618060737,0.9413158273957308,0.9535976035791693,0.964979456220437,0.9747276808017665,0.9825244874485488,0.9883744326175996,0.9925348364323088,0.995356714103407,0.9971952882495899
824,muse_pre,muse,TCFTransformer.encoder_level2.mhca_blks.0.transformer_layers.2.norm1,6,0.870943543126861,0.8782948871116036,0.8887092557202265,0.9019279292775589,0.917142917100087,0.933118906949909,0.9485170576468255,0.9622196162643941,0.9735520768368128,0.9822854811560761,0.988606687656884,0.9929335571608497,0.9957588165419774
824,muse_pre,muse,TCFTransformer.encoder_level2.mhca_blks.0.transformer_layers.3.norm1,7,0.7183579523875875,0.7318328571768062,0.7546879733505758,0.785561008570553,0.8210919656438157,0.8573136663263284,0.8909316180400477,0.9199546609544059,0.9435769354689468,0.9618499988491095,0.9752892619921165,0.9846576628465097,0.9908560460198272
824,muse_pre,muse,TCFTransformer.latent.mhca_blks.0.transformer_layers.0.norm1,8,0.9007850781372451,0.9087195643522207,0.918240790835862,0.9288596972967814,0.9399881394742762,0.9510794144376967,0.9616200280420988,0.9711944666446992,0.9794417141565999,0.9860897049597166,0.991083962419658,0.9945594277196718,0.9968227090621458
824,muse_pre,muse,TCFTransformer.latent.mhca_blks.0.transformer_layers.1.norm1,9,0.874993533315589,0.8833328110934462,0.8941501487950677,0.9070615863481771,0.9213207487053084,0.936012512662457,0.9501403714267953,0.9628791299983136,0.9736485098606175,0.9821669810749951,0.9884769347830883,0.992857343927749,0.9957326721363854
824,muse_pre,muse,TCFTransformer.latent.mhca_blks.0.transformer_layers.2.norm1,10,0.8476815740460331,0.8569231624886827,0.8691535273367919,0.8840517185990092,0.9008622691035271,0.9185664451527363,0.9359352395372483,0.951860497009407,0.9654951087624124,0.9763939977560229,0.9845482823484152,0.9902706202228092,0.9940803409056757
824,muse_pre,muse,TCFTransformer.latent.mhca_blks.0.transformer_layers.3.norm1,11,0.7958836558446722,0.8065504375013334,0.8209937180347234,0.8390040857843983,0.8598590016075708,0.8823578499474571,0.9050182737337733,0.926464142324855,0.9455574629231563,0.9615251618102917,0.9740332392089575,0.9832130893920231,0.9895580516133493
824,muse_pre,muse,TCFTransformer.decoder_level2.mhca_blks.0.transformer_layers.0.norm1,12,0.758364250460296,0.7705688167688916,0.7861030119498378,0.8053905809171571,0.8284969193770468,0.8542799645618907,0.8812661272663515,0.9076925124213534,0.9320437628956675,0.9529122142826469,0.9693407269068134,0.9811721522975894,0.9890338914342296
824,muse_pre,muse,TCFTransformer.decoder_level2.mhca_blks.0.transformer_layers.1.norm1,13,0.8220575232167266,0.8306405529018166,0.8412651171311013,0.854350939740255,0.8702501554512283,0.8883839506113413,0.9078439480616051,0.9273810450602503,0.9457718174289731,0.9618548319611734,0.9747734703340576,0.9842628103002761,0.990689209566533
824,muse_pre,muse,TCFTransformer.decoder_level2.mhca_blks.0.transformer_layers.2.norm1,14,0.813067529487957,0.8212784534808502,0.831653366252346,0.8446981610893045,0.8609023454119858,0.8797389664696259,0.9002672479858677,0.9211727375978405,0.9410837247244364,0.958618415081964,0.9727166542584457,0.9830491476122615,0.9900162126543451
824,muse_pre,muse,TCFTransformer.decoder_level2.mhca_blks.0.transformer_layers.3.norm1,15,0.6512321060324467,0.65777484919261,0.667024833904308,0.6799861796778962,0.6979088133870108,0.7214411906391671,0.7501822137355225,0.7832284438016923,0.8194850961921862,0.8571962592454212,0.8938466266231629,0.9264670467854125,0.9524385028093764
824,muse_pre,muse,TCFTransformer.decoder_level1.mhca_blks.0.transformer_layers.0.norm1,16,0.7019686520208144,0.7120665502815859,0.7251950263615372,0.7422420810076219,0.7641938766591178,0.7905966053382286,0.8203475436901004,0.8515560023269607,0.8824273478131271,0.9112743181077021,0.9366048946976662,0.957303519387847,0.9728914797595404
824,muse_pre,muse,TCFTransformer.decoder_level1.mhca_blks.0.transformer_layers.1.norm1,17,0.8047530463742978,0.8118042244783883,0.8203732450682562,0.8308463010322122,0.8438448886992861,0.8593291392459452,0.8769967261159304,0.8960088809138363,0.915456693510986,0.9343588543459049,0.9517125076460606,0.9665553415718587,0.9782125051305132
824,muse_pre,muse,TCFTransformer.decoder_level1.mhca_blks.0.transformer_layers.2.norm1,18,0.8181158220522032,0.8248191358756672,0.833110878710608,0.8433216102059605,0.855959936007134,0.8708551432033187,0.8875944518927231,0.9053168808806289,0.9231621258033131,0.9402719722789469,0.9558417208854434,0.9691304968688094,0.9796300058225984
824,muse_pre,muse,TCFTransformer.decoder_level1.mhca_blks.0.transformer_layers.3.norm1,19,0.7958682364413461,0.803150590769585,0.8121731800506415,0.8231743282123097,0.8366196319171526,0.8523560272113792,0.8700569172218008,0.8889873161043936,0.9083929276292764,0.9274698650084654,0.9453752998009469,0.9611505941135211,0.973970170290146
824,muse_pre,muse,TCFTransformer.mag_refinement.mhca_blks.0.transformer_layers.0.norm1,20,0.7515361986692669,0.7601304541947773,0.7709949788393327,0.7846791401505471,0.802016399366763,0.8228184832675943,0.8464904887077298,0.8716852310647085,0.8969853695301175,0.9210166569618347,0.9425424948190022,0.960550214104282,0.9744517708577
824,muse_pre,muse,TCFTransformer.mag_refinement.mhca_blks.0.transformer_layers.1.norm1,21,0.8027425748847643,0.8099978732541927,0.8190979041014481,0.8304785751457353,0.8447930514523126,0.8618268889854255,0.8809910614802999,0.9011498004921431,0.9211368874004744,0.9398718739308201,0.9564901307948585,0.9702894371400759,0.9808785158742979
824,muse_pre,muse,TCFTransformer.mag_refinement.mhca_blks.0.transformer_layers.2.norm1,22,0.788367632537791,0.7958269303791153,0.8056894051941854,0.8183317011059488,0.8340677883729194,0.8523609588447127,0.8724445308441097,0.8932693052639081,0.9138423573044897,0.9332817625218225,0.9508853543875286,0.9659138151019522,0.9777670149374934
824,muse_pre,muse,TCFTransformer.mag_refinement.mhca_blks.0.transformer_layers.3.norm1,23,0.7285394478336121,0.7388155886342803,0.7516037192376493,0.7675380037681571,0.7875962680476961,0.8115554009681767,0.838549184213275,0.8669220898625921,0.8949559229091534,0.9210668870835628,0.9439271853097434,0.9625196979751864,0.9764264781498214
824,muse_ft,muse,TCFTransformer.encoder_level1.mhca_blks.0.transformer_layers.0.norm1,0,0.9995890417289964,0.9996272425049717,0.9996737739414845,0.9997260217383069,0.9997802841142543,0.9998318034468345,0.9998770271545475,0.9999135449384022,0.9999411812540397,0.9999610585929121,0.9999748059412809,0.9999840036902613,0.9999900268408858
824,muse_ft,muse,TCFTransformer.encoder_level1.mhca_blks.0.transformer_layers.1.norm1,1,0.9962674162341553,0.9964343563445563,0.9967174232295416,0.9971067481827968,0.9975701136785803,0.9980573344433191,0.9985210460366555,0.9989240765137579,0.9992491343791045,0.9994956122584713,0.9996727120529101,0.9997942481949491,0.999874622020328
824,muse_ft,muse,TCFTransformer.encoder_level1.mhca_blks.0.transformer_layers.2.norm1,2,0.9876502367622645,0.9879009850106193,0.9885470199498158,0.9895983649110331,0.9909875870184991,0.9925670570250854,0.9941716043260491,0.9956434217616192,0.9968884903105718,0.9978706267996899,0.9985990413907662,0.9991111918271167,0.999456318764432
824,muse_ft,muse,TCFTransformer.encoder_level1.mhca_blks.0.transformer_layers.3.norm1,3,0.984438825203377,0.9847988692880835,0.9856389567255974,0.9869705606288123,0.9887161276583533,0.9906883776043225,0.9927044659274297,0.9945487795524226,0.9961058984827069,0.9973332437496741,0.9982436977688548,0.9988845852248877,0.9993167570927768
824,muse_ft,muse,TCFTransformer.encoder_level2.mhca_blks.0.transformer_layers.0.norm1,4,0.9763675852452667,0.9779352385442234,0.9799839663997437,0.9824432588028675,0.9851759787468076,0.9879774823495485,0.9906551303215396,0.9930343848553677,0.9950190245237166,0.9965794743554106,0.9977396078769443,0.9985597722449349,0.9991154158578336
824,muse_ft,muse,TCFTransformer.encoder_level2.mhca_blks.0.transformer_layers.1.norm1,5,0.8921898723805992,0.8951977570224734,0.9024045553022217,0.9139472024099341,0.9286473085145348,0.9443810929661816,0.9591130171730681,0.971481676920525,0.9810146570784374,0.9878738300314227,0.9925369893028898,0.9955580815383531,0.9974405673377722
824,muse_ft,muse,TCFTransformer.encoder_level2.mhca_blks.0.transformer_layers.2.norm1,6,0.8761940297860543,0.8756632240217866,0.8808951098508048,0.8929519844720665,0.9106064552676331,0.9306860834070779,0.9497817038477046,0.9656366062685123,0.9775476932380963,0.9858635283210903,0.9913690798924965,0.9948690783196282,0.9970277028899749
824,muse_ft,muse,TCFTransformer.encoder_level2.mhca_blks.0.transformer_layers.3.norm1,7,0.8372496491207659,0.8294733855764843,0.826875865141165,0.8323283429574041,0.8461836119878638,0.8669388475348648,0.8921396880473905,0.918523992815064,0.9426678500707867,0.9622296970301462,0.9765044395495387,0.9860758850007381,0.9920829871759832
824,muse_ft,muse,TCFTransformer.latent.mhca_blks.0.transformer_layers.0.norm1,8,0.923764889072446,0.9254699528506659,0.9317021360530436,0.9410117829164255,0.9511790969996776,0.9607210791950087,0.9692933829664027,0.9769734951332935,0.9836880688528413,0.9891675213008251,0.9932450028588471,0.9960170234580642,0.9977612318923172
824,muse_ft,muse,TCFTransformer.latent.mhca_blks.0.transformer_layers.1.norm1,9,0.9324083012284585,0.9355285600261781,0.9422619147063459,0.9511042368643492,0.9602575937231768,0.968680618862504,0.9761444829766033,0.982630839958353,0.9880316157074809,0.9922055530750635,0.9951689996910326,0.9971224383532422,0.9983403805679488
824,muse_ft,muse,TCFTransformer.latent.mhca_blks.0.transformer_layers.2.norm1,10,0.9204522955475501,0.9264330928186768,0.9359256456488544,0.9468932781838676,0.9573653812981346,0.9664746708372264,0.9742393936491708,0.98085039421482,0.9863681636823033,0.9907389560226098,0.9939739734223746,0.996220761552019,0.9977036685185525
824,muse_ft,muse,TCFTransformer.latent.mhca_blks.0.transformer_layers.3.norm1,11,0.8942317809873414,0.9026972976124402,0.9169600912089487,0.9333215473346339,0.9481294031137402,0.959943509029532,0.9691135239977281,0.9764197954275077,0.982417188237593,0.9873108964521908,0.9911636963631343,0.994054777905779,0.9961300246923872
824,muse_ft,muse,TCFTransformer.decoder_level2.mhca_blks.0.transformer_layers.0.norm1,12,0.828425407019055,0.8360166641549,0.8561960214839398,0.8828510434303468,0.9090530723188687,0.9313236900903645,0.9491843306179185,0.9632320067546899,0.9741814502813283,0.982552054162743,0.9886694481795274,0.9929048856340567,0.9956933801035279
824,muse_ft,muse,TCFTransformer.decoder_level2.mhca_blks.0.transformer_layers.1.norm1,13,0.8977646354043368,0.9004140030990526,0.9102216466971971,0.92466475555619,0.9398315987106666,0.953277105064068,0.9644362541078364,0.9735904422344513,0.9810789469665694,0.9870432579546299,0.99152990204906,0.9946895877568467,0.9967869045086278
824,muse_ft,muse,TCFTransformer.decoder_level2.mhca_blks.0.transformer_layers.2.norm1,14,0.9003454224866572,0.9049867187310191,0.9153617542924233,0.9286399770419574,0.9418195943664579,0.9533395129934098,0.9631449490062242,0.9716391552131153,0.9790710427662701,0.9853433398801146,0.9902583551348992,0.9938182026003171,0.9962224223660034
824,muse_ft,muse,TCFTransformer.decoder_level2.mhca_blks.0.transformer_layers.3.norm1,15,0.8672506221434445,0.8723081129123864,0.8848196325371567,0.9025609171361599,0.9216266144247889,0.9388646425552738,0.9533321863094579,0.9653271775801204,0.9753040493836681,0.9833323671401126,0.9893238675102447,0.9934487154761564,0.9960942095489178
824,muse_ft,muse,TCFTransformer.decoder_level1.mhca_blks.0.transformer_layers.0.norm1,16,0.8252061712148698,0.8337753974118278,0.8519267840292848,0.8769296097089944,0.9034912591999017,0.9274563462844173,0.9472810514054253,0.9630301790330016,0.9751977479139577,0.9841755889717815,0.9903656488772735,0.9943554898922883,0.9967864815471241
824,muse_ft,muse,TCFTransformer.decoder_level1.mhca_blks.0.transformer_layers.1.norm1,17,0.85583785894571,0.8603164880310448,0.8734680926626168,0.8932455200304106,0.9149883748402874,0.9349945976751523,0.951851482920855,0.9655506259174023,0.9764267597528338,0.9846996010217851,0.9905707249074306,0.9944452255240922,0.9968403369911666
824,muse_ft,muse,TCFTransformer.decoder_level1.mhca_blks.0.transformer_layers.2.norm1,18,0.8854860711300258,0.8893518455688235,0.9005793929244709,0.9170022012973295,0.9345009917483746,0.95013754597856,0.9630035304184099,0.9733012713564252,0.981447196599928,0.9877039958985107,0.9922422151397733,0.9953281204821993,0.9972970168567399
824,muse_ft,muse,TCFTransformer.decoder_level1.mhca_blks.0.transformer_layers.3.norm1,19,0.8628822200434301,0.8679715655961082,0.8807084863770355,0.8990357672994577,0.9188978336823796,0.9370807755485322,0.9524037953285337,0.9649916916506961,0.9752431364748084,0.9833625227936262,0.9894223963028019,0.9936270605881237,0.9963310282496572
824,muse_ft,muse,TCFTransformer.mag_refinement.mhca_blks.0.transformer_layers.0.norm1,20,0.8652590111476705,0.8711714463760551,0.8860240606862364,0.9068283246124832,0.9281448527302557,0.9465211216107156,0.9611722651181869,0.9725263587190109,0.9812079327488409,0.9876455554684389,0.9921877772339339,0.9952394458998755,0.9971956097385258
824,muse_ft,muse,TCFTransformer.mag_refinement.mhca_blks.0.transformer_layers.1.norm1,21,0.904886941134351,0.9082851942447784,0.9192288436501929,0.935048039517935,0.9511786591370128,0.9647363012566149,0.9751754695495356,0.982957359974824,0.9886767983291913,0.9927536641365117,0.9955270648870653,0.9973258786409804,0.9984437623793639
824,muse_ft,muse,TCFTransformer.mag_refinement.mhca_blks.0.transformer_layers.2.norm1,22,0.893444982894416,0.8971988023629467,0.9090705580937053,0.92637550055402,0.9442562038748009,0.9595400643001483,0.97145373905168,0.9803674179518107,0.986908928095137,0.9915583279237007,0.9947307864005126,0.9968062605527997,0.9981135252465322
824,muse_ft,muse,TCFTransformer.mag_refinement.mhca_blks.0.transformer_layers.3.norm1,23,0.827846101881231,0.8335838959778397,0.8525259063081835,0.8805554515383777,0.909805429473664,0.9348373538950114,0.9542914089647311,0.9688063133399464,0.9794251226973766,0.9869457122046971,0.9920236180418903,0.9952784861320431,0.997276203479003
824,mpsenet_pre,mpsenet,TSTransformer.0.time_transformer.norm1,0,0.9826587094554623,0.9841124143125942,0.9859660444618429,0.9881503170699749,0.9904750781441197,0.9927061361884608,0.9946512485881454,0.9962143230062087,0.9973911049151883,0.9982360009429525,0.9988256044034819,0.9992283013694494,0.9994998400940478
824,mpsenet_pre,mpsenet,TSTransformer.0.freq_transformer.norm1,1,0.9084427068679077,0.9165600332675627,0.9271615049648053,0.9395113449941561,0.9523418253486596,0.9643127859362121,0.9744846809257581,0.9824683960491013,0.9883506806440723,0.9924706712943837,0.9952499465311615,0.9970703017798441,0.9982319208169447
824,mpsenet_pre,mpsenet,TSTransformer.1.time_transformer.norm1,2,0.8113945382746679,0.8215378224415686,0.8369001354117995,0.8568707143652786,0.8798543477232016,0.9037061244538687,0.9264364040592341,0.9463940974578117,0.9627099272261546,0.9751989146170106,0.9841907697829227,0.9903129691637836,0.9942694474481841
824,mpsenet_pre,mpsenet,TSTransformer.1.freq_transformer.norm1,3,0.7056789778281474,0.7213074086143554,0.7456751366480462,0.7781602445809007,0.8161336691561832,0.8555637878845039,0.8925681195646814,0.9239369958060458,0.9485008984080796,0.9665081590414047,0.9790110625109627,0.9872878821584784,0.9925313689899676
824,mpsenet_pre,mpsenet,TSTransformer.2.time_transformer.norm1,4,0.8064945352381294,0.8266313236170602,0.8503241482145578,0.8756178015499438,0.9005106498604839,0.9234094006343952,0.9432664863114218,0.9593798180083627,0.9717997240933399,0.9810012663163027,0.9875161012254872,0.992002315862665,0.994982485776966
824,mpsenet_pre,mpsenet,TSTransformer.2.freq_transformer.norm1,5,0.7062023255286864,0.7318335832178013,0.7652372487902063,0.8036861334900254,0.8431802193082653,0.8799566965080002,0.9117927622737236,0.9374966576116756,0.9572116228851301,0.9716303661320973,0.9817174707801597,0.9885276782859876,0.9929692851108255
824,mpsenet_pre,mpsenet,TSTransformer.3.time_transformer.norm1,6,0.6362192315275519,0.6648176310565865,0.7025282992248975,0.7472785349103431,0.7949675449396222,0.8404621290350424,0.8800210536394304,0.9119195973410189,0.9364666568278108,0.9549245386013707,0.9685474186267667,0.9785269972913473,0.9857247512462071
824,mpsenet_pre,mpsenet,TSTransformer.3.freq_transformer.norm1,7,0.4821461996624192,0.5224124157023662,0.5793575486692699,0.6489474733495741,0.7230543748593157,0.7918546535219383,0.8488315717036863,0.8924235181250041,0.9242276767503869,0.9471216257914756,0.9634898566360612,0.9752446816094871,0.9836267101677877
824,mpsenet_ft,mpsenet,TSTransformer.0.time_transformer.norm1,0,0.9942578403550444,0.9945933807677436,0.9950237486113622,0.9955621820341036,0.9961941185796145,0.9968749140217467,0.9975440822614049,0.9981487712813812,0.9986564580965968,0.9990577797866562,0.9993598006014685,0.9995777389667567,0.999729347446011
824,mpsenet_ft,mpsenet,TSTransformer.0.freq_transformer.norm1,1,0.9621584959255838,0.965161072600235,0.9692358134006991,0.9741047378882621,0.9792746725736312,0.9842175575714667,0.9885277743623094,0.9920080238030953,0.9946397480166075,0.9965248673430924,0.9978151798537634,0.9986647740585132,0.9992057934692763
824,mpsenet_ft,mpsenet,TSTransformer.1.time_transformer.norm1,2,0.6831211579873145,0.7162599983290562,0.760774188163211,0.8103363332528513,0.8578828129664208,0.898596066829649,0.9305451409764661,0.9540062180132542,0.9703847790661368,0.9813952772218046,0.9885769411342816,0.993140380315989,0.9959724237183922
824,mpsenet_ft,mpsenet,TSTransformer.1.freq_transformer.norm1,3,0.7909553990780729,0.8025231766613943,0.823994170404175,0.8525987371512986,0.8839263229838853,0.9138515607245917,0.9395038081893643,0.9595649207535298,0.9740894523349781,0.983970815681138,0.9903709923613419,0.9943593194473137,0.996771431938537
824,mpsenet_ft,mpsenet,TSTransformer.2.time_transformer.norm1,4,0.8426926362717035,0.8504974317926804,0.8642746473255666,0.882403009290834,0.9026088995117585,0.9231353454653499,0.9422972718778165,0.9588115209369983,0.9719750502155823,0.9817333438587421,0.9885019917366573,0.9929657883435777,0.9957890109529773
824,mpsenet_ft,mpsenet,TSTransformer.2.freq_transformer.norm1,5,0.8177996237301132,0.8258055979621064,0.8444970978405869,0.8690011650323868,0.8949177777738248,0.9195766489771963,0.9413336779452065,0.9592479182099833,0.972993754732956,0.9828431829086786,0.9894752848350886,0.9937247879586174,0.9963402311634092
824,mpsenet_ft,mpsenet,TSTransformer.3.time_transformer.norm1,6,0.7055721009891589,0.7215227209465597,0.7553592721814091,0.7958589843609958,0.8362395036278418,0.8733638642337717,0.905801900497918,0.9328350459343021,0.9542032907165371,0.9701117135078005,0.9812444747941008,0.9886113162179595,0.9932615073126497
824,mpsenet_ft,mpsenet,TSTransformer.3.freq_transformer.norm1,7,0.701407793525932,0.7197351477823212,0.7577999681813045,0.8022148798681,0.8453772589130308,0.8838243742590969,0.9161882460551355,0.9420402048426924,0.9616047541927366,0.9755888301047307,0.985032436613319,0.9910969978686676,0.9948290753133089
824,demucs_pre,demucs,encoder.0,0,0.2159633485156731,0.31915969018444634,0.443439312447405,0.5757922040497504,0.6994402986743207,0.8010694052119857,0.8756035937412271,0.9254721177868473,0.9566678239882571,0.9753156218713928,0.9861415941738387,0.9923101115429286,0.9957805182025271
824,demucs_pre,demucs,encoder.1,1,0.22943524505877505,0.3329360879645728,0.4561481829370978,0.5861185526312555,0.7067327397577103,0.8055306320413224,0.8779655745162547,0.9265405498951385,0.9570565873992096,0.9753970820203568,0.9861092718191516,0.9922511036100896,0.9957276718853747
824,demucs_pre,demucs,encoder.2,2,0.3808198318699176,0.4676908755114356,0.5648474313210226,0.66393670384745,0.7554742572521701,0.8319407809923575,0.8900837289910872,0.9309020198664619,0.9578570695756708,0.9748976760263582,0.985342487591563,0.9915971523928412,0.9952722165335729
824,demucs_pre,demucs,encoder.3,3,0.5581305446338306,0.6205468384928785,0.689493162568333,0.7589815908265346,0.8224246317177143,0.8749871739774074,0.9150068675285404,0.943581323325634,0.9631562437970661,0.976271448465227,0.9849515381802633,0.9906354982152726,0.9943078464530047
824,demucs_pre,demucs,encoder.4,4,0.6624638787461715,0.6953954663597842,0.7325523634558743,0.7724904224782893,0.8130516505501804,0.8517456059172316,0.8863979623155687,0.9156645153766697,0.9391459030433765,0.9572155191047678,0.9706578639091797,0.9803732868971177,0.987209593613171
824,demucs_pre,demucs,lstm,5,0.8249191548856138,0.8416580627554828,0.8603403696302071,0.8780604465276871,0.8931173897773317,0.9054669153487799,0.9160080391949821,0.9256915962956485,0.9348832455508916,0.9440590706265088,0.9532209284965274,0.9626606173885678,0.9720517363218427
824,demucs_pre,demucs,decoder.0,6,0.6439386574931226,0.6711478476240796,0.7028465070192096,0.7339758464976133,0.7604358384801635,0.7819515247838301,0.7997832170533902,0.8168081159730559,0.8341057366610152,0.853000549335503,0.8749129862678283,0.9000305851035326,0.9260110077493399
824,demucs_pre,demucs,decoder.1,7,0.39539329086710673,0.4168745782461415,0.44433310042379554,0.47305291471822025,0.49772857781770885,0.5199585088302643,0.5405352212000385,0.5642088610552324,0.5940572371634031,0.6331360413068996,0.6847045129797992,0.7479913092245465,0.8158346642315099
824,demucs_pre,demucs,decoder.2,8,0.34544447565641145,0.3771663404824845,0.42647923675627963,0.4856259818175283,0.5392364858109413,0.5878073868698902,0.6327584873053055,0.6789815641044485,0.7267892673032954,0.7758875997868159,0.8256487885942159,0.8725321332499095,0.9126800412330234
824,demucs_pre,demucs,decoder.3,9,0.2550888536134011,0.2886280637356516,0.33798442535448225,0.39422482870467174,0.44218553553936657,0.485399483386608,0.5289097563359091,0.5790210233397728,0.6363565178368765,0.6996589813214157,0.7651289418773745,0.8259642311145814,0.8779732564608883
824,demucs_pre,demucs,decoder.4,10,0.19396780138998826,0.28117663119487235,0.38702995867355094,0.4986173444252615,0.5979780096387789,0.6814980913742245,0.7515884540615554,0.8119685377346949,0.8618973452380849,0.9017244235512991,0.932876050226318,0.9564643381941088,0.9732336399045963
824,demucs_ft,demucs,encoder.0,0,0.24541019528236205,0.3603796213702524,0.49414593405225904,0.629303912934169,0.747597488934554,0.8385521785148139,0.9015494728985342,0.9419647576884159,0.9665708626213583,0.9810494130965576,0.9893844045047621,0.9941141855080151,0.9967704963336871
824,demucs_ft,demucs,encoder.1,1,0.3107384075058027,0.4109222073831315,0.5249584771620417,0.6407553488479077,0.7452040441695926,0.8294761274046111,0.8912493988871575,0.9332048091205579,0.9601214091031296,0.9766967838684332,0.9866112637722376,0.9924184925926541,0.9957664785599246
824,demucs_ft,demucs,encoder.2,2,0.5001972545951027,0.5686588643968684,0.6445758136296735,0.7216601470286407,0.7928162207013195,0.852661734009252,0.8990351671154059,0.9327168924715913,0.9560676601326582,0.9717614704544104,0.982094727094891,0.988800056900793,0.9931011818855712
824,demucs_ft,demucs,encoder.3,3,0.5884122500395023,0.6428526130043766,0.702556059863961,0.7627729979750602,0.8182728715023948,0.8651442853354135,0.901892632188149,0.9292273255372511,0.9489965396598705,0.9631802023469823,0.9734129231820986,0.980879471979095,0.9863849559889256
824,demucs_ft,demucs,encoder.4,4,0.6645408046115371,0.6977431691314989,0.7343543004931756,0.7727891018379082,0.8109847492457015,0.8467562989630166,0.878378401190332,0.9050254751611682,0.9267006618305317,0.9439364028208463,0.9575089627243941,0.9681459812863359,0.9764617543052702
824,demucs_ft,demucs,lstm,5,0.8631636534211704,0.8804489996537421,0.8977433373048468,0.9136315176932557,0.927269868972232,0.9387895638502918,0.9488095046391765,0.9578944930029147,0.9663683091263169,0.9741639263421586,0.9809893668276591,0.9864245394769223,0.9905087507320839
824,demucs_ft,demucs,decoder.0,6,0.6716245644373223,0.698650801811114,0.725370061947304,0.7522536649214989,0.7785174436577894,0.8035745162553001,0.8287403383662979,0.855804299657206,0.8844521941418207,0.9127477801974537,0.9371829481524172,0.9561546245246257,0.9698518862278717
824,demucs_ft,demucs,decoder.1,7,0.6099452895700064,0.6425364948483635,0.675763030914427,0.7087811605480401,0.7398201902731529,0.7687954682965301,0.7978687304677893,0.8301285124881175,0.8656491904221114,0.9008331002251616,0.9303317151385025,0.9530022632728503,0.968635489176778
824,demucs_ft,demucs,decoder.2,8,0.4499180235411719,0.504674986228166,0.5624403419479439,0.6179869769593177,0.6671273994503669,0.7102094699402602,0.7514064760426584,0.7951499829177283,0.8401010162097591,0.8817010103788191,0.9156111626985294,0.9414436366011216,0.9594973224604014
824,demucs_ft,demucs,decoder.3,9,0.25094274945005557,0.29735418998215857,0.35372780215710586,0.41261090537322936,0.4655281376943571,0.5120828011841739,0.5578365001022743,0.6118962666065006,0.6766739691824661,0.7466975212766274,0.8102310999938585,0.863109382451738,0.9030939904990994
824,demucs_ft,demucs,decoder.4,10,0.17876605198466347,0.27237317613111267,0.37645022413868273,0.4779180038897112,0.5723803890193134,0.6571803561291991,0.7288686101974747,0.7891991863863103,0.8404896760328889,0.883305204377139,0.9174770629847223,0.9436865431988991,0.9626764167715045
