model,speaker,layer,depth,auc,c_low,n_utts
muse,p232,TCFTransformer.encoder_level1.mhca_blks.0.transformer_layers.0.norm1,0,0.9996804120444059,0.9992393161200994,393
muse,p232,TCFTransformer.encoder_level1.mhca_blks.0.transformer_layers.1.norm1,1,0.9968688185648256,0.9930079572983374,393
muse,p232,TCFTransformer.encoder_level1.mhca_blks.0.transformer_layers.2.norm1,2,0.9942577752220721,0.9877161615070807,393
muse,p232,TCFTransformer.encoder_level1.mhca_blks.0.transformer_layers.3.norm1,3,0.9920956178324218,0.9824476273611908,393
muse,p232,TCFTransformer.encoder_level2.mhca_blks.0.transformer_layers.0.norm1,4,0.991839471804428,0.9807185924386859,393
muse,p232,TCFTransformer.encoder_level2.mhca_blks.0.transformer_layers.1.norm1,5,0.9584336765369592,0.9035512795278445,393
muse,p232,TCFTransformer.encoder_level2.mhca_blks.0.transformer_layers.2.norm1,6,0.9435435741090792,0.8746010958996739,393
muse,p232,TCFTransformer.encoder_level2.mhca_blks.0.transformer_layers.3.norm1,7,0.8668406773071052,0.7043229097021753,393
muse,p232,TCFTransformer.latent.mhca_blks.0.transformer_layers.0.norm1,8,0.9563862265230642,0.8990718097177166,393
muse,p232,TCFTransformer.latent.mhca_blks.0.transformer_layers.1.norm1,9,0.9428374412822665,0.8713943035547972,393
muse,p232,TCFTransformer.latent.mhca_blks.0.transformer_layers.2.norm1,10,0.9288261673415585,0.8459254063116076,393
muse,p232,TCFTransformer.latent.mhca_blks.0.transformer_layers.3.norm1,11,0.8882857442736322,0.7742818543322515,393
muse,p232,TCFTransformer.decoder_level2.mhca_blks.0.transformer_layers.0.norm1,12,0.8532372313661404,0.7025991047535832,393
muse,p232,TCFTransformer.decoder_level2.mhca_blks.0.transformer_layers.1.norm1,13,0.8814224696335043,0.7671759728408648,393
muse,p232,TCFTransformer.decoder_level2.mhca_blks.0.transformer_layers.2.norm1,14,0.8774029509553826,0.7632283725962998,393
muse,p232,TCFTransformer.decoder_level2.mhca_blks.0.transformer_layers.3.norm1,15,0.7361634944130346,0.5969000627521344,393
muse,p232,TCFTransformer.decoder_level1.mhca_blks.0.transformer_layers.0.norm1,16,0.7961249061813537,0.6372912385688179,393
muse,p232,TCFTransformer.decoder_level1.mhca_blks.0.transformer_layers.1.norm1,17,0.8661388714185602,0.7687034120693155,393
muse,p232,TCFTransformer.decoder_level1.mhca_blks.0.transformer_layers.2.norm1,18,0.8783479532705615,0.7833836351338838,393
muse,p232,TCFTransformer.decoder_level1.mhca_blks.0.transformer_layers.3.norm1,19,0.8618201502052982,0.764335529949829,393
muse,p232,TCFTransformer.mag_refinement.mhca_blks.0.transformer_layers.0.norm1,20,0.8327419000585344,0.7082025513318352,393
muse,p232,TCFTransformer.mag_refinement.mhca_blks.0.transformer_layers.1.norm1,21,0.863888160292884,0.7598495214950045,393
muse,p232,TCFTransformer.mag_refinement.mhca_blks.0.transformer_layers.2.norm1,22,0.8563495992666283,0.7498649345099471,393
muse,p232,TCFTransformer.mag_refinement.mhca_blks.0.transformer_layers.3.norm1,23,0.8229479136759064,0.6853900416434268,393
muse,p257,TCFTransformer.encoder_level1.mhca_blks.0.transformer_layers.0.norm1,0,0.9995296174359249,0.9988579154844354,431
muse,p257,TCFTransformer.encoder_level1.mhca_blks.0.transformer_layers.1.norm1,1,0.9969350261471112,0.9930388965628818,431
muse,p257,TCFTransformer.encoder_level1.mhca_blks.0.transformer_layers.2.norm1,2,0.9949002573991227,0.9885149798647714,431
muse,p257,TCFTransformer.encoder_level1.mhca_blks.0.transformer_layers.3.norm1,3,0.9936017594488203,0.9855146528120108,431
muse,p257,TCFTransformer.encoder_level2.mhca_blks.0.transformer_layers.0.norm1,4,0.993281718884571,0.9830153562076684,431
muse,p257,TCFTransformer.encoder_level2.mhca_blks.0.transformer_layers.1.norm1,5,0.9583753743424307,0.9035935270537362,431
muse,p257,TCFTransformer.encoder_level2.mhca_blks.0.transformer_layers.2.norm1,6,0.9400407768837813,0.8675610259348177,431
muse,p257,TCFTransformer.encoder_level2.mhca_blks.0.transformer_layers.3.norm1,7,0.8794423480102562,0.731097173663137,431
muse,p257,TCFTransformer.latent.mhca_blks.0.transformer_layers.0.norm1,8,0.9568980355792419,0.9024063735163133,431
muse,p257,TCFTransformer.latent.mhca_blks.0.transformer_layers.1.norm1,9,0.9449847718056835,0.8783200007580272,431
muse,p257,TCFTransformer.latent.mhca_blks.0.transformer_layers.2.norm1,10,0.9302762179402818,0.8493102698757597,431
muse,p257,TCFTransformer.latent.mhca_blks.0.transformer_layers.3.norm1,11,0.9102672451996149,0.8156112219369054,431
muse,p257,TCFTransformer.decoder_level2.mhca_blks.0.transformer_layers.0.norm1,12,0.9017725623360414,0.8093679183458787,431
muse,p257,TCFTransformer.decoder_level2.mhca_blks.0.transformer_layers.1.norm1,13,0.9318374444326503,0.8722054143792789,431
muse,p257,TCFTransformer.decoder_level2.mhca_blks.0.transformer_layers.2.norm1,14,0.923310413804519,0.8585836393097437,431
muse,p257,TCFTransformer.decoder_level2.mhca_blks.0.transformer_layers.3.norm1,15,0.8034944022133407,0.7008337169194164,431
muse,p257,TCFTransformer.decoder_level1.mhca_blks.0.transformer_layers.0.norm1,16,0.8562770027119868,0.7608844349320691,431
muse,p257,TCFTransformer.decoder_level1.mhca_blks.0.transformer_layers.1.norm1,17,0.8987849600883945,0.83757404268756,431
muse,p257,TCFTransformer.decoder_level1.mhca_blks.0.transformer_layers.2.norm1,18,0.9051021329032896,0.8497495265543591,431
muse,p257,TCFTransformer.decoder_level1.mhca_blks.0.transformer_layers.3.norm1,19,0.8891859376190802,0.8245725645543248,431
muse,p257,TCFTransformer.mag_refinement.mhca_blks.0.transformer_layers.0.norm1,20,0.8725594717049819,0.7910267430502415,431
muse,p257,TCFTransformer.mag_refinement.mhca_blks.0.transformer_layers.1.norm1,21,0.9055076914321565,0.841845229537747,431
muse,p257,TCFTransformer.mag_refinement.mhca_blks.0.transformer_layers.2.norm1,22,0.8950001369311842,0.8234337071808203,431
muse,p257,TCFTransformer.mag_refinement.mhca_blks.0.transformer_layers.3.norm1,23,0.8647163061259425,0.7678820827720894,431
mpsenet,p232,TSTransformer.0.time_transformer.norm1,0,0.9933646060418938,0.9833646423944085,393
mpsenet,p232,TSTransformer.0.freq_transformer.norm1,1,0.9664616208899517,0.9105217461974267,393
mpsenet,p232,TSTransformer.1.time_transformer.norm1,2,0.9155260046411615,0.8116219700141108,393
mpsenet,p232,TSTransformer.1.freq_transformer.norm1,3,0.8633534453881938,0.6827331738390083,393
mpsenet,p232,TSTransformer.2.time_transformer.norm1,4,0.9240355746044863,0.8023227860302725,393
mpsenet,p232,TSTransformer.2.freq_transformer.norm1,5,0.8784104315139055,0.6828111152005861,393
mpsenet,p232,TSTransformer.3.time_transformer.norm1,6,0.840599893730851,0.6073380488703267,393
mpsenet,p232,TSTransformer.3.freq_transformer.norm1,7,0.7876258099083555,0.4460310193418545,393
mpsenet,p257,TSTransformer.0.time_transformer.norm1,0,0.9928320609223261,0.9820142131670453,431
mpsenet,p257,TSTransformer.0.freq_transformer.norm1,1,0.9641888165188128,0.9065302665991459,431
mpsenet,p257,TSTransformer.1.time_transformer.norm1,2,0.915619804986161,0.8111719003409629,431
mpsenet,p257,TSTransformer.1.freq_transformer.norm1,3,0.8798411820363327,0.7265889576443942,431
mpsenet,p257,TSTransformer.2.time_transformer.norm1,4,0.9278188984509782,0.8102955763411911,431
mpsenet,p257,TSTransformer.2.freq_transformer.norm1,5,0.8912981434256325,0.727526787469669,431
mpsenet,p257,TSTransformer.3.time_transformer.norm1,6,0.857204348492535,0.6625877641331573,431
mpsenet,p257,TSTransformer.3.freq_transformer.norm1,7,0.8033217755374654,0.5152496753982212,431
demucs,p232,encoder.0,0,0.7887159006132965,0.24706215014818683,393
demucs,p232,encoder.1,1,0.7937093995388302,0.3110095803746738,393
demucs,p232,encoder.2,2,0.8318232572886326,0.48397514451551094,393
demucs,p232,encoder.3,3,0.8602567811661653,0.595228541564699,393
demucs,p232,encoder.4,4,0.8603999856432885,0.6749041662871381,393
demucs,p232,lstm,5,0.947670554468903,0.8762703001347507,393
demucs,p232,decoder.0,6,0.841786835710435,0.6959320773756839,393
demucs,p232,decoder.1,7,0.8173429550181214,0.6344267607948557,393
demucs,p232,decoder.2,8,0.7278336133119081,0.42641390737610646,393
demucs,p232,decoder.3,9,0.5862713102156895,0.26284817893522544,393
demucs,p232,decoder.4,10,0.6771528902983032,0.18589424558381754,393
demucs,p257,encoder.0,0,0.7888929520282042,0.24390380738298723,431
demucs,p257,encoder.1,1,0.7969527830919346,0.31049113048893107,431
demucs,p257,encoder.2,2,0.8438708796088813,0.5149891418398393,431
demucs,p257,encoder.3,3,0.8528479185497007,0.5821940835487537,431
demucs,p257,encoder.4,4,0.8505242321349259,0.6550886289426177,431
demucs,p257,lstm,5,0.9360904633353498,0.8512070037372707,431
demucs,p257,decoder.0,6,0.8183265090023283,0.6494548808947519,431
demucs,p257,decoder.1,7,0.7846212705376874,0.5876114610245496,431
demucs,p257,decoder.2,8,0.7530779529442146,0.471322565897435,431
demucs,p257,decoder.3,9,0.5622675948012176,0.24001732454581184,431
demucs,p257,decoder.4,10,0.6618978768006242,0.17225249093156275,431
