dataset,statistic,n,pearson,spearman,med_rel_wide_ref,med_rel_narrow_ref
824 (muse_pre) cross-sweep,Normalized AUC,72,0.9966373903804838,0.9971702360280407,0.017305995260889818,0.017610941718528693
824 (muse_pre) cross-sweep,c_low,72,0.9962488573406818,0.9938259695157247,0.025827253274648826,0.025347601428344094
824 (muse_pre) cross-sweep,Intercept alpha,72,0.9993613115340537,0.9991639333719211,0.027611197945928076,0.028395235203573826
824 (muse_pre) cross-sweep,Slope beta,72,0.9906915799079552,0.9895491671490131,0.715211240662992,0.4169792549654032
824 (muse_pre) cross-sweep,Sigmoid midpoint,72,0.9804571671687801,0.9749823139751754,0.08366406872920676,0.08153191094263075
824 (muse_pre) cross-sweep,Sigmoid slope,72,-0.0262135091737643,0.70924175188115,0.06814660182961693,0.07313521016672367
824 (muse_pre) cross-sweep,c_high,72,0.2303559208336982,0.16175323800923763,0.011446385971949037,0.011578974073915761
824 (muse_ft) cross-sweep,Normalized AUC,72,0.9867499360274554,0.9899350440542802,0.0025483444515951924,0.002554855111464161
824 (muse_ft) cross-sweep,c_low,72,0.9696221386220217,0.9733744935365619,0.011724727621589645,0.011837755103924322
824 (muse_ft) cross-sweep,Intercept alpha,72,0.9855325217371393,0.9840182648401828,0.012260041823866943,0.012412235169902964
824 (muse_ft) cross-sweep,Slope beta,72,0.9804161858259884,0.9789053958453923,0.9168809158479839,0.47831769008703545
824 (muse_ft) cross-sweep,Sigmoid midpoint,71,0.8791192579699392,0.8803152246814216,0.18810692420707073,0.23168928251217996
824 (muse_ft) cross-sweep,Sigmoid slope,71,0.5322883796846066,0.8228370221327966,0.14434269685595982,0.16869218123375426
824 (muse_ft) cross-sweep,c_high,72,0.13430335950998076,0.08938017526679874,0.00333684261606271,0.003348015307558061
