model_name,layer,c_low,c_high
Demucs,decoder.0,0.5565595694501134,0.8501739217746026
Demucs,decoder.0.0,0.6089140484489284,0.9419562681641394
Demucs,decoder.0.2,0.5624352685600809,0.834165748093024
Demucs,decoder.0.3,0.5565595694501134,0.8501739217746026
Demucs,decoder.1,0.5568375301918069,0.8641472721056452
Demucs,decoder.1.0,0.4761312726677115,0.7326928826356397
Demucs,decoder.1.2,0.5168906640094135,0.8027149407247316
Demucs,decoder.1.3,0.5568375301918069,0.8641472721056452
Demucs,decoder.2,0.45567761275293395,0.7116748867032019
Demucs,decoder.2.0,0.5012758997748199,0.8829378609156724
Demucs,decoder.2.2,0.47981904003705866,0.7312026997178215
Demucs,decoder.2.3,0.45567761275293395,0.7116748867032019
Demucs,decoder.3,0.41539966993483723,0.5866317378241768
Demucs,decoder.3.0,0.5637271766130387,0.8358503859815667
Demucs,decoder.3.2,0.43191108015632634,0.6036179924338549
Demucs,decoder.3.3,0.41539966993483723,0.5866317378241768
Demucs,decoder.4,0.39975564269873415,0.9948071065747622
Demucs,decoder.4.0,0.4392301051634154,0.6242915180032549
Demucs,decoder.4.2,0.39975564269873415,0.9948071065747622
Demucs,encoder.0,0.08851906882002226,0.9990488919673615
Demucs,encoder.0.0,0.09071603341986542,0.9991749293740513
Demucs,encoder.0.1,0.07646459888449861,0.9990397340030346
Demucs,encoder.0.2,0.04255082949123445,0.999583641172034
Demucs,encoder.1,0.08483870922614938,0.9988573979550195
Demucs,encoder.1.0,0.06263549083174721,0.9993984888045533
Demucs,encoder.1.1,0.08045006148896894,0.9987971266062514
Demucs,encoder.1.2,0.19674292676347463,0.9985403848215214
Demucs,encoder.2,0.053020324724391825,0.993627208442364
Demucs,encoder.2.0,0.07822924729942986,0.9965749579002556
Demucs,encoder.2.1,0.08513420798445066,0.9970799463755876
Demucs,encoder.2.2,0.239854216830606,0.9950025750595389
Demucs,encoder.3,0.05741148909680473,0.987334214874263
Demucs,encoder.3.0,0.05995517800770049,0.9949335035189841
Demucs,encoder.3.1,0.07714908992039782,0.9906000213715637
Demucs,encoder.3.2,0.12771656408598556,0.9867878258806988
Demucs,encoder.4,0.1580436066181842,0.9302937156511742
Demucs,encoder.4.0,0.12784147579222918,0.9751687027007631
Demucs,encoder.4.1,0.12833247598965913,0.9473544834452925
Demucs,encoder.4.2,0.30978006503535704,0.968103310798557
Demucs,lstm,0.6918908327890253,0.9304683395959799
MP-SENet,TSTransformer.0.freq_transformer.attention,0.7659495581845636,0.9948388043682552
MP-SENet,TSTransformer.0.freq_transformer.ffn,0.8933236181591321,0.9956035574229019
MP-SENet,TSTransformer.0.freq_transformer.ffn.gru,0.5514649215760161,0.9803085589727152
MP-SENet,TSTransformer.0.freq_transformer.ffn.linear,0.8933236181591321,0.9956035574229019
MP-SENet,TSTransformer.0.freq_transformer.norm1,0.35099589067683057,0.9879742887124274
MP-SENet,TSTransformer.0.freq_transformer.norm2,0.5939450028958251,0.9939073323769477
MP-SENet,TSTransformer.0.freq_transformer.norm3,0.3040141243975863,0.9685284992589533
MP-SENet,TSTransformer.0.time_transformer.attention,0.9941447521297677,0.9997378175698438
MP-SENet,TSTransformer.0.time_transformer.ffn,0.9269240066843125,0.9987844175939421
MP-SENet,TSTransformer.0.time_transformer.ffn.gru,0.7924596298377491,0.9953933266470734
MP-SENet,TSTransformer.0.time_transformer.ffn.linear,0.9269240066843125,0.9987844175939421
MP-SENet,TSTransformer.0.time_transformer.norm1,0.9033231458762317,0.9947697039223412
MP-SENet,TSTransformer.0.time_transformer.norm2,0.971878693014094,0.9988368106119841
MP-SENet,TSTransformer.0.time_transformer.norm3,0.6768507305134848,0.9947920372619212
MP-SENet,TSTransformer.1.freq_transformer.attention,0.6107170551219612,0.9380225103312325
MP-SENet,TSTransformer.1.freq_transformer.ffn,0.920043726713912,0.9966399719558873
MP-SENet,TSTransformer.1.freq_transformer.ffn.gru,0.6605685086215584,0.9858860519615192
MP-SENet,TSTransformer.1.freq_transformer.ffn.linear,0.920043726713912,0.9966399719558873
MP-SENet,TSTransformer.1.freq_transformer.norm1,0.21213060191886735,0.9325145685123009
MP-SENet,TSTransformer.1.freq_transformer.norm2,0.26302732335385476,0.964626953917221
MP-SENet,TSTransformer.1.freq_transformer.norm3,0.45525535185215543,0.9769514354687293
MP-SENet,TSTransformer.1.time_transformer.attention,0.6093470787213555,0.9755762743573745
MP-SENet,TSTransformer.1.time_transformer.ffn,0.948496548050237,0.9862818910224924
MP-SENet,TSTransformer.1.time_transformer.ffn.gru,0.5795736577253319,0.8799475248866868
MP-SENet,TSTransformer.1.time_transformer.ffn.linear,0.948496548050237,0.9862818910224924
MP-SENet,TSTransformer.1.time_transformer.norm1,0.36076694747921334,0.9729369945317796
MP-SENet,TSTransformer.1.time_transformer.norm2,0.4906437402934704,0.9847386356406999
MP-SENet,TSTransformer.1.time_transformer.norm3,0.7362036470866319,0.9291917635688504
MP-SENet,TSTransformer.2.freq_transformer.attention,0.35306321384692657,0.9549160784164679
MP-SENet,TSTransformer.2.freq_transformer.ffn,0.8032594272957265,0.9906480715691465
MP-SENet,TSTransformer.2.freq_transformer.ffn.gru,0.38329119477601886,0.9619937457795282
MP-SENet,TSTransformer.2.freq_transformer.ffn.linear,0.8032594272957265,0.9906480715691465
MP-SENet,TSTransformer.2.freq_transformer.norm1,0.2671897328576272,0.9669025068144197
MP-SENet,TSTransformer.2.freq_transformer.norm2,0.14180932537318,0.9659766983349346
MP-SENet,TSTransformer.2.freq_transformer.norm3,0.2099884211827178,0.9515909763360486
MP-SENet,TSTransformer.2.time_transformer.attention,0.47986129076373807,0.954769473515668
MP-SENet,TSTransformer.2.time_transformer.ffn,0.8502035665859297,0.9949908311939933
MP-SENet,TSTransformer.2.time_transformer.ffn.gru,0.6902827979653205,0.9854024719121387
MP-SENet,TSTransformer.2.time_transformer.ffn.linear,0.8502035665859297,0.9949908311939933
MP-SENet,TSTransformer.2.time_transformer.norm1,0.32655732196945586,0.9558819053531851
MP-SENet,TSTransformer.2.time_transformer.norm2,0.3969442830285401,0.9698795259722228
MP-SENet,TSTransformer.2.time_transformer.norm3,0.46439798336873933,0.978263421255408
MP-SENet,TSTransformer.3.freq_transformer.attention,0.2528073528817701,0.9265614369540539
MP-SENet,TSTransformer.3.freq_transformer.ffn,0.3436022424084831,0.9558928913283117
MP-SENet,TSTransformer.3.freq_transformer.ffn.gru,0.39976571262678473,0.9706746681222638
MP-SENet,TSTransformer.3.freq_transformer.ffn.linear,0.3436022424084831,0.9558928913283117
MP-SENet,TSTransformer.3.freq_transformer.norm1,0.10163735310655557,0.9523329385565322
MP-SENet,TSTransformer.3.freq_transformer.norm2,0.1381876628583713,0.9482833136632605
MP-SENet,TSTransformer.3.freq_transformer.norm3,0.5291929780713562,0.9696690222013344
MP-SENet,TSTransformer.3.time_transformer.attention,0.621379363905747,0.9523926609928168
MP-SENet,TSTransformer.3.time_transformer.ffn,0.6354492010349787,0.981935051893725
MP-SENet,TSTransformer.3.time_transformer.ffn.gru,0.4137241098957444,0.9625142882749872
MP-SENet,TSTransformer.3.time_transformer.ffn.linear,0.6354492010349787,0.981935051893725
MP-SENet,TSTransformer.3.time_transformer.norm1,0.21586250967879608,0.9584228959766407
MP-SENet,TSTransformer.3.time_transformer.norm2,0.21266918603547857,0.9616721300679503
MP-SENet,TSTransformer.3.time_transformer.norm3,0.32848771375974695,0.9596021519991959
MUSE,TCFTransformer.decoder_level1.mhca_blks.0.transformer_layers.0.ffn.project_out,0.3870345331005101,0.8305811418925674
MUSE,TCFTransformer.decoder_level1.mhca_blks.0.transformer_layers.0.norm1,0.10642079058627697,0.8983580803625213
MUSE,TCFTransformer.decoder_level1.mhca_blks.0.transformer_layers.0.norm2,0.12843837513660705,0.8703903387110788
MUSE,TCFTransformer.decoder_level1.mhca_blks.0.transformer_layers.1.ffn.project_out,0.5352323763072491,0.9283741219240484
MUSE,TCFTransformer.decoder_level1.mhca_blks.0.transformer_layers.1.norm1,0.32925229872604017,0.910448040502164
MUSE,TCFTransformer.decoder_level1.mhca_blks.0.transformer_layers.1.norm2,0.2738036423198228,0.8718886548020307
MUSE,TCFTransformer.decoder_level1.mhca_blks.0.transformer_layers.2.ffn.project_out,0.13679031964337218,0.84814800207042
MUSE,TCFTransformer.decoder_level1.mhca_blks.0.transformer_layers.2.norm1,0.3753381002983711,0.9131011394621099
MUSE,TCFTransformer.decoder_level1.mhca_blks.0.transformer_layers.2.norm2,0.285918381289371,0.8866419462035003
MUSE,TCFTransformer.decoder_level1.mhca_blks.0.transformer_layers.3.ffn.project_out,0.36758395220397166,0.7043001961433193
MUSE,TCFTransformer.decoder_level1.mhca_blks.0.transformer_layers.3.norm1,0.33524605920809564,0.8868238615468867
MUSE,TCFTransformer.decoder_level1.mhca_blks.0.transformer_layers.3.norm2,0.43925977435360836,0.9179873684222258
MUSE,TCFTransformer.decoder_level2.mhca_blks.0.transformer_layers.0.ffn.project_out,0.49619252647011025,0.9791301896994554
MUSE,TCFTransformer.decoder_level2.mhca_blks.0.transformer_layers.0.norm1,0.18485154484407704,0.9759940460396623
MUSE,TCFTransformer.decoder_level2.mhca_blks.0.transformer_layers.0.norm2,0.18196915421472157,0.972442518738867
MUSE,TCFTransformer.decoder_level2.mhca_blks.0.transformer_layers.1.ffn.project_out,0.4598445620568632,0.9747077075891124
MUSE,TCFTransformer.decoder_level2.mhca_blks.0.transformer_layers.1.norm1,0.3977654696415061,0.9777196955912322
MUSE,TCFTransformer.decoder_level2.mhca_blks.0.transformer_layers.1.norm2,0.1756503289258017,0.9653330371434827
MUSE,TCFTransformer.decoder_level2.mhca_blks.0.transformer_layers.2.ffn.project_out,0.21575834481316863,0.6741646931515736
MUSE,TCFTransformer.decoder_level2.mhca_blks.0.transformer_layers.2.norm1,0.4363643875001993,0.9774231625558103
MUSE,TCFTransformer.decoder_level2.mhca_blks.0.transformer_layers.2.norm2,0.2249927192890239,0.8101914460002219
MUSE,TCFTransformer.decoder_level2.mhca_blks.0.transformer_layers.3.ffn.project_out,0.14419948833732352,0.8093839600609923
MUSE,TCFTransformer.decoder_level2.mhca_blks.0.transformer_layers.3.norm1,0.20099117861861743,0.819325840270635
MUSE,TCFTransformer.decoder_level2.mhca_blks.0.transformer_layers.3.norm2,0.09276882306835388,0.6752441659497405
MUSE,TCFTransformer.encoder_level1.mhca_blks.0.transformer_layers.0.ffn.project_out,0.6733496633692853,0.9873703632684587
MUSE,TCFTransformer.encoder_level1.mhca_blks.0.transformer_layers.0.norm1,0.9955847284458216,0.9998387054332252
MUSE,TCFTransformer.encoder_level1.mhca_blks.0.transformer_layers.0.norm2,0.9858531959861228,0.9997749301704388
MUSE,TCFTransformer.encoder_level1.mhca_blks.0.transformer_layers.1.ffn.project_out,0.7214473276245362,0.9898178130677603
MUSE,TCFTransformer.encoder_level1.mhca_blks.0.transformer_layers.1.norm1,0.9024332761619855,0.9983841012548474
MUSE,TCFTransformer.encoder_level1.mhca_blks.0.transformer_layers.1.norm2,0.5798098516985051,0.9937402136840867
MUSE,TCFTransformer.encoder_level1.mhca_blks.0.transformer_layers.2.ffn.project_out,0.6378600109621738,0.9839413818803806
MUSE,TCFTransformer.encoder_level1.mhca_blks.0.transformer_layers.2.norm1,0.6458697311073831,0.9923277478628946
MUSE,TCFTransformer.encoder_level1.mhca_blks.0.transformer_layers.2.norm2,0.6147729086355098,0.992073990419073
MUSE,TCFTransformer.encoder_level1.mhca_blks.0.transformer_layers.3.ffn.project_out,0.6907127244452249,0.9903506875472161
MUSE,TCFTransformer.encoder_level1.mhca_blks.0.transformer_layers.3.norm1,0.5786394348494637,0.9882503179236524
MUSE,TCFTransformer.encoder_level1.mhca_blks.0.transformer_layers.3.norm2,0.5478482477041413,0.9847932793272351
MUSE,TCFTransformer.encoder_level2.mhca_blks.0.transformer_layers.0.ffn.project_out,0.3793383986481185,0.9641583290782947
MUSE,TCFTransformer.encoder_level2.mhca_blks.0.transformer_layers.0.norm1,0.7243626638523584,0.9954296334854608
MUSE,TCFTransformer.encoder_level2.mhca_blks.0.transformer_layers.0.norm2,0.7119071372938388,0.9918070918148004
MUSE,TCFTransformer.encoder_level2.mhca_blks.0.transformer_layers.1.ffn.project_out,0.4570355021548503,0.9790539446386318
MUSE,TCFTransformer.encoder_level2.mhca_blks.0.transformer_layers.1.norm1,0.4309125186568036,0.9720861054305892
MUSE,TCFTransformer.encoder_level2.mhca_blks.0.transformer_layers.1.norm2,0.423796959239447,0.9654224679886716
MUSE,TCFTransformer.encoder_level2.mhca_blks.0.transformer_layers.2.ffn.project_out,0.30213277333786764,0.9563542991153244
MUSE,TCFTransformer.encoder_level2.mhca_blks.0.transformer_layers.2.norm1,0.3693424664455855,0.9683702347782052
MUSE,TCFTransformer.encoder_level2.mhca_blks.0.transformer_layers.2.norm2,0.3003280563587413,0.9603142871295364
MUSE,TCFTransformer.encoder_level2.mhca_blks.0.transformer_layers.3.ffn.project_out,0.6109529035328661,0.9807926078950896
MUSE,TCFTransformer.encoder_level2.mhca_blks.0.transformer_layers.3.norm1,0.20430435688478998,0.9587615030410799
MUSE,TCFTransformer.encoder_level2.mhca_blks.0.transformer_layers.3.norm2,0.18551082673383135,0.9554567775824695
MUSE,TCFTransformer.latent.mhca_blks.0.transformer_layers.0.ffn.project_out,0.7133423128174347,0.9767861447577337
MUSE,TCFTransformer.latent.mhca_blks.0.transformer_layers.0.norm1,0.5353818405094077,0.9875857472853753
MUSE,TCFTransformer.latent.mhca_blks.0.transformer_layers.0.norm2,0.4404805359331149,0.976154101690621
MUSE,TCFTransformer.latent.mhca_blks.0.transformer_layers.1.ffn.project_out,0.5225930224850919,0.963998749996852
MUSE,TCFTransformer.latent.mhca_blks.0.transformer_layers.1.norm1,0.6244554186257922,0.984937576616852
MUSE,TCFTransformer.latent.mhca_blks.0.transformer_layers.1.norm2,0.46301761169022726,0.9748154668408691
MUSE,TCFTransformer.latent.mhca_blks.0.transformer_layers.2.ffn.project_out,0.2426678993422719,0.9575474129429141
MUSE,TCFTransformer.latent.mhca_blks.0.transformer_layers.2.norm1,0.5240440365469572,0.9774453853519217
MUSE,TCFTransformer.latent.mhca_blks.0.transformer_layers.2.norm2,0.3552407837572318,0.9599021791109761
MUSE,TCFTransformer.latent.mhca_blks.0.transformer_layers.3.ffn.project_out,0.26983735855777286,0.9363891528286401
MUSE,TCFTransformer.latent.mhca_blks.0.transformer_layers.3.norm1,0.3946561303893918,0.9650282011882773
MUSE,TCFTransformer.latent.mhca_blks.0.transformer_layers.3.norm2,0.2265603248888934,0.9694412661553586
MUSE,TCFTransformer.mag_refinement.mhca_blks.0.transformer_layers.0.ffn.project_out,0.5415980971192272,0.9507062949167872
MUSE,TCFTransformer.mag_refinement.mhca_blks.0.transformer_layers.0.norm1,0.10635034206585543,0.8890279881583835
MUSE,TCFTransformer.mag_refinement.mhca_blks.0.transformer_layers.0.norm2,0.09474172713913168,0.9140431771868641
MUSE,TCFTransformer.mag_refinement.mhca_blks.0.transformer_layers.1.ffn.project_out,0.22160201383917366,0.9008567278607956
MUSE,TCFTransformer.mag_refinement.mhca_blks.0.transformer_layers.1.norm1,0.27111645199864814,0.9280096071582397
MUSE,TCFTransformer.mag_refinement.mhca_blks.0.transformer_layers.1.norm2,0.1710139216629119,0.9329232947123283
MUSE,TCFTransformer.mag_refinement.mhca_blks.0.transformer_layers.2.ffn.project_out,0.2206429619324005,0.7546344803230276
MUSE,TCFTransformer.mag_refinement.mhca_blks.0.transformer_layers.2.norm1,0.29315415194023003,0.9233821962137245
MUSE,TCFTransformer.mag_refinement.mhca_blks.0.transformer_layers.2.norm2,0.16763041115555805,0.9251587262720737
MUSE,TCFTransformer.mag_refinement.mhca_blks.0.transformer_layers.3.ffn.project_out,0.14650503654548339,0.8349055500719154
MUSE,TCFTransformer.mag_refinement.mhca_blks.0.transformer_layers.3.norm1,0.16979381516304554,0.9339432197577745
MUSE,TCFTransformer.mag_refinement.mhca_blks.0.transformer_layers.3.norm2,0.18251234544983622,0.9231099849621069
