layer_idx,layer,block,pearson,spearman,n
0,TCFTransformer.encoder_level1.mhca_blks.0.transformer_layers.0.norm1,Enc-L1,0.3086388042050552,0.2589442160882709,159900
1,TCFTransformer.encoder_level1.mhca_blks.0.transformer_layers.1.norm1,Enc-L1,0.1122310433574647,0.0425098018968834,159900
2,TCFTransformer.encoder_level1.mhca_blks.0.transformer_layers.2.norm1,Enc-L1,-0.0114736675168445,-0.090883349501228,159900
3,TCFTransformer.encoder_level1.mhca_blks.0.transformer_layers.3.norm1,Enc-L1,-0.0009374776842343,-0.0835091166690744,159900
4,TCFTransformer.encoder_level2.mhca_blks.0.transformer_layers.0.norm1,Enc-L2,-0.0011937911347626,-0.0769088326275437,159900
5,TCFTransformer.encoder_level2.mhca_blks.0.transformer_layers.1.norm1,Enc-L2,0.1374359554490494,0.0987618789524252,159900
6,TCFTransformer.encoder_level2.mhca_blks.0.transformer_layers.2.norm1,Enc-L2,0.1091043679792627,0.0765590728515741,159900
7,TCFTransformer.encoder_level2.mhca_blks.0.transformer_layers.3.norm1,Enc-L2,0.0464684380839763,0.0019852855863514,159900
8,TCFTransformer.latent.mhca_blks.0.transformer_layers.0.norm1,Latent,0.0619381571175381,-0.0200467967969187,159900
9,TCFTransformer.latent.mhca_blks.0.transformer_layers.1.norm1,Latent,0.1281031496133114,0.0517938005699105,159900
10,TCFTransformer.latent.mhca_blks.0.transformer_layers.2.norm1,Latent,0.1082428699041538,0.0614153604644051,159900
11,TCFTransformer.latent.mhca_blks.0.transformer_layers.3.norm1,Latent,0.1498050444566623,0.0853133491994549,159900
12,TCFTransformer.decoder_level2.mhca_blks.0.transformer_layers.0.norm1,Dec-L2,0.0361196742420403,-0.0114759869620736,159900
13,TCFTransformer.decoder_level2.mhca_blks.0.transformer_layers.1.norm1,Dec-L2,-0.0283918921393569,-0.0835748483889082,159900
14,TCFTransformer.decoder_level2.mhca_blks.0.transformer_layers.2.norm1,Dec-L2,-0.0561562233046369,-0.1013420417902164,159900
15,TCFTransformer.decoder_level2.mhca_blks.0.transformer_layers.3.norm1,Dec-L2,-0.2903772423643668,-0.286495572059261,159900
16,TCFTransformer.decoder_level1.mhca_blks.0.transformer_layers.0.norm1,Dec-L1,-0.256039987315102,-0.2829518022900172,159900
17,TCFTransformer.decoder_level1.mhca_blks.0.transformer_layers.1.norm1,Dec-L1,-0.2499040204845734,-0.2780953563449066,159900
18,TCFTransformer.decoder_level1.mhca_blks.0.transformer_layers.2.norm1,Dec-L1,-0.2208553883769387,-0.2474569359869332,159900
19,TCFTransformer.decoder_level1.mhca_blks.0.transformer_layers.3.norm1,Dec-L1,-0.2513976519949313,-0.2759170671347629,159900
20,TCFTransformer.mag_refinement.mhca_blks.0.transformer_layers.0.norm1,Refinement,-0.2359611715325215,-0.2617160602186268,159900
21,TCFTransformer.mag_refinement.mhca_blks.0.transformer_layers.1.norm1,Refinement,-0.1909438019158662,-0.2142212337515937,159900
22,TCFTransformer.mag_refinement.mhca_blks.0.transformer_layers.2.norm1,Refinement,-0.1282176046980327,-0.1465966537433309,159900
23,TCFTransformer.mag_refinement.mhca_blks.0.transformer_layers.3.norm1,Refinement,-0.1853270346300557,-0.1976291847839257,159900
