metric,layer_idx,layer,block,pearson,spearman,n
PESQ,0,TCFTransformer.encoder_level1.mhca_blks.0.transformer_layers.0.norm1,Enc-L1,0.3086388042050552,0.25894421608827095,159900
PESQ,1,TCFTransformer.encoder_level1.mhca_blks.0.transformer_layers.1.norm1,Enc-L1,0.1122310433574647,0.042509801896883435,159900
PESQ,2,TCFTransformer.encoder_level1.mhca_blks.0.transformer_layers.2.norm1,Enc-L1,-0.01147366751684456,-0.09088334950122803,159900
PESQ,3,TCFTransformer.encoder_level1.mhca_blks.0.transformer_layers.3.norm1,Enc-L1,-0.0009374776842343813,-0.08350911666907447,159900
PESQ,4,TCFTransformer.encoder_level2.mhca_blks.0.transformer_layers.0.norm1,Enc-L2,-0.001193791134762606,-0.07690883262754375,159900
PESQ,5,TCFTransformer.encoder_level2.mhca_blks.0.transformer_layers.1.norm1,Enc-L2,0.13743595544904946,0.09876187895242527,159900
PESQ,6,TCFTransformer.encoder_level2.mhca_blks.0.transformer_layers.2.norm1,Enc-L2,0.10910436797926279,0.07655907285157418,159900
PESQ,7,TCFTransformer.encoder_level2.mhca_blks.0.transformer_layers.3.norm1,Enc-L2,0.0464684380839763,0.00198528558635146,159900
PESQ,8,TCFTransformer.latent.mhca_blks.0.transformer_layers.0.norm1,Latent,0.061938157117538195,-0.02004679679691873,159900
PESQ,9,TCFTransformer.latent.mhca_blks.0.transformer_layers.1.norm1,Latent,0.12810314961331148,0.051793800569910564,159900
PESQ,10,TCFTransformer.latent.mhca_blks.0.transformer_layers.2.norm1,Latent,0.10824286990415388,0.061415360464405176,159900
PESQ,11,TCFTransformer.latent.mhca_blks.0.transformer_layers.3.norm1,Latent,0.14980504445666237,0.08531334919945499,159900
PESQ,12,TCFTransformer.decoder_level2.mhca_blks.0.transformer_layers.0.norm1,Dec-L2,0.03611967424204038,-0.011475986962073678,159900
PESQ,13,TCFTransformer.decoder_level2.mhca_blks.0.transformer_layers.1.norm1,Dec-L2,-0.028391892139356972,-0.08357484838890822,159900
PESQ,14,TCFTransformer.decoder_level2.mhca_blks.0.transformer_layers.2.norm1,Dec-L2,-0.05615622330463691,-0.10134204179021641,159900
PESQ,15,TCFTransformer.decoder_level2.mhca_blks.0.transformer_layers.3.norm1,Dec-L2,-0.2903772423643668,-0.28649557205926107,159900
PESQ,16,TCFTransformer.decoder_level1.mhca_blks.0.transformer_layers.0.norm1,Dec-L1,-0.256039987315102,-0.2829518022900172,159900
PESQ,17,TCFTransformer.decoder_level1.mhca_blks.0.transformer_layers.1.norm1,Dec-L1,-0.2499040204845734,-0.2780953563449066,159900
PESQ,18,TCFTransformer.decoder_level1.mhca_blks.0.transformer_layers.2.norm1,Dec-L1,-0.22085538837693874,-0.24745693598693325,159900
PESQ,19,TCFTransformer.decoder_level1.mhca_blks.0.transformer_layers.3.norm1,Dec-L1,-0.25139765199493136,-0.2759170671347629,159900
PESQ,20,TCFTransformer.mag_refinement.mhca_blks.0.transformer_layers.0.norm1,Refinement,-0.2359611715325215,-0.26171606021862687,159900
PESQ,21,TCFTransformer.mag_refinement.mhca_blks.0.transformer_layers.1.norm1,Refinement,-0.19094380191586624,-0.21422123375159377,159900
PESQ,22,TCFTransformer.mag_refinement.mhca_blks.0.transformer_layers.2.norm1,Refinement,-0.12821760469803273,-0.1465966537433309,159900
PESQ,23,TCFTransformer.mag_refinement.mhca_blks.0.transformer_layers.3.norm1,Refinement,-0.18532703463005573,-0.19762918478392574,159900
STOI,0,TCFTransformer.encoder_level1.mhca_blks.0.transformer_layers.0.norm1,Enc-L1,-0.5364191259895814,-0.5668496600448615,159900
STOI,1,TCFTransformer.encoder_level1.mhca_blks.0.transformer_layers.1.norm1,Enc-L1,-0.35382672467143406,-0.3587108698372353,159900
STOI,2,TCFTransformer.encoder_level1.mhca_blks.0.transformer_layers.2.norm1,Enc-L1,-0.15927892791295178,-0.1933355428726337,159900
STOI,3,TCFTransformer.encoder_level1.mhca_blks.0.transformer_layers.3.norm1,Enc-L1,-0.17304287056089357,-0.20625161889100554,159900
STOI,4,TCFTransformer.encoder_level2.mhca_blks.0.transformer_layers.0.norm1,Enc-L2,-0.16355968522616277,-0.2135915832908352,159900
STOI,5,TCFTransformer.encoder_level2.mhca_blks.0.transformer_layers.1.norm1,Enc-L2,-0.43051865170620296,-0.4164447151493188,159900
STOI,6,TCFTransformer.encoder_level2.mhca_blks.0.transformer_layers.2.norm1,Enc-L2,-0.4123150342110772,-0.3946978828811907,159900
STOI,7,TCFTransformer.encoder_level2.mhca_blks.0.transformer_layers.3.norm1,Enc-L2,-0.28604019869519587,-0.2787028678887738,159900
STOI,8,TCFTransformer.latent.mhca_blks.0.transformer_layers.0.norm1,Latent,-0.21316365503731943,-0.2347119413921334,159900
STOI,9,TCFTransformer.latent.mhca_blks.0.transformer_layers.1.norm1,Latent,-0.48023232168541213,-0.4714385206976576,159900
STOI,10,TCFTransformer.latent.mhca_blks.0.transformer_layers.2.norm1,Latent,-0.49022704459791927,-0.47919427400188197,159900
STOI,11,TCFTransformer.latent.mhca_blks.0.transformer_layers.3.norm1,Latent,-0.5252217492127176,-0.5357995665756944,159900
STOI,12,TCFTransformer.decoder_level2.mhca_blks.0.transformer_layers.0.norm1,Dec-L2,-0.46652272125246785,-0.45865480080314935,159900
STOI,13,TCFTransformer.decoder_level2.mhca_blks.0.transformer_layers.1.norm1,Dec-L2,-0.40199640263652914,-0.4044450745512333,159900
STOI,14,TCFTransformer.decoder_level2.mhca_blks.0.transformer_layers.2.norm1,Dec-L2,-0.34834988901383634,-0.36100925017380203,159900
STOI,15,TCFTransformer.decoder_level2.mhca_blks.0.transformer_layers.3.norm1,Dec-L2,-0.07205242836297897,-0.16118829752446884,159900
STOI,16,TCFTransformer.decoder_level1.mhca_blks.0.transformer_layers.0.norm1,Dec-L1,-0.15341468441466344,-0.24590235606788977,159900
STOI,17,TCFTransformer.decoder_level1.mhca_blks.0.transformer_layers.1.norm1,Dec-L1,-0.10130088999581893,-0.19865879602829578,159900
STOI,18,TCFTransformer.decoder_level1.mhca_blks.0.transformer_layers.2.norm1,Dec-L1,-0.13823169189054266,-0.22302981507434075,159900
STOI,19,TCFTransformer.decoder_level1.mhca_blks.0.transformer_layers.3.norm1,Dec-L1,-0.028687245322183023,-0.14066784845690816,159900
STOI,20,TCFTransformer.mag_refinement.mhca_blks.0.transformer_layers.0.norm1,Refinement,-0.14999670365597376,-0.25489954759827965,159900
STOI,21,TCFTransformer.mag_refinement.mhca_blks.0.transformer_layers.1.norm1,Refinement,-0.18425643926429408,-0.27484235145247554,159900
STOI,22,TCFTransformer.mag_refinement.mhca_blks.0.transformer_layers.2.norm1,Refinement,-0.29891104749053277,-0.36694246249536333,159900
STOI,23,TCFTransformer.mag_refinement.mhca_blks.0.transformer_layers.3.norm1,Refinement,-0.23148711618305448,-0.3154082936680021,159900
SI-SDR,0,TCFTransformer.encoder_level1.mhca_blks.0.transformer_layers.0.norm1,Enc-L1,0.3861690707619674,0.4202581944665928,159900
SI-SDR,1,TCFTransformer.encoder_level1.mhca_blks.0.transformer_layers.1.norm1,Enc-L1,0.4930886055099859,0.5376387790977054,159900
SI-SDR,2,TCFTransformer.encoder_level1.mhca_blks.0.transformer_layers.2.norm1,Enc-L1,0.4323734977768337,0.49932920733890773,159900
SI-SDR,3,TCFTransformer.encoder_level1.mhca_blks.0.transformer_layers.3.norm1,Enc-L1,0.44196420506470696,0.5002935591443742,159900
SI-SDR,4,TCFTransformer.encoder_level2.mhca_blks.0.transformer_layers.0.norm1,Enc-L2,0.31815232208317445,0.38435180465103214,159900
SI-SDR,5,TCFTransformer.encoder_level2.mhca_blks.0.transformer_layers.1.norm1,Enc-L2,0.41650815331882124,0.4182254656435294,159900
SI-SDR,6,TCFTransformer.encoder_level2.mhca_blks.0.transformer_layers.2.norm1,Enc-L2,0.40770864851509436,0.38633803257302474,159900
SI-SDR,7,TCFTransformer.encoder_level2.mhca_blks.0.transformer_layers.3.norm1,Enc-L2,0.33174112800022687,0.33066429909949085,159900
SI-SDR,8,TCFTransformer.latent.mhca_blks.0.transformer_layers.0.norm1,Latent,0.4785015368361404,0.49857954472348376,159900
SI-SDR,9,TCFTransformer.latent.mhca_blks.0.transformer_layers.1.norm1,Latent,0.582270832776575,0.6107725346513896,159900
SI-SDR,10,TCFTransformer.latent.mhca_blks.0.transformer_layers.2.norm1,Latent,0.5283457948528393,0.5724053741237164,159900
SI-SDR,11,TCFTransformer.latent.mhca_blks.0.transformer_layers.3.norm1,Latent,0.5772446385702288,0.6296537514891215,159900
SI-SDR,12,TCFTransformer.decoder_level2.mhca_blks.0.transformer_layers.0.norm1,Dec-L2,0.47469239490656223,0.5273850836586548,159900
SI-SDR,13,TCFTransformer.decoder_level2.mhca_blks.0.transformer_layers.1.norm1,Dec-L2,0.44089060952203596,0.496054912935788,159900
SI-SDR,14,TCFTransformer.decoder_level2.mhca_blks.0.transformer_layers.2.norm1,Dec-L2,0.4243914051160098,0.4838556917238434,159900
SI-SDR,15,TCFTransformer.decoder_level2.mhca_blks.0.transformer_layers.3.norm1,Dec-L2,0.2888035875790734,0.379691453481566,159900
SI-SDR,16,TCFTransformer.decoder_level1.mhca_blks.0.transformer_layers.0.norm1,Dec-L1,0.31378377856302786,0.4330082946708652,159900
SI-SDR,17,TCFTransformer.decoder_level1.mhca_blks.0.transformer_layers.1.norm1,Dec-L1,0.2993450766535112,0.41270997878612353,159900
SI-SDR,18,TCFTransformer.decoder_level1.mhca_blks.0.transformer_layers.2.norm1,Dec-L1,0.32108591888572535,0.4254231493262516,159900
SI-SDR,19,TCFTransformer.decoder_level1.mhca_blks.0.transformer_layers.3.norm1,Dec-L1,0.2872932269865624,0.4012085509125241,159900
SI-SDR,20,TCFTransformer.mag_refinement.mhca_blks.0.transformer_layers.0.norm1,Refinement,0.31947459935135725,0.4487102974454559,159900
SI-SDR,21,TCFTransformer.mag_refinement.mhca_blks.0.transformer_layers.1.norm1,Refinement,0.34692745794175606,0.4677912831853981,159900
SI-SDR,22,TCFTransformer.mag_refinement.mhca_blks.0.transformer_layers.2.norm1,Refinement,0.34822130194522116,0.45913886379058094,159900
SI-SDR,23,TCFTransformer.mag_refinement.mhca_blks.0.transformer_layers.3.norm1,Refinement,0.3253869580952297,0.4392385087657552,159900
DNSMOS-OVRL,0,TCFTransformer.encoder_level1.mhca_blks.0.transformer_layers.0.norm1,Enc-L1,-0.3798730785343153,-0.4438576397898277,159900
DNSMOS-OVRL,1,TCFTransformer.encoder_level1.mhca_blks.0.transformer_layers.1.norm1,Enc-L1,-0.49907988130044467,-0.5311245289938222,159900
DNSMOS-OVRL,2,TCFTransformer.encoder_level1.mhca_blks.0.transformer_layers.2.norm1,Enc-L1,-0.4886825119222138,-0.5311323302784016,159900
DNSMOS-OVRL,3,TCFTransformer.encoder_level1.mhca_blks.0.transformer_layers.3.norm1,Enc-L1,-0.4953081012278942,-0.5331289849199284,159900
DNSMOS-OVRL,4,TCFTransformer.encoder_level2.mhca_blks.0.transformer_layers.0.norm1,Enc-L2,-0.36643912469152967,-0.41207297407367044,159900
DNSMOS-OVRL,5,TCFTransformer.encoder_level2.mhca_blks.0.transformer_layers.1.norm1,Enc-L2,-0.3996829942144319,-0.3948111562102189,159900
DNSMOS-OVRL,6,TCFTransformer.encoder_level2.mhca_blks.0.transformer_layers.2.norm1,Enc-L2,-0.3820169780212513,-0.3601173651120082,159900
DNSMOS-OVRL,7,TCFTransformer.encoder_level2.mhca_blks.0.transformer_layers.3.norm1,Enc-L2,-0.28379420088851476,-0.28817490046309696,159900
DNSMOS-OVRL,8,TCFTransformer.latent.mhca_blks.0.transformer_layers.0.norm1,Latent,-0.49261973968563516,-0.5049259134836142,159900
DNSMOS-OVRL,9,TCFTransformer.latent.mhca_blks.0.transformer_layers.1.norm1,Latent,-0.5644256991276275,-0.5975368406768584,159900
DNSMOS-OVRL,10,TCFTransformer.latent.mhca_blks.0.transformer_layers.2.norm1,Latent,-0.5091492823802712,-0.5519204975534814,159900
DNSMOS-OVRL,11,TCFTransformer.latent.mhca_blks.0.transformer_layers.3.norm1,Latent,-0.5723322416762677,-0.6279527883012704,159900
DNSMOS-OVRL,12,TCFTransformer.decoder_level2.mhca_blks.0.transformer_layers.0.norm1,Dec-L2,-0.5288236233768457,-0.5566347796356297,159900
DNSMOS-OVRL,13,TCFTransformer.decoder_level2.mhca_blks.0.transformer_layers.1.norm1,Dec-L2,-0.5057948934454259,-0.5397980094936561,159900
DNSMOS-OVRL,14,TCFTransformer.decoder_level2.mhca_blks.0.transformer_layers.2.norm1,Dec-L2,-0.46178303375120683,-0.5055574027452258,159900
DNSMOS-OVRL,15,TCFTransformer.decoder_level2.mhca_blks.0.transformer_layers.3.norm1,Dec-L2,-0.278543474323228,-0.39020911629541727,159900
DNSMOS-OVRL,16,TCFTransformer.decoder_level1.mhca_blks.0.transformer_layers.0.norm1,Dec-L1,-0.34249348063724994,-0.45765332908211526,159900
DNSMOS-OVRL,17,TCFTransformer.decoder_level1.mhca_blks.0.transformer_layers.1.norm1,Dec-L1,-0.34675675073396534,-0.45477573335084176,159900
DNSMOS-OVRL,18,TCFTransformer.decoder_level1.mhca_blks.0.transformer_layers.2.norm1,Dec-L1,-0.3614280933237733,-0.45894615016823576,159900
DNSMOS-OVRL,19,TCFTransformer.decoder_level1.mhca_blks.0.transformer_layers.3.norm1,Dec-L1,-0.3237469291033511,-0.4347671831668634,159900
DNSMOS-OVRL,20,TCFTransformer.mag_refinement.mhca_blks.0.transformer_layers.0.norm1,Refinement,-0.35620868528284044,-0.48094526165562,159900
DNSMOS-OVRL,21,TCFTransformer.mag_refinement.mhca_blks.0.transformer_layers.1.norm1,Refinement,-0.3802233808793364,-0.4901256186921713,159900
DNSMOS-OVRL,22,TCFTransformer.mag_refinement.mhca_blks.0.transformer_layers.2.norm1,Refinement,-0.37843205106281724,-0.478346262360953,159900
DNSMOS-OVRL,23,TCFTransformer.mag_refinement.mhca_blks.0.transformer_layers.3.norm1,Refinement,-0.3386001755291058,-0.44315014099984334,159900
DNSMOS-SIG,0,TCFTransformer.encoder_level1.mhca_blks.0.transformer_layers.0.norm1,Enc-L1,-0.28794806678550644,-0.27326130471568094,159900
DNSMOS-SIG,1,TCFTransformer.encoder_level1.mhca_blks.0.transformer_layers.1.norm1,Enc-L1,-0.4030261678505669,-0.32989063185946516,159900
DNSMOS-SIG,2,TCFTransformer.encoder_level1.mhca_blks.0.transformer_layers.2.norm1,Enc-L1,-0.3970476814353696,-0.3366848942333223,159900
DNSMOS-SIG,3,TCFTransformer.encoder_level1.mhca_blks.0.transformer_layers.3.norm1,Enc-L1,-0.3939888853184921,-0.3274104988043186,159900
DNSMOS-SIG,4,TCFTransformer.encoder_level2.mhca_blks.0.transformer_layers.0.norm1,Enc-L2,-0.30058115027706245,-0.23557647517153565,159900
DNSMOS-SIG,5,TCFTransformer.encoder_level2.mhca_blks.0.transformer_layers.1.norm1,Enc-L2,-0.2532243832110179,-0.16165447936429342,159900
DNSMOS-SIG,6,TCFTransformer.encoder_level2.mhca_blks.0.transformer_layers.2.norm1,Enc-L2,-0.22545010361724174,-0.11940881338121166,159900
DNSMOS-SIG,7,TCFTransformer.encoder_level2.mhca_blks.0.transformer_layers.3.norm1,Enc-L2,-0.11799290451072636,-0.034379456067451374,159900
DNSMOS-SIG,8,TCFTransformer.latent.mhca_blks.0.transformer_layers.0.norm1,Latent,-0.37479941771186276,-0.28095198763293466,159900
DNSMOS-SIG,9,TCFTransformer.latent.mhca_blks.0.transformer_layers.1.norm1,Latent,-0.4306023260684678,-0.32747050014361523,159900
DNSMOS-SIG,10,TCFTransformer.latent.mhca_blks.0.transformer_layers.2.norm1,Latent,-0.37151155248569867,-0.29063358123505506,159900
DNSMOS-SIG,11,TCFTransformer.latent.mhca_blks.0.transformer_layers.3.norm1,Latent,-0.4318452755813297,-0.3511278002769245,159900
DNSMOS-SIG,12,TCFTransformer.decoder_level2.mhca_blks.0.transformer_layers.0.norm1,Dec-L2,-0.37077276235226836,-0.29040844290510703,159900
DNSMOS-SIG,13,TCFTransformer.decoder_level2.mhca_blks.0.transformer_layers.1.norm1,Dec-L2,-0.3450326801833258,-0.26576227663134344,159900
DNSMOS-SIG,14,TCFTransformer.decoder_level2.mhca_blks.0.transformer_layers.2.norm1,Dec-L2,-0.2991716586573023,-0.22502887549515918,159900
DNSMOS-SIG,15,TCFTransformer.decoder_level2.mhca_blks.0.transformer_layers.3.norm1,Dec-L2,-0.1401426954740634,-0.10864912113293738,159900
DNSMOS-SIG,16,TCFTransformer.decoder_level1.mhca_blks.0.transformer_layers.0.norm1,Dec-L1,-0.19639519074740283,-0.165173006536833,159900
DNSMOS-SIG,17,TCFTransformer.decoder_level1.mhca_blks.0.transformer_layers.1.norm1,Dec-L1,-0.2135263122318321,-0.18150600858663382,159900
DNSMOS-SIG,18,TCFTransformer.decoder_level1.mhca_blks.0.transformer_layers.2.norm1,Dec-L1,-0.22653966691748473,-0.18906833532200856,159900
DNSMOS-SIG,19,TCFTransformer.decoder_level1.mhca_blks.0.transformer_layers.3.norm1,Dec-L1,-0.2018959402464749,-0.17242656657289268,159900
DNSMOS-SIG,20,TCFTransformer.mag_refinement.mhca_blks.0.transformer_layers.0.norm1,Refinement,-0.21541879891886212,-0.19272514503785612,159900
DNSMOS-SIG,21,TCFTransformer.mag_refinement.mhca_blks.0.transformer_layers.1.norm1,Refinement,-0.24425926240254064,-0.21425381531520626,159900
DNSMOS-SIG,22,TCFTransformer.mag_refinement.mhca_blks.0.transformer_layers.2.norm1,Refinement,-0.24179148812950385,-0.21267625500959583,159900
DNSMOS-SIG,23,TCFTransformer.mag_refinement.mhca_blks.0.transformer_layers.3.norm1,Refinement,-0.19706291375459242,-0.16663545487427564,159900
DNSMOS-BAK,0,TCFTransformer.encoder_level1.mhca_blks.0.transformer_layers.0.norm1,Enc-L1,-0.47972724720926696,-0.5349280011751487,159900
DNSMOS-BAK,1,TCFTransformer.encoder_level1.mhca_blks.0.transformer_layers.1.norm1,Enc-L1,-0.5615115009392395,-0.5880444383054582,159900
DNSMOS-BAK,2,TCFTransformer.encoder_level1.mhca_blks.0.transformer_layers.2.norm1,Enc-L1,-0.5167585361699099,-0.5651947233199018,159900
DNSMOS-BAK,3,TCFTransformer.encoder_level1.mhca_blks.0.transformer_layers.3.norm1,Enc-L1,-0.5302161106582407,-0.571481430385637,159900
DNSMOS-BAK,4,TCFTransformer.encoder_level2.mhca_blks.0.transformer_layers.0.norm1,Enc-L2,-0.38830366030412744,-0.44467965840162643,159900
DNSMOS-BAK,5,TCFTransformer.encoder_level2.mhca_blks.0.transformer_layers.1.norm1,Enc-L2,-0.500653532702946,-0.4786727407518457,159900
DNSMOS-BAK,6,TCFTransformer.encoder_level2.mhca_blks.0.transformer_layers.2.norm1,Enc-L2,-0.4907733599048592,-0.4488392544994931,159900
DNSMOS-BAK,7,TCFTransformer.encoder_level2.mhca_blks.0.transformer_layers.3.norm1,Enc-L2,-0.38753995685431997,-0.36403023261978223,159900
DNSMOS-BAK,8,TCFTransformer.latent.mhca_blks.0.transformer_layers.0.norm1,Latent,-0.5454580424274369,-0.5546884535061692,159900
DNSMOS-BAK,9,TCFTransformer.latent.mhca_blks.0.transformer_layers.1.norm1,Latent,-0.6604833664258107,-0.6811884596431775,159900
DNSMOS-BAK,10,TCFTransformer.latent.mhca_blks.0.transformer_layers.2.norm1,Latent,-0.6038636218692381,-0.6314968330332894,159900
DNSMOS-BAK,11,TCFTransformer.latent.mhca_blks.0.transformer_layers.3.norm1,Latent,-0.6654296525701539,-0.7138805354444779,159900
DNSMOS-BAK,12,TCFTransformer.decoder_level2.mhca_blks.0.transformer_layers.0.norm1,Dec-L2,-0.6121856858587299,-0.6276997230715429,159900
DNSMOS-BAK,13,TCFTransformer.decoder_level2.mhca_blks.0.transformer_layers.1.norm1,Dec-L2,-0.5853959951622235,-0.6091019013139337,159900
DNSMOS-BAK,14,TCFTransformer.decoder_level2.mhca_blks.0.transformer_layers.2.norm1,Dec-L2,-0.5399347956657334,-0.5727516519353576,159900
DNSMOS-BAK,15,TCFTransformer.decoder_level2.mhca_blks.0.transformer_layers.3.norm1,Dec-L2,-0.3398362785833438,-0.4492321410321162,159900
DNSMOS-BAK,16,TCFTransformer.decoder_level1.mhca_blks.0.transformer_layers.0.norm1,Dec-L1,-0.40189066631937637,-0.5225320942613418,159900
DNSMOS-BAK,17,TCFTransformer.decoder_level1.mhca_blks.0.transformer_layers.1.norm1,Dec-L1,-0.39583226426899837,-0.5135086778092668,159900
DNSMOS-BAK,18,TCFTransformer.decoder_level1.mhca_blks.0.transformer_layers.2.norm1,Dec-L1,-0.4158415559579972,-0.5203340685460066,159900
DNSMOS-BAK,19,TCFTransformer.decoder_level1.mhca_blks.0.transformer_layers.3.norm1,Dec-L1,-0.36468672461912954,-0.488970651273507,159900
DNSMOS-BAK,20,TCFTransformer.mag_refinement.mhca_blks.0.transformer_layers.0.norm1,Refinement,-0.4110360163734844,-0.5444381532562781,159900
DNSMOS-BAK,21,TCFTransformer.mag_refinement.mhca_blks.0.transformer_layers.1.norm1,Refinement,-0.43594538544584427,-0.5535673424702484,159900
DNSMOS-BAK,22,TCFTransformer.mag_refinement.mhca_blks.0.transformer_layers.2.norm1,Refinement,-0.4420586317974015,-0.5449374760091891,159900
DNSMOS-BAK,23,TCFTransformer.mag_refinement.mhca_blks.0.transformer_layers.3.norm1,Refinement,-0.40161094212650555,-0.5095457292246324,159900
