model,metric,layer_idx,layer,pearson,p,n
muse,PESQ,0,TCFTransformer.encoder_level1.mhca_blks.0.transformer_layers.0.norm1,0.2699776338347804,0.0,168920
muse,PESQ,1,TCFTransformer.encoder_level1.mhca_blks.0.transformer_layers.1.norm1,0.27176106099722297,0.0,168920
muse,PESQ,2,TCFTransformer.encoder_level1.mhca_blks.0.transformer_layers.2.norm1,0.15581503140441263,0.0,168920
muse,PESQ,3,TCFTransformer.encoder_level1.mhca_blks.0.transformer_layers.3.norm1,0.1288878208186448,0.0,168920
muse,PESQ,4,TCFTransformer.encoder_level2.mhca_blks.0.transformer_layers.0.norm1,0.16558670761726924,0.0,168920
muse,PESQ,5,TCFTransformer.encoder_level2.mhca_blks.0.transformer_layers.1.norm1,0.1486277274984375,0.0,168920
muse,PESQ,6,TCFTransformer.encoder_level2.mhca_blks.0.transformer_layers.2.norm1,0.18824304520667398,0.0,168920
muse,PESQ,7,TCFTransformer.encoder_level2.mhca_blks.0.transformer_layers.3.norm1,0.19250129702450886,0.0,168920
muse,PESQ,8,TCFTransformer.latent.mhca_blks.0.transformer_layers.0.norm1,0.3017172031602773,0.0,168920
muse,PESQ,9,TCFTransformer.latent.mhca_blks.0.transformer_layers.1.norm1,0.2976703729122778,0.0,168920
muse,PESQ,10,TCFTransformer.latent.mhca_blks.0.transformer_layers.2.norm1,0.21600915224894118,0.0,168920
muse,PESQ,11,TCFTransformer.latent.mhca_blks.0.transformer_layers.3.norm1,0.1587369543508632,0.0,168920
muse,PESQ,12,TCFTransformer.decoder_level2.mhca_blks.0.transformer_layers.0.norm1,0.16256489724778353,0.0,168920
muse,PESQ,13,TCFTransformer.decoder_level2.mhca_blks.0.transformer_layers.1.norm1,0.17872383517042023,0.0,168920
muse,PESQ,14,TCFTransformer.decoder_level2.mhca_blks.0.transformer_layers.2.norm1,0.1953092142950354,0.0,168920
muse,PESQ,15,TCFTransformer.decoder_level2.mhca_blks.0.transformer_layers.3.norm1,-0.07216185671888083,8.411178237439038e-194,168920
muse,PESQ,16,TCFTransformer.decoder_level1.mhca_blks.0.transformer_layers.0.norm1,-0.02791871650208887,1.7272773498927725e-30,168920
muse,PESQ,17,TCFTransformer.decoder_level1.mhca_blks.0.transformer_layers.1.norm1,0.008303305341474667,0.0006432696582556883,168920
muse,PESQ,18,TCFTransformer.decoder_level1.mhca_blks.0.transformer_layers.2.norm1,0.004359920017489886,0.07314624979448796,168920
muse,PESQ,19,TCFTransformer.decoder_level1.mhca_blks.0.transformer_layers.3.norm1,-0.03356620336473499,2.567870733705399e-43,168920
muse,PESQ,20,TCFTransformer.mag_refinement.mhca_blks.0.transformer_layers.0.norm1,-0.03951586454475615,2.3381094001309213e-59,168920
muse,PESQ,21,TCFTransformer.mag_refinement.mhca_blks.0.transformer_layers.1.norm1,0.0765402596201218,7.671424018072154e-218,168920
muse,PESQ,22,TCFTransformer.mag_refinement.mhca_blks.0.transformer_layers.2.norm1,0.09733735633095238,0.0,168920
muse,PESQ,23,TCFTransformer.mag_refinement.mhca_blks.0.transformer_layers.3.norm1,0.10309547912891259,0.0,168920
muse,STOI,0,TCFTransformer.encoder_level1.mhca_blks.0.transformer_layers.0.norm1,-0.27014217419559183,0.0,168920
muse,STOI,1,TCFTransformer.encoder_level1.mhca_blks.0.transformer_layers.1.norm1,-0.35823292205246676,0.0,168920
muse,STOI,2,TCFTransformer.encoder_level1.mhca_blks.0.transformer_layers.2.norm1,-0.2977083451405858,0.0,168920
muse,STOI,3,TCFTransformer.encoder_level1.mhca_blks.0.transformer_layers.3.norm1,-0.285325937075699,0.0,168920
muse,STOI,4,TCFTransformer.encoder_level2.mhca_blks.0.transformer_layers.0.norm1,-0.24040764298189987,0.0,168920
muse,STOI,5,TCFTransformer.encoder_level2.mhca_blks.0.transformer_layers.1.norm1,-0.27281138863493554,0.0,168920
muse,STOI,6,TCFTransformer.encoder_level2.mhca_blks.0.transformer_layers.2.norm1,-0.35966444592142555,0.0,168920
muse,STOI,7,TCFTransformer.encoder_level2.mhca_blks.0.transformer_layers.3.norm1,-0.5027519931575644,0.0,168920
muse,STOI,8,TCFTransformer.latent.mhca_blks.0.transformer_layers.0.norm1,-0.48689292248547184,0.0,168920
muse,STOI,9,TCFTransformer.latent.mhca_blks.0.transformer_layers.1.norm1,-0.4312088503810864,0.0,168920
muse,STOI,10,TCFTransformer.latent.mhca_blks.0.transformer_layers.2.norm1,-0.4229807285882751,0.0,168920
muse,STOI,11,TCFTransformer.latent.mhca_blks.0.transformer_layers.3.norm1,-0.40249011564193904,0.0,168920
muse,STOI,12,TCFTransformer.decoder_level2.mhca_blks.0.transformer_layers.0.norm1,-0.44015065289649313,0.0,168920
muse,STOI,13,TCFTransformer.decoder_level2.mhca_blks.0.transformer_layers.1.norm1,-0.39913258271520463,0.0,168920
muse,STOI,14,TCFTransformer.decoder_level2.mhca_blks.0.transformer_layers.2.norm1,-0.41220389261527723,0.0,168920
muse,STOI,15,TCFTransformer.decoder_level2.mhca_blks.0.transformer_layers.3.norm1,-0.34798247313842817,0.0,168920
muse,STOI,16,TCFTransformer.decoder_level1.mhca_blks.0.transformer_layers.0.norm1,-0.37779775164561374,0.0,168920
muse,STOI,17,TCFTransformer.decoder_level1.mhca_blks.0.transformer_layers.1.norm1,-0.38343535114735483,0.0,168920
muse,STOI,18,TCFTransformer.decoder_level1.mhca_blks.0.transformer_layers.2.norm1,-0.39222209513214723,0.0,168920
muse,STOI,19,TCFTransformer.decoder_level1.mhca_blks.0.transformer_layers.3.norm1,-0.37090534803110997,0.0,168920
muse,STOI,20,TCFTransformer.mag_refinement.mhca_blks.0.transformer_layers.0.norm1,-0.37275683458672987,0.0,168920
muse,STOI,21,TCFTransformer.mag_refinement.mhca_blks.0.transformer_layers.1.norm1,-0.3962818515992169,0.0,168920
muse,STOI,22,TCFTransformer.mag_refinement.mhca_blks.0.transformer_layers.2.norm1,-0.41552317571100034,0.0,168920
muse,STOI,23,TCFTransformer.mag_refinement.mhca_blks.0.transformer_layers.3.norm1,-0.4490771139870349,0.0,168920
muse,SI-SDR,0,TCFTransformer.encoder_level1.mhca_blks.0.transformer_layers.0.norm1,0.39608957933023065,0.0,168920
muse,SI-SDR,1,TCFTransformer.encoder_level1.mhca_blks.0.transformer_layers.1.norm1,0.6510868890159398,0.0,168920
muse,SI-SDR,2,TCFTransformer.encoder_level1.mhca_blks.0.transformer_layers.2.norm1,0.5303834959099589,0.0,168920
muse,SI-SDR,3,TCFTransformer.encoder_level1.mhca_blks.0.transformer_layers.3.norm1,0.5185108866686151,0.0,168920
muse,SI-SDR,4,TCFTransformer.encoder_level2.mhca_blks.0.transformer_layers.0.norm1,0.5195714610669263,0.0,168920
muse,SI-SDR,5,TCFTransformer.encoder_level2.mhca_blks.0.transformer_layers.1.norm1,0.5809051988501008,0.0,168920
muse,SI-SDR,6,TCFTransformer.encoder_level2.mhca_blks.0.transformer_layers.2.norm1,0.6448693403745785,0.0,168920
muse,SI-SDR,7,TCFTransformer.encoder_level2.mhca_blks.0.transformer_layers.3.norm1,0.632739910957483,0.0,168920
muse,SI-SDR,8,TCFTransformer.latent.mhca_blks.0.transformer_layers.0.norm1,0.7131891187536784,0.0,168920
muse,SI-SDR,9,TCFTransformer.latent.mhca_blks.0.transformer_layers.1.norm1,0.7560054351126776,0.0,168920
muse,SI-SDR,10,TCFTransformer.latent.mhca_blks.0.transformer_layers.2.norm1,0.7139480345999877,0.0,168920
muse,SI-SDR,11,TCFTransformer.latent.mhca_blks.0.transformer_layers.3.norm1,0.6604564201004927,0.0,168920
muse,SI-SDR,12,TCFTransformer.decoder_level2.mhca_blks.0.transformer_layers.0.norm1,0.6141922114639247,0.0,168920
muse,SI-SDR,13,TCFTransformer.decoder_level2.mhca_blks.0.transformer_layers.1.norm1,0.6297361448785658,0.0,168920
muse,SI-SDR,14,TCFTransformer.decoder_level2.mhca_blks.0.transformer_layers.2.norm1,0.6345084594486601,0.0,168920
muse,SI-SDR,15,TCFTransformer.decoder_level2.mhca_blks.0.transformer_layers.3.norm1,0.45710800357201403,0.0,168920
muse,SI-SDR,16,TCFTransformer.decoder_level1.mhca_blks.0.transformer_layers.0.norm1,0.5341930019465899,0.0,168920
muse,SI-SDR,17,TCFTransformer.decoder_level1.mhca_blks.0.transformer_layers.1.norm1,0.547911196286385,0.0,168920
muse,SI-SDR,18,TCFTransformer.decoder_level1.mhca_blks.0.transformer_layers.2.norm1,0.5596372930512862,0.0,168920
muse,SI-SDR,19,TCFTransformer.decoder_level1.mhca_blks.0.transformer_layers.3.norm1,0.5054738108081036,0.0,168920
muse,SI-SDR,20,TCFTransformer.mag_refinement.mhca_blks.0.transformer_layers.0.norm1,0.5142114307111921,0.0,168920
muse,SI-SDR,21,TCFTransformer.mag_refinement.mhca_blks.0.transformer_layers.1.norm1,0.5787034853824196,0.0,168920
muse,SI-SDR,22,TCFTransformer.mag_refinement.mhca_blks.0.transformer_layers.2.norm1,0.5849561821170209,0.0,168920
muse,SI-SDR,23,TCFTransformer.mag_refinement.mhca_blks.0.transformer_layers.3.norm1,0.5942113282319725,0.0,168920
muse,DNSMOS-SIG,0,TCFTransformer.encoder_level1.mhca_blks.0.transformer_layers.0.norm1,-0.3186710185077051,0.0,168920
muse,DNSMOS-SIG,1,TCFTransformer.encoder_level1.mhca_blks.0.transformer_layers.1.norm1,-0.47485765418648374,0.0,168920
muse,DNSMOS-SIG,2,TCFTransformer.encoder_level1.mhca_blks.0.transformer_layers.2.norm1,-0.3820335098144866,0.0,168920
muse,DNSMOS-SIG,3,TCFTransformer.encoder_level1.mhca_blks.0.transformer_layers.3.norm1,-0.34928055121749846,0.0,168920
muse,DNSMOS-SIG,4,TCFTransformer.encoder_level2.mhca_blks.0.transformer_layers.0.norm1,-0.3709198623200724,0.0,168920
muse,DNSMOS-SIG,5,TCFTransformer.encoder_level2.mhca_blks.0.transformer_layers.1.norm1,-0.4253325340476991,0.0,168920
muse,DNSMOS-SIG,6,TCFTransformer.encoder_level2.mhca_blks.0.transformer_layers.2.norm1,-0.4687350681563709,0.0,168920
muse,DNSMOS-SIG,7,TCFTransformer.encoder_level2.mhca_blks.0.transformer_layers.3.norm1,-0.4075699074441873,0.0,168920
muse,DNSMOS-SIG,8,TCFTransformer.latent.mhca_blks.0.transformer_layers.0.norm1,-0.5396049351300368,0.0,168920
muse,DNSMOS-SIG,9,TCFTransformer.latent.mhca_blks.0.transformer_layers.1.norm1,-0.5342214770363878,0.0,168920
muse,DNSMOS-SIG,10,TCFTransformer.latent.mhca_blks.0.transformer_layers.2.norm1,-0.47462230166284947,0.0,168920
muse,DNSMOS-SIG,11,TCFTransformer.latent.mhca_blks.0.transformer_layers.3.norm1,-0.4013762592730935,0.0,168920
muse,DNSMOS-SIG,12,TCFTransformer.decoder_level2.mhca_blks.0.transformer_layers.0.norm1,-0.41302956881776814,0.0,168920
muse,DNSMOS-SIG,13,TCFTransformer.decoder_level2.mhca_blks.0.transformer_layers.1.norm1,-0.386371005222368,0.0,168920
muse,DNSMOS-SIG,14,TCFTransformer.decoder_level2.mhca_blks.0.transformer_layers.2.norm1,-0.39498469328579383,0.0,168920
muse,DNSMOS-SIG,15,TCFTransformer.decoder_level2.mhca_blks.0.transformer_layers.3.norm1,-0.2219258819109946,0.0,168920
muse,DNSMOS-SIG,16,TCFTransformer.decoder_level1.mhca_blks.0.transformer_layers.0.norm1,-0.282329317178031,0.0,168920
muse,DNSMOS-SIG,17,TCFTransformer.decoder_level1.mhca_blks.0.transformer_layers.1.norm1,-0.318812235800195,0.0,168920
muse,DNSMOS-SIG,18,TCFTransformer.decoder_level1.mhca_blks.0.transformer_layers.2.norm1,-0.34945515983428566,0.0,168920
muse,DNSMOS-SIG,19,TCFTransformer.decoder_level1.mhca_blks.0.transformer_layers.3.norm1,-0.31081831281869904,0.0,168920
muse,DNSMOS-SIG,20,TCFTransformer.mag_refinement.mhca_blks.0.transformer_layers.0.norm1,-0.2881950294241278,0.0,168920
muse,DNSMOS-SIG,21,TCFTransformer.mag_refinement.mhca_blks.0.transformer_layers.1.norm1,-0.3508982757148994,0.0,168920
muse,DNSMOS-SIG,22,TCFTransformer.mag_refinement.mhca_blks.0.transformer_layers.2.norm1,-0.364660134356396,0.0,168920
muse,DNSMOS-SIG,23,TCFTransformer.mag_refinement.mhca_blks.0.transformer_layers.3.norm1,-0.3636572544085067,0.0,168920
muse,DNSMOS-BAK,0,TCFTransformer.encoder_level1.mhca_blks.0.transformer_layers.0.norm1,-0.43151001301852426,0.0,168920
muse,DNSMOS-BAK,1,TCFTransformer.encoder_level1.mhca_blks.0.transformer_layers.1.norm1,-0.5680950705533149,0.0,168920
muse,DNSMOS-BAK,2,TCFTransformer.encoder_level1.mhca_blks.0.transformer_layers.2.norm1,-0.4866536430462744,0.0,168920
muse,DNSMOS-BAK,3,TCFTransformer.encoder_level1.mhca_blks.0.transformer_layers.3.norm1,-0.47291026416616216,0.0,168920
muse,DNSMOS-BAK,4,TCFTransformer.encoder_level2.mhca_blks.0.transformer_layers.0.norm1,-0.4572485159363101,0.0,168920
muse,DNSMOS-BAK,5,TCFTransformer.encoder_level2.mhca_blks.0.transformer_layers.1.norm1,-0.5721497424956122,0.0,168920
muse,DNSMOS-BAK,6,TCFTransformer.encoder_level2.mhca_blks.0.transformer_layers.2.norm1,-0.6540171988896083,0.0,168920
muse,DNSMOS-BAK,7,TCFTransformer.encoder_level2.mhca_blks.0.transformer_layers.3.norm1,-0.6943417504092105,0.0,168920
muse,DNSMOS-BAK,8,TCFTransformer.latent.mhca_blks.0.transformer_layers.0.norm1,-0.7191847588998873,0.0,168920
muse,DNSMOS-BAK,9,TCFTransformer.latent.mhca_blks.0.transformer_layers.1.norm1,-0.708294750158343,0.0,168920
muse,DNSMOS-BAK,10,TCFTransformer.latent.mhca_blks.0.transformer_layers.2.norm1,-0.6856129080939781,0.0,168920
muse,DNSMOS-BAK,11,TCFTransformer.latent.mhca_blks.0.transformer_layers.3.norm1,-0.6618857114840028,0.0,168920
muse,DNSMOS-BAK,12,TCFTransformer.decoder_level2.mhca_blks.0.transformer_layers.0.norm1,-0.681534114148447,0.0,168920
muse,DNSMOS-BAK,13,TCFTransformer.decoder_level2.mhca_blks.0.transformer_layers.1.norm1,-0.636554536195262,0.0,168920
muse,DNSMOS-BAK,14,TCFTransformer.decoder_level2.mhca_blks.0.transformer_layers.2.norm1,-0.6386094533271532,0.0,168920
muse,DNSMOS-BAK,15,TCFTransformer.decoder_level2.mhca_blks.0.transformer_layers.3.norm1,-0.47413869187270413,0.0,168920
muse,DNSMOS-BAK,16,TCFTransformer.decoder_level1.mhca_blks.0.transformer_layers.0.norm1,-0.5747469099521978,0.0,168920
muse,DNSMOS-BAK,17,TCFTransformer.decoder_level1.mhca_blks.0.transformer_layers.1.norm1,-0.5860722637494035,0.0,168920
muse,DNSMOS-BAK,18,TCFTransformer.decoder_level1.mhca_blks.0.transformer_layers.2.norm1,-0.5925197875462487,0.0,168920
muse,DNSMOS-BAK,19,TCFTransformer.decoder_level1.mhca_blks.0.transformer_layers.3.norm1,-0.5519987947158982,0.0,168920
muse,DNSMOS-BAK,20,TCFTransformer.mag_refinement.mhca_blks.0.transformer_layers.0.norm1,-0.5786575586228536,0.0,168920
muse,DNSMOS-BAK,21,TCFTransformer.mag_refinement.mhca_blks.0.transformer_layers.1.norm1,-0.6132405932041648,0.0,168920
muse,DNSMOS-BAK,22,TCFTransformer.mag_refinement.mhca_blks.0.transformer_layers.2.norm1,-0.636068408633292,0.0,168920
muse,DNSMOS-BAK,23,TCFTransformer.mag_refinement.mhca_blks.0.transformer_layers.3.norm1,-0.6424496872709212,0.0,168920
muse,DNSMOS-OVRL,0,TCFTransformer.encoder_level1.mhca_blks.0.transformer_layers.0.norm1,-0.3516158571390547,0.0,168920
muse,DNSMOS-OVRL,1,TCFTransformer.encoder_level1.mhca_blks.0.transformer_layers.1.norm1,-0.5118254577396193,0.0,168920
muse,DNSMOS-OVRL,2,TCFTransformer.encoder_level1.mhca_blks.0.transformer_layers.2.norm1,-0.4588815630230036,0.0,168920
muse,DNSMOS-OVRL,3,TCFTransformer.encoder_level1.mhca_blks.0.transformer_layers.3.norm1,-0.4470435421915422,0.0,168920
muse,DNSMOS-OVRL,4,TCFTransformer.encoder_level2.mhca_blks.0.transformer_layers.0.norm1,-0.44323240967155203,0.0,168920
muse,DNSMOS-OVRL,5,TCFTransformer.encoder_level2.mhca_blks.0.transformer_layers.1.norm1,-0.5286311956207989,0.0,168920
muse,DNSMOS-OVRL,6,TCFTransformer.encoder_level2.mhca_blks.0.transformer_layers.2.norm1,-0.5852326733597067,0.0,168920
muse,DNSMOS-OVRL,7,TCFTransformer.encoder_level2.mhca_blks.0.transformer_layers.3.norm1,-0.5742709430520881,0.0,168920
muse,DNSMOS-OVRL,8,TCFTransformer.latent.mhca_blks.0.transformer_layers.0.norm1,-0.6288242222100111,0.0,168920
muse,DNSMOS-OVRL,9,TCFTransformer.latent.mhca_blks.0.transformer_layers.1.norm1,-0.6148374098862134,0.0,168920
muse,DNSMOS-OVRL,10,TCFTransformer.latent.mhca_blks.0.transformer_layers.2.norm1,-0.5907617473696434,0.0,168920
muse,DNSMOS-OVRL,11,TCFTransformer.latent.mhca_blks.0.transformer_layers.3.norm1,-0.5649354067149026,0.0,168920
muse,DNSMOS-OVRL,12,TCFTransformer.decoder_level2.mhca_blks.0.transformer_layers.0.norm1,-0.5827915985579531,0.0,168920
muse,DNSMOS-OVRL,13,TCFTransformer.decoder_level2.mhca_blks.0.transformer_layers.1.norm1,-0.5470025097971132,0.0,168920
muse,DNSMOS-OVRL,14,TCFTransformer.decoder_level2.mhca_blks.0.transformer_layers.2.norm1,-0.5432177390039651,0.0,168920
muse,DNSMOS-OVRL,15,TCFTransformer.decoder_level2.mhca_blks.0.transformer_layers.3.norm1,-0.36100324011846197,0.0,168920
muse,DNSMOS-OVRL,16,TCFTransformer.decoder_level1.mhca_blks.0.transformer_layers.0.norm1,-0.47053243960598534,0.0,168920
muse,DNSMOS-OVRL,17,TCFTransformer.decoder_level1.mhca_blks.0.transformer_layers.1.norm1,-0.4838303901427798,0.0,168920
muse,DNSMOS-OVRL,18,TCFTransformer.decoder_level1.mhca_blks.0.transformer_layers.2.norm1,-0.4906272613557556,0.0,168920
muse,DNSMOS-OVRL,19,TCFTransformer.decoder_level1.mhca_blks.0.transformer_layers.3.norm1,-0.4562110335157442,0.0,168920
muse,DNSMOS-OVRL,20,TCFTransformer.mag_refinement.mhca_blks.0.transformer_layers.0.norm1,-0.4762566852492853,0.0,168920
muse,DNSMOS-OVRL,21,TCFTransformer.mag_refinement.mhca_blks.0.transformer_layers.1.norm1,-0.520726929867961,0.0,168920
muse,DNSMOS-OVRL,22,TCFTransformer.mag_refinement.mhca_blks.0.transformer_layers.2.norm1,-0.5345144807067597,0.0,168920
muse,DNSMOS-OVRL,23,TCFTransformer.mag_refinement.mhca_blks.0.transformer_layers.3.norm1,-0.5280732901229833,0.0,168920
mpsenet,PESQ,0,TSTransformer.0.freq_transformer.norm1,0.37623415147252787,0.0,168920
mpsenet,PESQ,1,TSTransformer.0.time_transformer.norm1,0.30543632793724756,0.0,168920
mpsenet,PESQ,2,TSTransformer.1.freq_transformer.norm1,0.2959944786421217,0.0,168920
mpsenet,PESQ,3,TSTransformer.1.time_transformer.norm1,0.19720979918685197,0.0,168920
mpsenet,PESQ,4,TSTransformer.2.freq_transformer.norm1,0.21113584155896878,0.0,168920
mpsenet,PESQ,5,TSTransformer.2.time_transformer.norm1,0.16909982592750578,0.0,168920
mpsenet,PESQ,6,TSTransformer.3.freq_transformer.norm1,0.051445464650170816,2.335015375940036e-99,168920
mpsenet,PESQ,7,TSTransformer.3.time_transformer.norm1,0.1357622858307534,0.0,168920
mpsenet,STOI,0,TSTransformer.0.freq_transformer.norm1,-0.6583667307787567,0.0,168920
mpsenet,STOI,1,TSTransformer.0.time_transformer.norm1,-0.5390187670197861,0.0,168920
mpsenet,STOI,2,TSTransformer.1.freq_transformer.norm1,-0.6470377116627615,0.0,168920
mpsenet,STOI,3,TSTransformer.1.time_transformer.norm1,-0.6338289094210549,0.0,168920
mpsenet,STOI,4,TSTransformer.2.freq_transformer.norm1,-0.5399683587512824,0.0,168920
mpsenet,STOI,5,TSTransformer.2.time_transformer.norm1,-0.5533369312540032,0.0,168920
mpsenet,STOI,6,TSTransformer.3.freq_transformer.norm1,-0.495016837607196,0.0,168920
mpsenet,STOI,7,TSTransformer.3.time_transformer.norm1,-0.5330787932076311,0.0,168920
mpsenet,SI-SDR,0,TSTransformer.0.freq_transformer.norm1,0.6171747632074017,0.0,168920
mpsenet,SI-SDR,1,TSTransformer.0.time_transformer.norm1,0.5151057338311215,0.0,168920
mpsenet,SI-SDR,2,TSTransformer.1.freq_transformer.norm1,0.6266858026169854,0.0,168920
mpsenet,SI-SDR,3,TSTransformer.1.time_transformer.norm1,0.4978873928015019,0.0,168920
mpsenet,SI-SDR,4,TSTransformer.2.freq_transformer.norm1,0.45039905755994175,0.0,168920
mpsenet,SI-SDR,5,TSTransformer.2.time_transformer.norm1,0.45937849646824325,0.0,168920
mpsenet,SI-SDR,6,TSTransformer.3.freq_transformer.norm1,0.3291734707455935,0.0,168920
mpsenet,SI-SDR,7,TSTransformer.3.time_transformer.norm1,0.3959644773868246,0.0,168920
mpsenet,DNSMOS-SIG,0,TSTransformer.0.freq_transformer.norm1,-0.6672553306246511,0.0,168920
mpsenet,DNSMOS-SIG,1,TSTransformer.0.time_transformer.norm1,-0.5485874902360403,0.0,168920
mpsenet,DNSMOS-SIG,2,TSTransformer.1.freq_transformer.norm1,-0.6006083148496892,0.0,168920
mpsenet,DNSMOS-SIG,3,TSTransformer.1.time_transformer.norm1,-0.5347859852361513,0.0,168920
mpsenet,DNSMOS-SIG,4,TSTransformer.2.freq_transformer.norm1,-0.47791383643669866,0.0,168920
mpsenet,DNSMOS-SIG,5,TSTransformer.2.time_transformer.norm1,-0.4876708619074401,0.0,168920
mpsenet,DNSMOS-SIG,6,TSTransformer.3.freq_transformer.norm1,-0.3503760235908172,0.0,168920
mpsenet,DNSMOS-SIG,7,TSTransformer.3.time_transformer.norm1,-0.4377122323711983,0.0,168920
mpsenet,DNSMOS-BAK,0,TSTransformer.0.freq_transformer.norm1,-0.7768039866308577,0.0,168920
mpsenet,DNSMOS-BAK,1,TSTransformer.0.time_transformer.norm1,-0.6331440194761626,0.0,168920
mpsenet,DNSMOS-BAK,2,TSTransformer.1.freq_transformer.norm1,-0.7534465496232154,0.0,168920
mpsenet,DNSMOS-BAK,3,TSTransformer.1.time_transformer.norm1,-0.7696852790536385,0.0,168920
mpsenet,DNSMOS-BAK,4,TSTransformer.2.freq_transformer.norm1,-0.6660443881763841,0.0,168920
mpsenet,DNSMOS-BAK,5,TSTransformer.2.time_transformer.norm1,-0.6852332117712419,0.0,168920
mpsenet,DNSMOS-BAK,6,TSTransformer.3.freq_transformer.norm1,-0.6411973496798953,0.0,168920
mpsenet,DNSMOS-BAK,7,TSTransformer.3.time_transformer.norm1,-0.6645613785871749,0.0,168920
mpsenet,DNSMOS-OVRL,0,TSTransformer.0.freq_transformer.norm1,-0.7207126790871972,0.0,168920
mpsenet,DNSMOS-OVRL,1,TSTransformer.0.time_transformer.norm1,-0.584757263109888,0.0,168920
mpsenet,DNSMOS-OVRL,2,TSTransformer.1.freq_transformer.norm1,-0.6888498427674642,0.0,168920
mpsenet,DNSMOS-OVRL,3,TSTransformer.1.time_transformer.norm1,-0.6848744076041937,0.0,168920
mpsenet,DNSMOS-OVRL,4,TSTransformer.2.freq_transformer.norm1,-0.6111273017667649,0.0,168920
mpsenet,DNSMOS-OVRL,5,TSTransformer.2.time_transformer.norm1,-0.6265734680831444,0.0,168920
mpsenet,DNSMOS-OVRL,6,TSTransformer.3.freq_transformer.norm1,-0.5533329311988306,0.0,168920
mpsenet,DNSMOS-OVRL,7,TSTransformer.3.time_transformer.norm1,-0.6009693954015632,0.0,168920
demucs,PESQ,0,encoder.0,-0.19276365798988152,0.0,168920
demucs,PESQ,1,encoder.1,-0.18180074326585755,0.0,168920
demucs,PESQ,2,encoder.2,-0.04358125279872737,8.199856660490093e-72,168920
demucs,PESQ,3,encoder.3,-0.1108296739892221,0.0,168920
demucs,PESQ,4,encoder.4,0.3048744414179477,0.0,168920
demucs,PESQ,5,lstm,0.18439771389381787,0.0,168920
demucs,PESQ,6,decoder.0,0.17000122650241992,0.0,168920
demucs,PESQ,7,decoder.1,0.08911025238692286,8.167749882812214e-295,168920
demucs,PESQ,8,decoder.2,0.11585857553930777,0.0,168920
demucs,PESQ,9,decoder.3,0.08264585081550335,9.412071762154161e-254,168920
demucs,PESQ,10,decoder.4,0.17965711143609264,0.0,168920
demucs,STOI,0,encoder.0,-0.05935589659288448,1.141111737399951e-131,168920
demucs,STOI,1,encoder.1,0.06338453194717067,6.649977579426154e-150,168920
demucs,STOI,2,encoder.2,0.23028577625620927,0.0,168920
demucs,STOI,3,encoder.3,0.2146160987193384,0.0,168920
demucs,STOI,4,encoder.4,0.0435657109707693,9.198882340455303e-72,168920
demucs,STOI,5,lstm,0.056398529987196314,4.767658136345471e-119,168920
demucs,STOI,6,decoder.0,0.05429635241630623,1.8048494168392682e-110,168920
demucs,STOI,7,decoder.1,-0.022845252787477295,5.970076139195185e-21,168920
demucs,STOI,8,decoder.2,-0.03540155721586159,5.4723403098507015e-48,168920
demucs,STOI,9,decoder.3,-0.08808824126676706,4.0962113265076774e-288,168920
demucs,STOI,10,decoder.4,-0.268904595205632,0.0,168920
demucs,SI-SDR,0,encoder.0,-0.2409078591109962,0.0,168920
demucs,SI-SDR,1,encoder.1,-0.28538762197712103,0.0,168920
demucs,SI-SDR,2,encoder.2,-0.27394421760893,0.0,168920
demucs,SI-SDR,3,encoder.3,-0.26088179081630186,0.0,168920
demucs,SI-SDR,4,encoder.4,0.37594032826713164,0.0,168920
demucs,SI-SDR,5,lstm,0.3298050606597281,0.0,168920
demucs,SI-SDR,6,decoder.0,0.3045082029062595,0.0,168920
demucs,SI-SDR,7,decoder.1,0.15810824766878295,0.0,168920
demucs,SI-SDR,8,decoder.2,0.21506899385210027,0.0,168920
demucs,SI-SDR,9,decoder.3,0.19353527809894644,0.0,168920
demucs,SI-SDR,10,decoder.4,0.47333594914401,0.0,168920
demucs,DNSMOS-SIG,0,encoder.0,0.059825033100335955,9.902630800879543e-134,168920
demucs,DNSMOS-SIG,1,encoder.1,0.17162879036878023,0.0,168920
demucs,DNSMOS-SIG,2,encoder.2,0.271859371418818,0.0,168920
demucs,DNSMOS-SIG,3,encoder.3,0.29038348344697057,0.0,168920
demucs,DNSMOS-SIG,4,encoder.4,-0.07821200691799303,2.132883878766904e-227,168920
demucs,DNSMOS-SIG,5,lstm,-0.10916289119552605,0.0,168920
demucs,DNSMOS-SIG,6,decoder.0,-0.07515561788910077,4.3834686156784064e-210,168920
demucs,DNSMOS-SIG,7,decoder.1,-0.11696823611487281,0.0,168920
demucs,DNSMOS-SIG,8,decoder.2,-0.11027940132071243,0.0,168920
demucs,DNSMOS-SIG,9,decoder.3,-0.12828079506218773,0.0,168920
demucs,DNSMOS-SIG,10,decoder.4,-0.45324215524693146,0.0,168920
demucs,DNSMOS-BAK,0,encoder.0,0.1002007037950486,0.0,168920
demucs,DNSMOS-BAK,1,encoder.1,0.15096314578784134,0.0,168920
demucs,DNSMOS-BAK,2,encoder.2,0.3026714602415448,0.0,168920
demucs,DNSMOS-BAK,3,encoder.3,0.38203258863658257,0.0,168920
demucs,DNSMOS-BAK,4,encoder.4,-0.10335424384418312,0.0,168920
demucs,DNSMOS-BAK,5,lstm,-0.15619731608840937,0.0,168920
demucs,DNSMOS-BAK,6,decoder.0,-0.12807500073077058,0.0,168920
demucs,DNSMOS-BAK,7,decoder.1,-0.20329895116729996,0.0,168920
demucs,DNSMOS-BAK,8,decoder.2,-0.1945402648396745,0.0,168920
demucs,DNSMOS-BAK,9,decoder.3,-0.2109502767205063,0.0,168920
demucs,DNSMOS-BAK,10,decoder.4,-0.503483010708929,0.0,168920
demucs,DNSMOS-OVRL,0,encoder.0,0.004889282119754781,0.0444856028550384,168920
demucs,DNSMOS-OVRL,1,encoder.1,0.05851646049650015,5.075776970989173e-128,168920
demucs,DNSMOS-OVRL,2,encoder.2,0.27333727947796416,0.0,168920
demucs,DNSMOS-OVRL,3,encoder.3,0.3272954952947727,0.0,168920
demucs,DNSMOS-OVRL,4,encoder.4,0.0030636149751724316,0.20798133440366076,168920
demucs,DNSMOS-OVRL,5,lstm,-0.060694373125243235,1.3565663683652224e-137,168920
demucs,DNSMOS-OVRL,6,decoder.0,-0.06823144637142975,1.9481286834118855e-173,168920
demucs,DNSMOS-OVRL,7,decoder.1,-0.17085505275411966,0.0,168920
demucs,DNSMOS-OVRL,8,decoder.2,-0.16208407441980646,0.0,168920
demucs,DNSMOS-OVRL,9,decoder.3,-0.1962008182438801,0.0,168920
demucs,DNSMOS-OVRL,10,decoder.4,-0.40221351992963805,0.0,168920
