model,metric,enhanced_nonnull,noisy_nonnull,rows,pct,cells_present,cells_expected
muse,PESQ,4054080,4054080,4054080,100.0,205,205
muse,STOI,4054080,4054080,4054080,100.0,205,205
muse,SI-SDR,4054080,4054080,4054080,100.0,205,205
muse,DNSMOS-OVRL,4054080,4054080,4054080,100.0,205,205
muse,DNSMOS-SIG,4054080,4054080,4054080,100.0,205,205
muse,DNSMOS-BAK,4054080,4054080,4054080,100.0,205,205
demucs,PESQ,1858120,1858120,1858120,100.0,205,205
demucs,STOI,1858120,1858120,1858120,100.0,205,205
demucs,SI-SDR,1858120,1858120,1858120,100.0,205,205
demucs,DNSMOS-OVRL,1858120,1858120,1858120,100.0,205,205
demucs,DNSMOS-SIG,1858120,1858120,1858120,100.0,205,205
demucs,DNSMOS-BAK,1858120,1858120,1858120,100.0,205,205
mpsenet,PESQ,1351360,1351360,1351360,100.0,205,205
mpsenet,STOI,1351360,1351360,1351360,100.0,205,205
mpsenet,SI-SDR,1351360,1351360,1351360,100.0,205,205
mpsenet,DNSMOS-OVRL,1351360,1351360,1351360,100.0,205,205
mpsenet,DNSMOS-SIG,1351360,1351360,1351360,100.0,205,205
mpsenet,DNSMOS-BAK,1351360,1351360,1351360,100.0,205,205
