sweep,model,metric,layer_idx,layer,label,speaker,r,n
780,muse,PESQ,0,TCFTransformer.encoder_level1.mhca_blks.0.transformer_layers.0.norm1,Enc-L1.0,p226,0.3421264559885733,72980
780,muse,PESQ,1,TCFTransformer.encoder_level1.mhca_blks.0.transformer_layers.1.norm1,Enc-L1.1,p226,0.09343050479620095,72980
780,muse,PESQ,2,TCFTransformer.encoder_level1.mhca_blks.0.transformer_layers.2.norm1,Enc-L1.2,p226,-0.05208385671037961,72980
780,muse,PESQ,3,TCFTransformer.encoder_level1.mhca_blks.0.transformer_layers.3.norm1,Enc-L1.3,p226,-0.03611731092032901,72980
780,muse,PESQ,4,TCFTransformer.encoder_level2.mhca_blks.0.transformer_layers.0.norm1,Enc-L2.0,p226,-0.006600700948869993,72980
780,muse,PESQ,5,TCFTransformer.encoder_level2.mhca_blks.0.transformer_layers.1.norm1,Enc-L2.1,p226,0.14577520753099052,72980
780,muse,PESQ,6,TCFTransformer.encoder_level2.mhca_blks.0.transformer_layers.2.norm1,Enc-L2.2,p226,0.11001858343783742,72980
780,muse,PESQ,7,TCFTransformer.encoder_level2.mhca_blks.0.transformer_layers.3.norm1,Enc-L2.3,p226,0.0591028008999981,72980
780,muse,PESQ,8,TCFTransformer.latent.mhca_blks.0.transformer_layers.0.norm1,Latent.0,p226,0.021928364137180842,72980
780,muse,PESQ,9,TCFTransformer.latent.mhca_blks.0.transformer_layers.1.norm1,Latent.1,p226,0.13292298192639607,72980
780,muse,PESQ,10,TCFTransformer.latent.mhca_blks.0.transformer_layers.2.norm1,Latent.2,p226,0.12533460736602622,72980
780,muse,PESQ,11,TCFTransformer.latent.mhca_blks.0.transformer_layers.3.norm1,Latent.3,p226,0.20809436196831918,72980
780,muse,PESQ,12,TCFTransformer.decoder_level2.mhca_blks.0.transformer_layers.0.norm1,Dec-L2.0,p226,-0.021223995516247287,72980
780,muse,PESQ,13,TCFTransformer.decoder_level2.mhca_blks.0.transformer_layers.1.norm1,Dec-L2.1,p226,-0.11669276776125102,72980
780,muse,PESQ,14,TCFTransformer.decoder_level2.mhca_blks.0.transformer_layers.2.norm1,Dec-L2.2,p226,-0.14110600709978346,72980
780,muse,PESQ,15,TCFTransformer.decoder_level2.mhca_blks.0.transformer_layers.3.norm1,Dec-L2.3,p226,-0.3195455220247532,72980
780,muse,PESQ,16,TCFTransformer.decoder_level1.mhca_blks.0.transformer_layers.0.norm1,Dec-L1.0,p226,-0.32626729496741513,72980
780,muse,PESQ,17,TCFTransformer.decoder_level1.mhca_blks.0.transformer_layers.1.norm1,Dec-L1.1,p226,-0.3280076930694389,72980
780,muse,PESQ,18,TCFTransformer.decoder_level1.mhca_blks.0.transformer_layers.2.norm1,Dec-L1.2,p226,-0.308419336437645,72980
780,muse,PESQ,19,TCFTransformer.decoder_level1.mhca_blks.0.transformer_layers.3.norm1,Dec-L1.3,p226,-0.32389313176729934,72980
780,muse,PESQ,20,TCFTransformer.mag_refinement.mhca_blks.0.transformer_layers.0.norm1,Refine.0,p226,-0.2979632492511183,72980
780,muse,PESQ,21,TCFTransformer.mag_refinement.mhca_blks.0.transformer_layers.1.norm1,Refine.1,p226,-0.2720848531410078,72980
780,muse,PESQ,22,TCFTransformer.mag_refinement.mhca_blks.0.transformer_layers.2.norm1,Refine.2,p226,-0.21596715965039276,72980
780,muse,PESQ,23,TCFTransformer.mag_refinement.mhca_blks.0.transformer_layers.3.norm1,Refine.3,p226,-0.2661165517178652,72980
780,muse,STOI,0,TCFTransformer.encoder_level1.mhca_blks.0.transformer_layers.0.norm1,Enc-L1.0,p226,-0.48341329304752917,72980
780,muse,STOI,1,TCFTransformer.encoder_level1.mhca_blks.0.transformer_layers.1.norm1,Enc-L1.1,p226,-0.290922095396353,72980
780,muse,STOI,2,TCFTransformer.encoder_level1.mhca_blks.0.transformer_layers.2.norm1,Enc-L1.2,p226,-0.14623467918115737,72980
780,muse,STOI,3,TCFTransformer.encoder_level1.mhca_blks.0.transformer_layers.3.norm1,Enc-L1.3,p226,-0.16185846913683283,72980
780,muse,STOI,4,TCFTransformer.encoder_level2.mhca_blks.0.transformer_layers.0.norm1,Enc-L2.0,p226,-0.2066512129040754,72980
780,muse,STOI,5,TCFTransformer.encoder_level2.mhca_blks.0.transformer_layers.1.norm1,Enc-L2.1,p226,-0.37460849092602044,72980
780,muse,STOI,6,TCFTransformer.encoder_level2.mhca_blks.0.transformer_layers.2.norm1,Enc-L2.2,p226,-0.34155144584982455,72980
780,muse,STOI,7,TCFTransformer.encoder_level2.mhca_blks.0.transformer_layers.3.norm1,Enc-L2.3,p226,-0.2573867379959115,72980
780,muse,STOI,8,TCFTransformer.latent.mhca_blks.0.transformer_layers.0.norm1,Latent.0,p226,-0.2309484436116424,72980
780,muse,STOI,9,TCFTransformer.latent.mhca_blks.0.transformer_layers.1.norm1,Latent.1,p226,-0.4464025218617923,72980
780,muse,STOI,10,TCFTransformer.latent.mhca_blks.0.transformer_layers.2.norm1,Latent.2,p226,-0.44509008901435987,72980
780,muse,STOI,11,TCFTransformer.latent.mhca_blks.0.transformer_layers.3.norm1,Latent.3,p226,-0.5066626536801979,72980
780,muse,STOI,12,TCFTransformer.decoder_level2.mhca_blks.0.transformer_layers.0.norm1,Dec-L2.0,p226,-0.4106410508078035,72980
780,muse,STOI,13,TCFTransformer.decoder_level2.mhca_blks.0.transformer_layers.1.norm1,Dec-L2.1,p226,-0.3080456155503889,72980
780,muse,STOI,14,TCFTransformer.decoder_level2.mhca_blks.0.transformer_layers.2.norm1,Dec-L2.2,p226,-0.24676347097574775,72980
780,muse,STOI,15,TCFTransformer.decoder_level2.mhca_blks.0.transformer_layers.3.norm1,Dec-L2.3,p226,0.02822371190417773,72980
780,muse,STOI,16,TCFTransformer.decoder_level1.mhca_blks.0.transformer_layers.0.norm1,Dec-L1.0,p226,-0.03231115458669087,72980
780,muse,STOI,17,TCFTransformer.decoder_level1.mhca_blks.0.transformer_layers.1.norm1,Dec-L1.1,p226,0.007950299229385692,72980
780,muse,STOI,18,TCFTransformer.decoder_level1.mhca_blks.0.transformer_layers.2.norm1,Dec-L1.2,p226,-0.014957080132797545,72980
780,muse,STOI,19,TCFTransformer.decoder_level1.mhca_blks.0.transformer_layers.3.norm1,Dec-L1.3,p226,0.06343355888455651,72980
780,muse,STOI,20,TCFTransformer.mag_refinement.mhca_blks.0.transformer_layers.0.norm1,Refine.0,p226,-0.05025098786116113,72980
780,muse,STOI,21,TCFTransformer.mag_refinement.mhca_blks.0.transformer_layers.1.norm1,Refine.1,p226,-0.07103241167143917,72980
780,muse,STOI,22,TCFTransformer.mag_refinement.mhca_blks.0.transformer_layers.2.norm1,Refine.2,p226,-0.1735463902997329,72980
780,muse,STOI,23,TCFTransformer.mag_refinement.mhca_blks.0.transformer_layers.3.norm1,Refine.3,p226,-0.08980625346460516,72980
780,muse,SI-SDR,0,TCFTransformer.encoder_level1.mhca_blks.0.transformer_layers.0.norm1,Enc-L1.0,p226,0.3859818165884876,72980
780,muse,SI-SDR,1,TCFTransformer.encoder_level1.mhca_blks.0.transformer_layers.1.norm1,Enc-L1.1,p226,0.47030846002534077,72980
780,muse,SI-SDR,2,TCFTransformer.encoder_level1.mhca_blks.0.transformer_layers.2.norm1,Enc-L1.2,p226,0.36443381434141453,72980
780,muse,SI-SDR,3,TCFTransformer.encoder_level1.mhca_blks.0.transformer_layers.3.norm1,Enc-L1.3,p226,0.3785313266010366,72980
780,muse,SI-SDR,4,TCFTransformer.encoder_level2.mhca_blks.0.transformer_layers.0.norm1,Enc-L2.0,p226,0.24938615236977268,72980
780,muse,SI-SDR,5,TCFTransformer.encoder_level2.mhca_blks.0.transformer_layers.1.norm1,Enc-L2.1,p226,0.35906553527460905,72980
780,muse,SI-SDR,6,TCFTransformer.encoder_level2.mhca_blks.0.transformer_layers.2.norm1,Enc-L2.2,p226,0.3487438886701172,72980
780,muse,SI-SDR,7,TCFTransformer.encoder_level2.mhca_blks.0.transformer_layers.3.norm1,Enc-L2.3,p226,0.3050773047873048,72980
780,muse,SI-SDR,8,TCFTransformer.latent.mhca_blks.0.transformer_layers.0.norm1,Latent.0,p226,0.39022330113878423,72980
780,muse,SI-SDR,9,TCFTransformer.latent.mhca_blks.0.transformer_layers.1.norm1,Latent.1,p226,0.5599120655127303,72980
780,muse,SI-SDR,10,TCFTransformer.latent.mhca_blks.0.transformer_layers.2.norm1,Latent.2,p226,0.485378406501919,72980
780,muse,SI-SDR,11,TCFTransformer.latent.mhca_blks.0.transformer_layers.3.norm1,Latent.3,p226,0.5137837101086598,72980
780,muse,SI-SDR,12,TCFTransformer.decoder_level2.mhca_blks.0.transformer_layers.0.norm1,Dec-L2.0,p226,0.4207027273857261,72980
780,muse,SI-SDR,13,TCFTransformer.decoder_level2.mhca_blks.0.transformer_layers.1.norm1,Dec-L2.1,p226,0.3758632519348314,72980
780,muse,SI-SDR,14,TCFTransformer.decoder_level2.mhca_blks.0.transformer_layers.2.norm1,Dec-L2.2,p226,0.35192477845199915,72980
780,muse,SI-SDR,15,TCFTransformer.decoder_level2.mhca_blks.0.transformer_layers.3.norm1,Dec-L2.3,p226,0.2132972919049051,72980
780,muse,SI-SDR,16,TCFTransformer.decoder_level1.mhca_blks.0.transformer_layers.0.norm1,Dec-L1.0,p226,0.20646377301953095,72980
780,muse,SI-SDR,17,TCFTransformer.decoder_level1.mhca_blks.0.transformer_layers.1.norm1,Dec-L1.1,p226,0.1853040359782275,72980
780,muse,SI-SDR,18,TCFTransformer.decoder_level1.mhca_blks.0.transformer_layers.2.norm1,Dec-L1.2,p226,0.2090468547104351,72980
780,muse,SI-SDR,19,TCFTransformer.decoder_level1.mhca_blks.0.transformer_layers.3.norm1,Dec-L1.3,p226,0.1719674628140287,72980
780,muse,SI-SDR,20,TCFTransformer.mag_refinement.mhca_blks.0.transformer_layers.0.norm1,Refine.0,p226,0.2123849782533666,72980
780,muse,SI-SDR,21,TCFTransformer.mag_refinement.mhca_blks.0.transformer_layers.1.norm1,Refine.1,p226,0.2336965673306847,72980
780,muse,SI-SDR,22,TCFTransformer.mag_refinement.mhca_blks.0.transformer_layers.2.norm1,Refine.2,p226,0.23648599434656273,72980
780,muse,SI-SDR,23,TCFTransformer.mag_refinement.mhca_blks.0.transformer_layers.3.norm1,Refine.3,p226,0.21445641632191834,72980
780,muse,DNSMOS-OVRL,0,TCFTransformer.encoder_level1.mhca_blks.0.transformer_layers.0.norm1,Enc-L1.0,p226,-0.3853938606223301,72980
780,muse,DNSMOS-OVRL,1,TCFTransformer.encoder_level1.mhca_blks.0.transformer_layers.1.norm1,Enc-L1.1,p226,-0.45103396364104,72980
780,muse,DNSMOS-OVRL,2,TCFTransformer.encoder_level1.mhca_blks.0.transformer_layers.2.norm1,Enc-L1.2,p226,-0.3931970776483272,72980
780,muse,DNSMOS-OVRL,3,TCFTransformer.encoder_level1.mhca_blks.0.transformer_layers.3.norm1,Enc-L1.3,p226,-0.40350149462185203,72980
780,muse,DNSMOS-OVRL,4,TCFTransformer.encoder_level2.mhca_blks.0.transformer_layers.0.norm1,Enc-L2.0,p226,-0.28539163400312606,72980
780,muse,DNSMOS-OVRL,5,TCFTransformer.encoder_level2.mhca_blks.0.transformer_layers.1.norm1,Enc-L2.1,p226,-0.3054572728192242,72980
780,muse,DNSMOS-OVRL,6,TCFTransformer.encoder_level2.mhca_blks.0.transformer_layers.2.norm1,Enc-L2.2,p226,-0.2844142949222887,72980
780,muse,DNSMOS-OVRL,7,TCFTransformer.encoder_level2.mhca_blks.0.transformer_layers.3.norm1,Enc-L2.3,p226,-0.21895182512656586,72980
780,muse,DNSMOS-OVRL,8,TCFTransformer.latent.mhca_blks.0.transformer_layers.0.norm1,Latent.0,p226,-0.36489937177201276,72980
780,muse,DNSMOS-OVRL,9,TCFTransformer.latent.mhca_blks.0.transformer_layers.1.norm1,Latent.1,p226,-0.5146808821176752,72980
780,muse,DNSMOS-OVRL,10,TCFTransformer.latent.mhca_blks.0.transformer_layers.2.norm1,Latent.2,p226,-0.4422789157184253,72980
780,muse,DNSMOS-OVRL,11,TCFTransformer.latent.mhca_blks.0.transformer_layers.3.norm1,Latent.3,p226,-0.5066906733957588,72980
780,muse,DNSMOS-OVRL,12,TCFTransformer.decoder_level2.mhca_blks.0.transformer_layers.0.norm1,Dec-L2.0,p226,-0.4593540084532259,72980
780,muse,DNSMOS-OVRL,13,TCFTransformer.decoder_level2.mhca_blks.0.transformer_layers.1.norm1,Dec-L2.1,p226,-0.42300542837023813,72980
780,muse,DNSMOS-OVRL,14,TCFTransformer.decoder_level2.mhca_blks.0.transformer_layers.2.norm1,Dec-L2.2,p226,-0.3724857434426746,72980
780,muse,DNSMOS-OVRL,15,TCFTransformer.decoder_level2.mhca_blks.0.transformer_layers.3.norm1,Dec-L2.3,p226,-0.2060316827670495,72980
780,muse,DNSMOS-OVRL,16,TCFTransformer.decoder_level1.mhca_blks.0.transformer_layers.0.norm1,Dec-L1.0,p226,-0.22353137832536712,72980
780,muse,DNSMOS-OVRL,17,TCFTransformer.decoder_level1.mhca_blks.0.transformer_layers.1.norm1,Dec-L1.1,p226,-0.2209539528739839,72980
780,muse,DNSMOS-OVRL,18,TCFTransformer.decoder_level1.mhca_blks.0.transformer_layers.2.norm1,Dec-L1.2,p226,-0.23820911488358829,72980
780,muse,DNSMOS-OVRL,19,TCFTransformer.decoder_level1.mhca_blks.0.transformer_layers.3.norm1,Dec-L1.3,p226,-0.19864737403809157,72980
780,muse,DNSMOS-OVRL,20,TCFTransformer.mag_refinement.mhca_blks.0.transformer_layers.0.norm1,Refine.0,p226,-0.2372734447861079,72980
780,muse,DNSMOS-OVRL,21,TCFTransformer.mag_refinement.mhca_blks.0.transformer_layers.1.norm1,Refine.1,p226,-0.2545345617550764,72980
780,muse,DNSMOS-OVRL,22,TCFTransformer.mag_refinement.mhca_blks.0.transformer_layers.2.norm1,Refine.2,p226,-0.2583865204801812,72980
780,muse,DNSMOS-OVRL,23,TCFTransformer.mag_refinement.mhca_blks.0.transformer_layers.3.norm1,Refine.3,p226,-0.2187317421512577,72980
780,muse,DNSMOS-SIG,0,TCFTransformer.encoder_level1.mhca_blks.0.transformer_layers.0.norm1,Enc-L1.0,p226,-0.27330154881730256,72980
780,muse,DNSMOS-SIG,1,TCFTransformer.encoder_level1.mhca_blks.0.transformer_layers.1.norm1,Enc-L1.1,p226,-0.32967163390585497,72980
780,muse,DNSMOS-SIG,2,TCFTransformer.encoder_level1.mhca_blks.0.transformer_layers.2.norm1,Enc-L1.2,p226,-0.2847999213375081,72980
780,muse,DNSMOS-SIG,3,TCFTransformer.encoder_level1.mhca_blks.0.transformer_layers.3.norm1,Enc-L1.3,p226,-0.2851465098730793,72980
780,muse,DNSMOS-SIG,4,TCFTransformer.encoder_level2.mhca_blks.0.transformer_layers.0.norm1,Enc-L2.0,p226,-0.20003490372294422,72980
780,muse,DNSMOS-SIG,5,TCFTransformer.encoder_level2.mhca_blks.0.transformer_layers.1.norm1,Enc-L2.1,p226,-0.13387032167241608,72980
780,muse,DNSMOS-SIG,6,TCFTransformer.encoder_level2.mhca_blks.0.transformer_layers.2.norm1,Enc-L2.2,p226,-0.11027226844662617,72980
780,muse,DNSMOS-SIG,7,TCFTransformer.encoder_level2.mhca_blks.0.transformer_layers.3.norm1,Enc-L2.3,p226,-0.04428007671976585,72980
780,muse,DNSMOS-SIG,8,TCFTransformer.latent.mhca_blks.0.transformer_layers.0.norm1,Latent.0,p226,-0.22070899070081001,72980
780,muse,DNSMOS-SIG,9,TCFTransformer.latent.mhca_blks.0.transformer_layers.1.norm1,Latent.1,p226,-0.3379993211763096,72980
780,muse,DNSMOS-SIG,10,TCFTransformer.latent.mhca_blks.0.transformer_layers.2.norm1,Latent.2,p226,-0.2757732546060917,72980
780,muse,DNSMOS-SIG,11,TCFTransformer.latent.mhca_blks.0.transformer_layers.3.norm1,Latent.3,p226,-0.34888457369718795,72980
780,muse,DNSMOS-SIG,12,TCFTransformer.decoder_level2.mhca_blks.0.transformer_layers.0.norm1,Dec-L2.0,p226,-0.26201535639837265,72980
780,muse,DNSMOS-SIG,13,TCFTransformer.decoder_level2.mhca_blks.0.transformer_layers.1.norm1,Dec-L2.1,p226,-0.22761921850295083,72980
780,muse,DNSMOS-SIG,14,TCFTransformer.decoder_level2.mhca_blks.0.transformer_layers.2.norm1,Dec-L2.2,p226,-0.18433891571207833,72980
780,muse,DNSMOS-SIG,15,TCFTransformer.decoder_level2.mhca_blks.0.transformer_layers.3.norm1,Dec-L2.3,p226,-0.07287416449491041,72980
780,muse,DNSMOS-SIG,16,TCFTransformer.decoder_level1.mhca_blks.0.transformer_layers.0.norm1,Dec-L1.0,p226,-0.08172822974901471,72980
780,muse,DNSMOS-SIG,17,TCFTransformer.decoder_level1.mhca_blks.0.transformer_layers.1.norm1,Dec-L1.1,p226,-0.08820783141758146,72980
780,muse,DNSMOS-SIG,18,TCFTransformer.decoder_level1.mhca_blks.0.transformer_layers.2.norm1,Dec-L1.2,p226,-0.10120089877301297,72980
780,muse,DNSMOS-SIG,19,TCFTransformer.decoder_level1.mhca_blks.0.transformer_layers.3.norm1,Dec-L1.3,p226,-0.08041783264166918,72980
780,muse,DNSMOS-SIG,20,TCFTransformer.mag_refinement.mhca_blks.0.transformer_layers.0.norm1,Refine.0,p226,-0.09785757327505105,72980
780,muse,DNSMOS-SIG,21,TCFTransformer.mag_refinement.mhca_blks.0.transformer_layers.1.norm1,Refine.1,p226,-0.11741035848764066,72980
780,muse,DNSMOS-SIG,22,TCFTransformer.mag_refinement.mhca_blks.0.transformer_layers.2.norm1,Refine.2,p226,-0.11595022624428147,72980
780,muse,DNSMOS-SIG,23,TCFTransformer.mag_refinement.mhca_blks.0.transformer_layers.3.norm1,Refine.3,p226,-0.08142463604637491,72980
780,muse,DNSMOS-BAK,0,TCFTransformer.encoder_level1.mhca_blks.0.transformer_layers.0.norm1,Enc-L1.0,p226,-0.48047041856804507,72980
780,muse,DNSMOS-BAK,1,TCFTransformer.encoder_level1.mhca_blks.0.transformer_layers.1.norm1,Enc-L1.1,p226,-0.5194164898738268,72980
780,muse,DNSMOS-BAK,2,TCFTransformer.encoder_level1.mhca_blks.0.transformer_layers.2.norm1,Enc-L1.2,p226,-0.44421914291287157,72980
780,muse,DNSMOS-BAK,3,TCFTransformer.encoder_level1.mhca_blks.0.transformer_layers.3.norm1,Enc-L1.3,p226,-0.4622154551313091,72980
780,muse,DNSMOS-BAK,4,TCFTransformer.encoder_level2.mhca_blks.0.transformer_layers.0.norm1,Enc-L2.0,p226,-0.3371246137024222,72980
780,muse,DNSMOS-BAK,5,TCFTransformer.encoder_level2.mhca_blks.0.transformer_layers.1.norm1,Enc-L2.1,p226,-0.41773398303420933,72980
780,muse,DNSMOS-BAK,6,TCFTransformer.encoder_level2.mhca_blks.0.transformer_layers.2.norm1,Enc-L2.2,p226,-0.4032816554181218,72980
780,muse,DNSMOS-BAK,7,TCFTransformer.encoder_level2.mhca_blks.0.transformer_layers.3.norm1,Enc-L2.3,p226,-0.33745555046785985,72980
780,muse,DNSMOS-BAK,8,TCFTransformer.latent.mhca_blks.0.transformer_layers.0.norm1,Latent.0,p226,-0.4517920035793462,72980
780,muse,DNSMOS-BAK,9,TCFTransformer.latent.mhca_blks.0.transformer_layers.1.norm1,Latent.1,p226,-0.62825384593691,72980
780,muse,DNSMOS-BAK,10,TCFTransformer.latent.mhca_blks.0.transformer_layers.2.norm1,Latent.2,p226,-0.5440148125654845,72980
780,muse,DNSMOS-BAK,11,TCFTransformer.latent.mhca_blks.0.transformer_layers.3.norm1,Latent.3,p226,-0.6072707822842511,72980
780,muse,DNSMOS-BAK,12,TCFTransformer.decoder_level2.mhca_blks.0.transformer_layers.0.norm1,Dec-L2.0,p226,-0.5593462102595331,72980
780,muse,DNSMOS-BAK,13,TCFTransformer.decoder_level2.mhca_blks.0.transformer_layers.1.norm1,Dec-L2.1,p226,-0.5182897683041792,72980
780,muse,DNSMOS-BAK,14,TCFTransformer.decoder_level2.mhca_blks.0.transformer_layers.2.norm1,Dec-L2.2,p226,-0.4635239045814028,72980
780,muse,DNSMOS-BAK,15,TCFTransformer.decoder_level2.mhca_blks.0.transformer_layers.3.norm1,Dec-L2.3,p226,-0.2740845829520648,72980
780,muse,DNSMOS-BAK,16,TCFTransformer.decoder_level1.mhca_blks.0.transformer_layers.0.norm1,Dec-L1.0,p226,-0.28756850589283434,72980
780,muse,DNSMOS-BAK,17,TCFTransformer.decoder_level1.mhca_blks.0.transformer_layers.1.norm1,Dec-L1.1,p226,-0.27858385255946805,72980
780,muse,DNSMOS-BAK,18,TCFTransformer.decoder_level1.mhca_blks.0.transformer_layers.2.norm1,Dec-L1.2,p226,-0.29832424715588984,72980
780,muse,DNSMOS-BAK,19,TCFTransformer.decoder_level1.mhca_blks.0.transformer_layers.3.norm1,Dec-L1.3,p226,-0.25074592398682577,72980
780,muse,DNSMOS-BAK,20,TCFTransformer.mag_refinement.mhca_blks.0.transformer_layers.0.norm1,Refine.0,p226,-0.30043017720124376,72980
780,muse,DNSMOS-BAK,21,TCFTransformer.mag_refinement.mhca_blks.0.transformer_layers.1.norm1,Refine.1,p226,-0.31708797032549624,72980
780,muse,DNSMOS-BAK,22,TCFTransformer.mag_refinement.mhca_blks.0.transformer_layers.2.norm1,Refine.2,p226,-0.3241625502549113,72980
780,muse,DNSMOS-BAK,23,TCFTransformer.mag_refinement.mhca_blks.0.transformer_layers.3.norm1,Refine.3,p226,-0.2814829863980742,72980
780,muse,PESQ,0,TCFTransformer.encoder_level1.mhca_blks.0.transformer_layers.0.norm1,Enc-L1.0,p287,0.2905444799753248,86920
780,muse,PESQ,1,TCFTransformer.encoder_level1.mhca_blks.0.transformer_layers.1.norm1,Enc-L1.1,p287,0.1390369857361838,86920
780,muse,PESQ,2,TCFTransformer.encoder_level1.mhca_blks.0.transformer_layers.2.norm1,Enc-L1.2,p287,0.01671459153424231,86920
780,muse,PESQ,3,TCFTransformer.encoder_level1.mhca_blks.0.transformer_layers.3.norm1,Enc-L1.3,p287,0.021883597866843144,86920
780,muse,PESQ,4,TCFTransformer.encoder_level2.mhca_blks.0.transformer_layers.0.norm1,Enc-L2.0,p287,-0.013008350769139511,86920
780,muse,PESQ,5,TCFTransformer.encoder_level2.mhca_blks.0.transformer_layers.1.norm1,Enc-L2.1,p287,0.13444608247122083,86920
780,muse,PESQ,6,TCFTransformer.encoder_level2.mhca_blks.0.transformer_layers.2.norm1,Enc-L2.2,p287,0.1104417188334842,86920
780,muse,PESQ,7,TCFTransformer.encoder_level2.mhca_blks.0.transformer_layers.3.norm1,Enc-L2.3,p287,0.028525402521484267,86920
780,muse,PESQ,8,TCFTransformer.latent.mhca_blks.0.transformer_layers.0.norm1,Latent.0,p287,0.07838923053238118,86920
780,muse,PESQ,9,TCFTransformer.latent.mhca_blks.0.transformer_layers.1.norm1,Latent.1,p287,0.12339369126457259,86920
780,muse,PESQ,10,TCFTransformer.latent.mhca_blks.0.transformer_layers.2.norm1,Latent.2,p287,0.09322832156968175,86920
780,muse,PESQ,11,TCFTransformer.latent.mhca_blks.0.transformer_layers.3.norm1,Latent.3,p287,0.08014223720805677,86920
780,muse,PESQ,12,TCFTransformer.decoder_level2.mhca_blks.0.transformer_layers.0.norm1,Dec-L2.0,p287,0.08552624924438618,86920
780,muse,PESQ,13,TCFTransformer.decoder_level2.mhca_blks.0.transformer_layers.1.norm1,Dec-L2.1,p287,0.05509019964822333,86920
780,muse,PESQ,14,TCFTransformer.decoder_level2.mhca_blks.0.transformer_layers.2.norm1,Dec-L2.2,p287,0.01675815981727328,86920
780,muse,PESQ,15,TCFTransformer.decoder_level2.mhca_blks.0.transformer_layers.3.norm1,Dec-L2.3,p287,-0.309421615315033,86920
780,muse,PESQ,16,TCFTransformer.decoder_level1.mhca_blks.0.transformer_layers.0.norm1,Dec-L1.0,p287,-0.19937005930117083,86920
780,muse,PESQ,17,TCFTransformer.decoder_level1.mhca_blks.0.transformer_layers.1.norm1,Dec-L1.1,p287,-0.19190413150664798,86920
780,muse,PESQ,18,TCFTransformer.decoder_level1.mhca_blks.0.transformer_layers.2.norm1,Dec-L1.2,p287,-0.1402904734071533,86920
780,muse,PESQ,19,TCFTransformer.decoder_level1.mhca_blks.0.transformer_layers.3.norm1,Dec-L1.3,p287,-0.2181957141213098,86920
780,muse,PESQ,20,TCFTransformer.mag_refinement.mhca_blks.0.transformer_layers.0.norm1,Refine.0,p287,-0.19554985249693618,86920
780,muse,PESQ,21,TCFTransformer.mag_refinement.mhca_blks.0.transformer_layers.1.norm1,Refine.1,p287,-0.12174863098211003,86920
780,muse,PESQ,22,TCFTransformer.mag_refinement.mhca_blks.0.transformer_layers.2.norm1,Refine.2,p287,-0.036199502091908184,86920
780,muse,PESQ,23,TCFTransformer.mag_refinement.mhca_blks.0.transformer_layers.3.norm1,Refine.3,p287,-0.10784067579057237,86920
780,muse,STOI,0,TCFTransformer.encoder_level1.mhca_blks.0.transformer_layers.0.norm1,Enc-L1.0,p287,-0.5670705916136877,86920
780,muse,STOI,1,TCFTransformer.encoder_level1.mhca_blks.0.transformer_layers.1.norm1,Enc-L1.1,p287,-0.41225968956661774,86920
780,muse,STOI,2,TCFTransformer.encoder_level1.mhca_blks.0.transformer_layers.2.norm1,Enc-L1.2,p287,-0.25666388480220925,86920
780,muse,STOI,3,TCFTransformer.encoder_level1.mhca_blks.0.transformer_layers.3.norm1,Enc-L1.3,p287,-0.26725811962271745,86920
780,muse,STOI,4,TCFTransformer.encoder_level2.mhca_blks.0.transformer_layers.0.norm1,Enc-L2.0,p287,-0.16878550846506662,86920
780,muse,STOI,5,TCFTransformer.encoder_level2.mhca_blks.0.transformer_layers.1.norm1,Enc-L2.1,p287,-0.4682218545497144,86920
780,muse,STOI,6,TCFTransformer.encoder_level2.mhca_blks.0.transformer_layers.2.norm1,Enc-L2.2,p287,-0.48321261120902137,86920
780,muse,STOI,7,TCFTransformer.encoder_level2.mhca_blks.0.transformer_layers.3.norm1,Enc-L2.3,p287,-0.3381044460417952,86920
780,muse,STOI,8,TCFTransformer.latent.mhca_blks.0.transformer_layers.0.norm1,Latent.0,p287,-0.31406655506851777,86920
780,muse,STOI,9,TCFTransformer.latent.mhca_blks.0.transformer_layers.1.norm1,Latent.1,p287,-0.5119074436029232,86920
780,muse,STOI,10,TCFTransformer.latent.mhca_blks.0.transformer_layers.2.norm1,Latent.2,p287,-0.5203712642732375,86920
780,muse,STOI,11,TCFTransformer.latent.mhca_blks.0.transformer_layers.3.norm1,Latent.3,p287,-0.5722665914139348,86920
780,muse,STOI,12,TCFTransformer.decoder_level2.mhca_blks.0.transformer_layers.0.norm1,Dec-L2.0,p287,-0.5545156642115912,86920
780,muse,STOI,13,TCFTransformer.decoder_level2.mhca_blks.0.transformer_layers.1.norm1,Dec-L2.1,p287,-0.5470744664488884,86920
780,muse,STOI,14,TCFTransformer.decoder_level2.mhca_blks.0.transformer_layers.2.norm1,Dec-L2.2,p287,-0.5238348172727523,86920
780,muse,STOI,15,TCFTransformer.decoder_level2.mhca_blks.0.transformer_layers.3.norm1,Dec-L2.3,p287,-0.3468828474371635,86920
780,muse,STOI,16,TCFTransformer.decoder_level1.mhca_blks.0.transformer_layers.0.norm1,Dec-L1.0,p287,-0.4285712834519439,86920
780,muse,STOI,17,TCFTransformer.decoder_level1.mhca_blks.0.transformer_layers.1.norm1,Dec-L1.1,p287,-0.38524283590546887,86920
780,muse,STOI,18,TCFTransformer.decoder_level1.mhca_blks.0.transformer_layers.2.norm1,Dec-L1.2,p287,-0.41929849668284314,86920
780,muse,STOI,19,TCFTransformer.decoder_level1.mhca_blks.0.transformer_layers.3.norm1,Dec-L1.3,p287,-0.31556272208380587,86920
780,muse,STOI,20,TCFTransformer.mag_refinement.mhca_blks.0.transformer_layers.0.norm1,Refine.0,p287,-0.4271943566350169,86920
780,muse,STOI,21,TCFTransformer.mag_refinement.mhca_blks.0.transformer_layers.1.norm1,Refine.1,p287,-0.46476914696779353,86920
780,muse,STOI,22,TCFTransformer.mag_refinement.mhca_blks.0.transformer_layers.2.norm1,Refine.2,p287,-0.5491480273411351,86920
780,muse,STOI,23,TCFTransformer.mag_refinement.mhca_blks.0.transformer_layers.3.norm1,Refine.3,p287,-0.5068719668503352,86920
780,muse,SI-SDR,0,TCFTransformer.encoder_level1.mhca_blks.0.transformer_layers.0.norm1,Enc-L1.0,p287,0.45837163470512593,86920
780,muse,SI-SDR,1,TCFTransformer.encoder_level1.mhca_blks.0.transformer_layers.1.norm1,Enc-L1.1,p287,0.5524954460727101,86920
780,muse,SI-SDR,2,TCFTransformer.encoder_level1.mhca_blks.0.transformer_layers.2.norm1,Enc-L1.2,p287,0.47819259681852405,86920
780,muse,SI-SDR,3,TCFTransformer.encoder_level1.mhca_blks.0.transformer_layers.3.norm1,Enc-L1.3,p287,0.48402898445121983,86920
780,muse,SI-SDR,4,TCFTransformer.encoder_level2.mhca_blks.0.transformer_layers.0.norm1,Enc-L2.0,p287,0.3579957622255683,86920
780,muse,SI-SDR,5,TCFTransformer.encoder_level2.mhca_blks.0.transformer_layers.1.norm1,Enc-L2.1,p287,0.5262556119463259,86920
780,muse,SI-SDR,6,TCFTransformer.encoder_level2.mhca_blks.0.transformer_layers.2.norm1,Enc-L2.2,p287,0.5044800426144411,86920
780,muse,SI-SDR,7,TCFTransformer.encoder_level2.mhca_blks.0.transformer_layers.3.norm1,Enc-L2.3,p287,0.3559873353666319,86920
780,muse,SI-SDR,8,TCFTransformer.latent.mhca_blks.0.transformer_layers.0.norm1,Latent.0,p287,0.5276068120964403,86920
780,muse,SI-SDR,9,TCFTransformer.latent.mhca_blks.0.transformer_layers.1.norm1,Latent.1,p287,0.6312126146578729,86920
780,muse,SI-SDR,10,TCFTransformer.latent.mhca_blks.0.transformer_layers.2.norm1,Latent.2,p287,0.6104572022435384,86920
780,muse,SI-SDR,11,TCFTransformer.latent.mhca_blks.0.transformer_layers.3.norm1,Latent.3,p287,0.6487490443044109,86920
780,muse,SI-SDR,12,TCFTransformer.decoder_level2.mhca_blks.0.transformer_layers.0.norm1,Dec-L2.0,p287,0.5322251938347197,86920
780,muse,SI-SDR,13,TCFTransformer.decoder_level2.mhca_blks.0.transformer_layers.1.norm1,Dec-L2.1,p287,0.5050391959647096,86920
780,muse,SI-SDR,14,TCFTransformer.decoder_level2.mhca_blks.0.transformer_layers.2.norm1,Dec-L2.2,p287,0.4837652082357284,86920
780,muse,SI-SDR,15,TCFTransformer.decoder_level2.mhca_blks.0.transformer_layers.3.norm1,Dec-L2.3,p287,0.3324398224375133,86920
780,muse,SI-SDR,16,TCFTransformer.decoder_level1.mhca_blks.0.transformer_layers.0.norm1,Dec-L1.0,p287,0.42687284599477604,86920
780,muse,SI-SDR,17,TCFTransformer.decoder_level1.mhca_blks.0.transformer_layers.1.norm1,Dec-L1.1,p287,0.4125905585760859,86920
780,muse,SI-SDR,18,TCFTransformer.decoder_level1.mhca_blks.0.transformer_layers.2.norm1,Dec-L1.2,p287,0.437825886156944,86920
780,muse,SI-SDR,19,TCFTransformer.decoder_level1.mhca_blks.0.transformer_layers.3.norm1,Dec-L1.3,p287,0.3906685582970452,86920
780,muse,SI-SDR,20,TCFTransformer.mag_refinement.mhca_blks.0.transformer_layers.0.norm1,Refine.0,p287,0.4290133681680796,86920
780,muse,SI-SDR,21,TCFTransformer.mag_refinement.mhca_blks.0.transformer_layers.1.norm1,Refine.1,p287,0.46088607357332534,86920
780,muse,SI-SDR,22,TCFTransformer.mag_refinement.mhca_blks.0.transformer_layers.2.norm1,Refine.2,p287,0.46811004257139066,86920
780,muse,SI-SDR,23,TCFTransformer.mag_refinement.mhca_blks.0.transformer_layers.3.norm1,Refine.3,p287,0.44255552982914126,86920
780,muse,DNSMOS-OVRL,0,TCFTransformer.encoder_level1.mhca_blks.0.transformer_layers.0.norm1,Enc-L1.0,p287,-0.45980611900492,86920
780,muse,DNSMOS-OVRL,1,TCFTransformer.encoder_level1.mhca_blks.0.transformer_layers.1.norm1,Enc-L1.1,p287,-0.5905495690039647,86920
780,muse,DNSMOS-OVRL,2,TCFTransformer.encoder_level1.mhca_blks.0.transformer_layers.2.norm1,Enc-L1.2,p287,-0.5600017906278905,86920
780,muse,DNSMOS-OVRL,3,TCFTransformer.encoder_level1.mhca_blks.0.transformer_layers.3.norm1,Enc-L1.3,p287,-0.5643187303776497,86920
780,muse,DNSMOS-OVRL,4,TCFTransformer.encoder_level2.mhca_blks.0.transformer_layers.0.norm1,Enc-L2.0,p287,-0.4131285779913798,86920
780,muse,DNSMOS-OVRL,5,TCFTransformer.encoder_level2.mhca_blks.0.transformer_layers.1.norm1,Enc-L2.1,p287,-0.5425665560283451,86920
780,muse,DNSMOS-OVRL,6,TCFTransformer.encoder_level2.mhca_blks.0.transformer_layers.2.norm1,Enc-L2.2,p287,-0.5129259249886243,86920
780,muse,DNSMOS-OVRL,7,TCFTransformer.encoder_level2.mhca_blks.0.transformer_layers.3.norm1,Enc-L2.3,p287,-0.33949720524246807,86920
780,muse,DNSMOS-OVRL,8,TCFTransformer.latent.mhca_blks.0.transformer_layers.0.norm1,Latent.0,p287,-0.5558899934502947,86920
780,muse,DNSMOS-OVRL,9,TCFTransformer.latent.mhca_blks.0.transformer_layers.1.norm1,Latent.1,p287,-0.6411633567066086,86920
780,muse,DNSMOS-OVRL,10,TCFTransformer.latent.mhca_blks.0.transformer_layers.2.norm1,Latent.2,p287,-0.6116071716597952,86920
780,muse,DNSMOS-OVRL,11,TCFTransformer.latent.mhca_blks.0.transformer_layers.3.norm1,Latent.3,p287,-0.6474234618066905,86920
780,muse,DNSMOS-OVRL,12,TCFTransformer.decoder_level2.mhca_blks.0.transformer_layers.0.norm1,Dec-L2.0,p287,-0.6008856995444747,86920
780,muse,DNSMOS-OVRL,13,TCFTransformer.decoder_level2.mhca_blks.0.transformer_layers.1.norm1,Dec-L2.1,p287,-0.588694018118713,86920
780,muse,DNSMOS-OVRL,14,TCFTransformer.decoder_level2.mhca_blks.0.transformer_layers.2.norm1,Dec-L2.2,p287,-0.5353880906934014,86920
780,muse,DNSMOS-OVRL,15,TCFTransformer.decoder_level2.mhca_blks.0.transformer_layers.3.norm1,Dec-L2.3,p287,-0.3153187645724889,86920
780,muse,DNSMOS-OVRL,16,TCFTransformer.decoder_level1.mhca_blks.0.transformer_layers.0.norm1,Dec-L1.0,p287,-0.46562688827752463,86920
780,muse,DNSMOS-OVRL,17,TCFTransformer.decoder_level1.mhca_blks.0.transformer_layers.1.norm1,Dec-L1.1,p287,-0.47242023883182793,86920
780,muse,DNSMOS-OVRL,18,TCFTransformer.decoder_level1.mhca_blks.0.transformer_layers.2.norm1,Dec-L1.2,p287,-0.4891494410060029,86920
780,muse,DNSMOS-OVRL,19,TCFTransformer.decoder_level1.mhca_blks.0.transformer_layers.3.norm1,Dec-L1.3,p287,-0.4351099053456352,86920
780,muse,DNSMOS-OVRL,20,TCFTransformer.mag_refinement.mhca_blks.0.transformer_layers.0.norm1,Refine.0,p287,-0.4784486876499312,86920
780,muse,DNSMOS-OVRL,21,TCFTransformer.mag_refinement.mhca_blks.0.transformer_layers.1.norm1,Refine.1,p287,-0.505200199135353,86920
780,muse,DNSMOS-OVRL,22,TCFTransformer.mag_refinement.mhca_blks.0.transformer_layers.2.norm1,Refine.2,p287,-0.503679464178937,86920
780,muse,DNSMOS-OVRL,23,TCFTransformer.mag_refinement.mhca_blks.0.transformer_layers.3.norm1,Refine.3,p287,-0.4589693762544847,86920
780,muse,DNSMOS-SIG,0,TCFTransformer.encoder_level1.mhca_blks.0.transformer_layers.0.norm1,Enc-L1.0,p287,-0.3840982584103504,86920
780,muse,DNSMOS-SIG,1,TCFTransformer.encoder_level1.mhca_blks.0.transformer_layers.1.norm1,Enc-L1.1,p287,-0.5146571143901959,86920
780,muse,DNSMOS-SIG,2,TCFTransformer.encoder_level1.mhca_blks.0.transformer_layers.2.norm1,Enc-L1.2,p287,-0.47082572632376973,86920
780,muse,DNSMOS-SIG,3,TCFTransformer.encoder_level1.mhca_blks.0.transformer_layers.3.norm1,Enc-L1.3,p287,-0.4652456550967631,86920
780,muse,DNSMOS-SIG,4,TCFTransformer.encoder_level2.mhca_blks.0.transformer_layers.0.norm1,Enc-L2.0,p287,-0.353378402680499,86920
780,muse,DNSMOS-SIG,5,TCFTransformer.encoder_level2.mhca_blks.0.transformer_layers.1.norm1,Enc-L2.1,p287,-0.4100777110329451,86920
780,muse,DNSMOS-SIG,6,TCFTransformer.encoder_level2.mhca_blks.0.transformer_layers.2.norm1,Enc-L2.2,p287,-0.3622593976049186,86920
780,muse,DNSMOS-SIG,7,TCFTransformer.encoder_level2.mhca_blks.0.transformer_layers.3.norm1,Enc-L2.3,p287,-0.1732567818432856,86920
780,muse,DNSMOS-SIG,8,TCFTransformer.latent.mhca_blks.0.transformer_layers.0.norm1,Latent.0,p287,-0.43793603447755963,86920
780,muse,DNSMOS-SIG,9,TCFTransformer.latent.mhca_blks.0.transformer_layers.1.norm1,Latent.1,p287,-0.5363792043171011,86920
780,muse,DNSMOS-SIG,10,TCFTransformer.latent.mhca_blks.0.transformer_layers.2.norm1,Latent.2,p287,-0.49081708318775386,86920
780,muse,DNSMOS-SIG,11,TCFTransformer.latent.mhca_blks.0.transformer_layers.3.norm1,Latent.3,p287,-0.5134758235615817,86920
780,muse,DNSMOS-SIG,12,TCFTransformer.decoder_level2.mhca_blks.0.transformer_layers.0.norm1,Dec-L2.0,p287,-0.4617181738616581,86920
780,muse,DNSMOS-SIG,13,TCFTransformer.decoder_level2.mhca_blks.0.transformer_layers.1.norm1,Dec-L2.1,p287,-0.4424645902883314,86920
780,muse,DNSMOS-SIG,14,TCFTransformer.decoder_level2.mhca_blks.0.transformer_layers.2.norm1,Dec-L2.2,p287,-0.3759898916134342,86920
780,muse,DNSMOS-SIG,15,TCFTransformer.decoder_level2.mhca_blks.0.transformer_layers.3.norm1,Dec-L2.3,p287,-0.13812582735586712,86920
780,muse,DNSMOS-SIG,16,TCFTransformer.decoder_level1.mhca_blks.0.transformer_layers.0.norm1,Dec-L1.0,p287,-0.28297456208280425,86920
780,muse,DNSMOS-SIG,17,TCFTransformer.decoder_level1.mhca_blks.0.transformer_layers.1.norm1,Dec-L1.1,p287,-0.30392187875958654,86920
780,muse,DNSMOS-SIG,18,TCFTransformer.decoder_level1.mhca_blks.0.transformer_layers.2.norm1,Dec-L1.2,p287,-0.3258624707932424,86920
780,muse,DNSMOS-SIG,19,TCFTransformer.decoder_level1.mhca_blks.0.transformer_layers.3.norm1,Dec-L1.3,p287,-0.2696206939835188,86920
780,muse,DNSMOS-SIG,20,TCFTransformer.mag_refinement.mhca_blks.0.transformer_layers.0.norm1,Refine.0,p287,-0.3011464331569792,86920
780,muse,DNSMOS-SIG,21,TCFTransformer.mag_refinement.mhca_blks.0.transformer_layers.1.norm1,Refine.1,p287,-0.33904562032899577,86920
780,muse,DNSMOS-SIG,22,TCFTransformer.mag_refinement.mhca_blks.0.transformer_layers.2.norm1,Refine.2,p287,-0.34993212490723935,86920
780,muse,DNSMOS-SIG,23,TCFTransformer.mag_refinement.mhca_blks.0.transformer_layers.3.norm1,Refine.3,p287,-0.28665301023080436,86920
780,muse,DNSMOS-BAK,0,TCFTransformer.encoder_level1.mhca_blks.0.transformer_layers.0.norm1,Enc-L1.0,p287,-0.5478717011980482,86920
780,muse,DNSMOS-BAK,1,TCFTransformer.encoder_level1.mhca_blks.0.transformer_layers.1.norm1,Enc-L1.1,p287,-0.6361401119699754,86920
780,muse,DNSMOS-BAK,2,TCFTransformer.encoder_level1.mhca_blks.0.transformer_layers.2.norm1,Enc-L1.2,p287,-0.5838285804142778,86920
780,muse,DNSMOS-BAK,3,TCFTransformer.encoder_level1.mhca_blks.0.transformer_layers.3.norm1,Enc-L1.3,p287,-0.5939398425786605,86920
780,muse,DNSMOS-BAK,4,TCFTransformer.encoder_level2.mhca_blks.0.transformer_layers.0.norm1,Enc-L2.0,p287,-0.4247790793385648,86920
780,muse,DNSMOS-BAK,5,TCFTransformer.encoder_level2.mhca_blks.0.transformer_layers.1.norm1,Enc-L2.1,p287,-0.6248571639066305,86920
780,muse,DNSMOS-BAK,6,TCFTransformer.encoder_level2.mhca_blks.0.transformer_layers.2.norm1,Enc-L2.2,p287,-0.6087520449190937,86920
780,muse,DNSMOS-BAK,7,TCFTransformer.encoder_level2.mhca_blks.0.transformer_layers.3.norm1,Enc-L2.3,p287,-0.43399393065272973,86920
780,muse,DNSMOS-BAK,8,TCFTransformer.latent.mhca_blks.0.transformer_layers.0.norm1,Latent.0,p287,-0.6121754605835985,86920
780,muse,DNSMOS-BAK,9,TCFTransformer.latent.mhca_blks.0.transformer_layers.1.norm1,Latent.1,p287,-0.7160265505344243,86920
780,muse,DNSMOS-BAK,10,TCFTransformer.latent.mhca_blks.0.transformer_layers.2.norm1,Latent.2,p287,-0.6924186493255449,86920
780,muse,DNSMOS-BAK,11,TCFTransformer.latent.mhca_blks.0.transformer_layers.3.norm1,Latent.3,p287,-0.7346329545152317,86920
780,muse,DNSMOS-BAK,12,TCFTransformer.decoder_level2.mhca_blks.0.transformer_layers.0.norm1,Dec-L2.0,p287,-0.6742640657635766,86920
780,muse,DNSMOS-BAK,13,TCFTransformer.decoder_level2.mhca_blks.0.transformer_layers.1.norm1,Dec-L2.1,p287,-0.6619332980379473,86920
780,muse,DNSMOS-BAK,14,TCFTransformer.decoder_level2.mhca_blks.0.transformer_layers.2.norm1,Dec-L2.2,p287,-0.6172016873626303,86920
780,muse,DNSMOS-BAK,15,TCFTransformer.decoder_level2.mhca_blks.0.transformer_layers.3.norm1,Dec-L2.3,p287,-0.4092299909557322,86920
780,muse,DNSMOS-BAK,16,TCFTransformer.decoder_level1.mhca_blks.0.transformer_layers.0.norm1,Dec-L1.0,p287,-0.5495823189037249,86920
780,muse,DNSMOS-BAK,17,TCFTransformer.decoder_level1.mhca_blks.0.transformer_layers.1.norm1,Dec-L1.1,p287,-0.5476922411115465,86920
780,muse,DNSMOS-BAK,18,TCFTransformer.decoder_level1.mhca_blks.0.transformer_layers.2.norm1,Dec-L1.2,p287,-0.5673794495858359,86920
780,muse,DNSMOS-BAK,19,TCFTransformer.decoder_level1.mhca_blks.0.transformer_layers.3.norm1,Dec-L1.3,p287,-0.5087632830294041,86920
780,muse,DNSMOS-BAK,20,TCFTransformer.mag_refinement.mhca_blks.0.transformer_layers.0.norm1,Refine.0,p287,-0.5588289786832173,86920
780,muse,DNSMOS-BAK,21,TCFTransformer.mag_refinement.mhca_blks.0.transformer_layers.1.norm1,Refine.1,p287,-0.5860178757059842,86920
780,muse,DNSMOS-BAK,22,TCFTransformer.mag_refinement.mhca_blks.0.transformer_layers.2.norm1,Refine.2,p287,-0.5854366035939577,86920
780,muse,DNSMOS-BAK,23,TCFTransformer.mag_refinement.mhca_blks.0.transformer_layers.3.norm1,Refine.3,p287,-0.5463319238393356,86920
824,muse,PESQ,0,TCFTransformer.encoder_level1.mhca_blks.0.transformer_layers.0.norm1,Enc-L1.0,p232,0.20712962548374764,80565
824,muse,PESQ,1,TCFTransformer.encoder_level1.mhca_blks.0.transformer_layers.1.norm1,Enc-L1.1,p232,0.21290492077652798,80565
824,muse,PESQ,2,TCFTransformer.encoder_level1.mhca_blks.0.transformer_layers.2.norm1,Enc-L1.2,p232,0.06699771685267035,80565
824,muse,PESQ,3,TCFTransformer.encoder_level1.mhca_blks.0.transformer_layers.3.norm1,Enc-L1.3,p232,0.04999918381375071,80565
824,muse,PESQ,4,TCFTransformer.encoder_level2.mhca_blks.0.transformer_layers.0.norm1,Enc-L2.0,p232,0.024431723823151064,80565
824,muse,PESQ,5,TCFTransformer.encoder_level2.mhca_blks.0.transformer_layers.1.norm1,Enc-L2.1,p232,0.056180734322409526,80565
824,muse,PESQ,6,TCFTransformer.encoder_level2.mhca_blks.0.transformer_layers.2.norm1,Enc-L2.2,p232,0.07301163881052229,80565
824,muse,PESQ,7,TCFTransformer.encoder_level2.mhca_blks.0.transformer_layers.3.norm1,Enc-L2.3,p232,0.04544481035445765,80565
824,muse,PESQ,8,TCFTransformer.latent.mhca_blks.0.transformer_layers.0.norm1,Latent.0,p232,0.24503601942110248,80565
824,muse,PESQ,9,TCFTransformer.latent.mhca_blks.0.transformer_layers.1.norm1,Latent.1,p232,0.22650665115935037,80565
824,muse,PESQ,10,TCFTransformer.latent.mhca_blks.0.transformer_layers.2.norm1,Latent.2,p232,0.13073041237915115,80565
824,muse,PESQ,11,TCFTransformer.latent.mhca_blks.0.transformer_layers.3.norm1,Latent.3,p232,0.01011002366960349,80565
824,muse,PESQ,12,TCFTransformer.decoder_level2.mhca_blks.0.transformer_layers.0.norm1,Dec-L2.0,p232,0.004829119071773445,80565
824,muse,PESQ,13,TCFTransformer.decoder_level2.mhca_blks.0.transformer_layers.1.norm1,Dec-L2.1,p232,0.007440108504636066,80565
824,muse,PESQ,14,TCFTransformer.decoder_level2.mhca_blks.0.transformer_layers.2.norm1,Dec-L2.2,p232,0.040928483029350274,80565
824,muse,PESQ,15,TCFTransformer.decoder_level2.mhca_blks.0.transformer_layers.3.norm1,Dec-L2.3,p232,-0.21524127011061295,80565
824,muse,PESQ,16,TCFTransformer.decoder_level1.mhca_blks.0.transformer_layers.0.norm1,Dec-L1.0,p232,-0.19778402565233683,80565
824,muse,PESQ,17,TCFTransformer.decoder_level1.mhca_blks.0.transformer_layers.1.norm1,Dec-L1.1,p232,-0.14027076516520318,80565
824,muse,PESQ,18,TCFTransformer.decoder_level1.mhca_blks.0.transformer_layers.2.norm1,Dec-L1.2,p232,-0.06512565509886481,80565
824,muse,PESQ,19,TCFTransformer.decoder_level1.mhca_blks.0.transformer_layers.3.norm1,Dec-L1.3,p232,-0.12313042632599741,80565
824,muse,PESQ,20,TCFTransformer.mag_refinement.mhca_blks.0.transformer_layers.0.norm1,Refine.0,p232,-0.19544489914324892,80565
824,muse,PESQ,21,TCFTransformer.mag_refinement.mhca_blks.0.transformer_layers.1.norm1,Refine.1,p232,-0.08395153851067254,80565
824,muse,PESQ,22,TCFTransformer.mag_refinement.mhca_blks.0.transformer_layers.2.norm1,Refine.2,p232,-0.057728880886678095,80565
824,muse,PESQ,23,TCFTransformer.mag_refinement.mhca_blks.0.transformer_layers.3.norm1,Refine.3,p232,-0.049231830778112995,80565
824,muse,STOI,0,TCFTransformer.encoder_level1.mhca_blks.0.transformer_layers.0.norm1,Enc-L1.0,p232,-0.3077997832990951,80565
824,muse,STOI,1,TCFTransformer.encoder_level1.mhca_blks.0.transformer_layers.1.norm1,Enc-L1.1,p232,-0.31503209620185557,80565
824,muse,STOI,2,TCFTransformer.encoder_level1.mhca_blks.0.transformer_layers.2.norm1,Enc-L1.2,p232,-0.25463733669931715,80565
824,muse,STOI,3,TCFTransformer.encoder_level1.mhca_blks.0.transformer_layers.3.norm1,Enc-L1.3,p232,-0.26089388167320493,80565
824,muse,STOI,4,TCFTransformer.encoder_level2.mhca_blks.0.transformer_layers.0.norm1,Enc-L2.0,p232,-0.1707429987833372,80565
824,muse,STOI,5,TCFTransformer.encoder_level2.mhca_blks.0.transformer_layers.1.norm1,Enc-L2.1,p232,-0.23672424810374065,80565
824,muse,STOI,6,TCFTransformer.encoder_level2.mhca_blks.0.transformer_layers.2.norm1,Enc-L2.2,p232,-0.327241883671384,80565
824,muse,STOI,7,TCFTransformer.encoder_level2.mhca_blks.0.transformer_layers.3.norm1,Enc-L2.3,p232,-0.48812407473262764,80565
824,muse,STOI,8,TCFTransformer.latent.mhca_blks.0.transformer_layers.0.norm1,Latent.0,p232,-0.46728969011100024,80565
824,muse,STOI,9,TCFTransformer.latent.mhca_blks.0.transformer_layers.1.norm1,Latent.1,p232,-0.4109508538307662,80565
824,muse,STOI,10,TCFTransformer.latent.mhca_blks.0.transformer_layers.2.norm1,Latent.2,p232,-0.3994517822781838,80565
824,muse,STOI,11,TCFTransformer.latent.mhca_blks.0.transformer_layers.3.norm1,Latent.3,p232,-0.39468019709619434,80565
824,muse,STOI,12,TCFTransformer.decoder_level2.mhca_blks.0.transformer_layers.0.norm1,Dec-L2.0,p232,-0.40787391502617293,80565
824,muse,STOI,13,TCFTransformer.decoder_level2.mhca_blks.0.transformer_layers.1.norm1,Dec-L2.1,p232,-0.3963852676740114,80565
824,muse,STOI,14,TCFTransformer.decoder_level2.mhca_blks.0.transformer_layers.2.norm1,Dec-L2.2,p232,-0.4003884374278386,80565
824,muse,STOI,15,TCFTransformer.decoder_level2.mhca_blks.0.transformer_layers.3.norm1,Dec-L2.3,p232,-0.3196436104693285,80565
824,muse,STOI,16,TCFTransformer.decoder_level1.mhca_blks.0.transformer_layers.0.norm1,Dec-L1.0,p232,-0.335313249598902,80565
824,muse,STOI,17,TCFTransformer.decoder_level1.mhca_blks.0.transformer_layers.1.norm1,Dec-L1.1,p232,-0.33931059328256014,80565
824,muse,STOI,18,TCFTransformer.decoder_level1.mhca_blks.0.transformer_layers.2.norm1,Dec-L1.2,p232,-0.3528984957315077,80565
824,muse,STOI,19,TCFTransformer.decoder_level1.mhca_blks.0.transformer_layers.3.norm1,Dec-L1.3,p232,-0.3379955391528335,80565
824,muse,STOI,20,TCFTransformer.mag_refinement.mhca_blks.0.transformer_layers.0.norm1,Refine.0,p232,-0.33068103390145837,80565
824,muse,STOI,21,TCFTransformer.mag_refinement.mhca_blks.0.transformer_layers.1.norm1,Refine.1,p232,-0.3706432889425035,80565
824,muse,STOI,22,TCFTransformer.mag_refinement.mhca_blks.0.transformer_layers.2.norm1,Refine.2,p232,-0.39391444913045437,80565
824,muse,STOI,23,TCFTransformer.mag_refinement.mhca_blks.0.transformer_layers.3.norm1,Refine.3,p232,-0.4051342961791092,80565
824,muse,SI-SDR,0,TCFTransformer.encoder_level1.mhca_blks.0.transformer_layers.0.norm1,Enc-L1.0,p232,0.3971576359051574,80565
824,muse,SI-SDR,1,TCFTransformer.encoder_level1.mhca_blks.0.transformer_layers.1.norm1,Enc-L1.1,p232,0.6618572836017227,80565
824,muse,SI-SDR,2,TCFTransformer.encoder_level1.mhca_blks.0.transformer_layers.2.norm1,Enc-L1.2,p232,0.5368674446091957,80565
824,muse,SI-SDR,3,TCFTransformer.encoder_level1.mhca_blks.0.transformer_layers.3.norm1,Enc-L1.3,p232,0.5352516238512428,80565
824,muse,SI-SDR,4,TCFTransformer.encoder_level2.mhca_blks.0.transformer_layers.0.norm1,Enc-L2.0,p232,0.4981664644971316,80565
824,muse,SI-SDR,5,TCFTransformer.encoder_level2.mhca_blks.0.transformer_layers.1.norm1,Enc-L2.1,p232,0.650006461348789,80565
824,muse,SI-SDR,6,TCFTransformer.encoder_level2.mhca_blks.0.transformer_layers.2.norm1,Enc-L2.2,p232,0.7112182879542798,80565
824,muse,SI-SDR,7,TCFTransformer.encoder_level2.mhca_blks.0.transformer_layers.3.norm1,Enc-L2.3,p232,0.7029223239975712,80565
824,muse,SI-SDR,8,TCFTransformer.latent.mhca_blks.0.transformer_layers.0.norm1,Latent.0,p232,0.7745033402152682,80565
824,muse,SI-SDR,9,TCFTransformer.latent.mhca_blks.0.transformer_layers.1.norm1,Latent.1,p232,0.8145117516350942,80565
824,muse,SI-SDR,10,TCFTransformer.latent.mhca_blks.0.transformer_layers.2.norm1,Latent.2,p232,0.7778808718604607,80565
824,muse,SI-SDR,11,TCFTransformer.latent.mhca_blks.0.transformer_layers.3.norm1,Latent.3,p232,0.7191691595139762,80565
824,muse,SI-SDR,12,TCFTransformer.decoder_level2.mhca_blks.0.transformer_layers.0.norm1,Dec-L2.0,p232,0.6639217715376602,80565
824,muse,SI-SDR,13,TCFTransformer.decoder_level2.mhca_blks.0.transformer_layers.1.norm1,Dec-L2.1,p232,0.6670781770172961,80565
824,muse,SI-SDR,14,TCFTransformer.decoder_level2.mhca_blks.0.transformer_layers.2.norm1,Dec-L2.2,p232,0.6790049909896063,80565
824,muse,SI-SDR,15,TCFTransformer.decoder_level2.mhca_blks.0.transformer_layers.3.norm1,Dec-L2.3,p232,0.5221731801078149,80565
824,muse,SI-SDR,16,TCFTransformer.decoder_level1.mhca_blks.0.transformer_layers.0.norm1,Dec-L1.0,p232,0.5830564474185193,80565
824,muse,SI-SDR,17,TCFTransformer.decoder_level1.mhca_blks.0.transformer_layers.1.norm1,Dec-L1.1,p232,0.60397946024804,80565
824,muse,SI-SDR,18,TCFTransformer.decoder_level1.mhca_blks.0.transformer_layers.2.norm1,Dec-L1.2,p232,0.6377844580000598,80565
824,muse,SI-SDR,19,TCFTransformer.decoder_level1.mhca_blks.0.transformer_layers.3.norm1,Dec-L1.3,p232,0.5999590226297074,80565
824,muse,SI-SDR,20,TCFTransformer.mag_refinement.mhca_blks.0.transformer_layers.0.norm1,Refine.0,p232,0.5948255240441755,80565
824,muse,SI-SDR,21,TCFTransformer.mag_refinement.mhca_blks.0.transformer_layers.1.norm1,Refine.1,p232,0.6415122596921476,80565
824,muse,SI-SDR,22,TCFTransformer.mag_refinement.mhca_blks.0.transformer_layers.2.norm1,Refine.2,p232,0.6559165058716377,80565
824,muse,SI-SDR,23,TCFTransformer.mag_refinement.mhca_blks.0.transformer_layers.3.norm1,Refine.3,p232,0.6594185871856425,80565
824,muse,DNSMOS-OVRL,0,TCFTransformer.encoder_level1.mhca_blks.0.transformer_layers.0.norm1,Enc-L1.0,p232,-0.30803768985738283,80565
824,muse,DNSMOS-OVRL,1,TCFTransformer.encoder_level1.mhca_blks.0.transformer_layers.1.norm1,Enc-L1.1,p232,-0.5368501431036343,80565
824,muse,DNSMOS-OVRL,2,TCFTransformer.encoder_level1.mhca_blks.0.transformer_layers.2.norm1,Enc-L1.2,p232,-0.4431624892611154,80565
824,muse,DNSMOS-OVRL,3,TCFTransformer.encoder_level1.mhca_blks.0.transformer_layers.3.norm1,Enc-L1.3,p232,-0.43979863279711023,80565
824,muse,DNSMOS-OVRL,4,TCFTransformer.encoder_level2.mhca_blks.0.transformer_layers.0.norm1,Enc-L2.0,p232,-0.4340511014037453,80565
824,muse,DNSMOS-OVRL,5,TCFTransformer.encoder_level2.mhca_blks.0.transformer_layers.1.norm1,Enc-L2.1,p232,-0.5340778420307546,80565
824,muse,DNSMOS-OVRL,6,TCFTransformer.encoder_level2.mhca_blks.0.transformer_layers.2.norm1,Enc-L2.2,p232,-0.5736243062023623,80565
824,muse,DNSMOS-OVRL,7,TCFTransformer.encoder_level2.mhca_blks.0.transformer_layers.3.norm1,Enc-L2.3,p232,-0.5651004448371258,80565
824,muse,DNSMOS-OVRL,8,TCFTransformer.latent.mhca_blks.0.transformer_layers.0.norm1,Latent.0,p232,-0.6404677676445613,80565
824,muse,DNSMOS-OVRL,9,TCFTransformer.latent.mhca_blks.0.transformer_layers.1.norm1,Latent.1,p232,-0.6395055795232681,80565
824,muse,DNSMOS-OVRL,10,TCFTransformer.latent.mhca_blks.0.transformer_layers.2.norm1,Latent.2,p232,-0.611755919231642,80565
824,muse,DNSMOS-OVRL,11,TCFTransformer.latent.mhca_blks.0.transformer_layers.3.norm1,Latent.3,p232,-0.5680718856566275,80565
824,muse,DNSMOS-OVRL,12,TCFTransformer.decoder_level2.mhca_blks.0.transformer_layers.0.norm1,Dec-L2.0,p232,-0.5679130793826749,80565
824,muse,DNSMOS-OVRL,13,TCFTransformer.decoder_level2.mhca_blks.0.transformer_layers.1.norm1,Dec-L2.1,p232,-0.5514606257486263,80565
824,muse,DNSMOS-OVRL,14,TCFTransformer.decoder_level2.mhca_blks.0.transformer_layers.2.norm1,Dec-L2.2,p232,-0.5406175650800332,80565
824,muse,DNSMOS-OVRL,15,TCFTransformer.decoder_level2.mhca_blks.0.transformer_layers.3.norm1,Dec-L2.3,p232,-0.34076850878759246,80565
824,muse,DNSMOS-OVRL,16,TCFTransformer.decoder_level1.mhca_blks.0.transformer_layers.0.norm1,Dec-L1.0,p232,-0.44044740771799745,80565
824,muse,DNSMOS-OVRL,17,TCFTransformer.decoder_level1.mhca_blks.0.transformer_layers.1.norm1,Dec-L1.1,p232,-0.46416925212445986,80565
824,muse,DNSMOS-OVRL,18,TCFTransformer.decoder_level1.mhca_blks.0.transformer_layers.2.norm1,Dec-L1.2,p232,-0.49757872737003594,80565
824,muse,DNSMOS-OVRL,19,TCFTransformer.decoder_level1.mhca_blks.0.transformer_layers.3.norm1,Dec-L1.3,p232,-0.45405591217307106,80565
824,muse,DNSMOS-OVRL,20,TCFTransformer.mag_refinement.mhca_blks.0.transformer_layers.0.norm1,Refine.0,p232,-0.44917607693373135,80565
824,muse,DNSMOS-OVRL,21,TCFTransformer.mag_refinement.mhca_blks.0.transformer_layers.1.norm1,Refine.1,p232,-0.49827450434157267,80565
824,muse,DNSMOS-OVRL,22,TCFTransformer.mag_refinement.mhca_blks.0.transformer_layers.2.norm1,Refine.2,p232,-0.5137846203661404,80565
824,muse,DNSMOS-OVRL,23,TCFTransformer.mag_refinement.mhca_blks.0.transformer_layers.3.norm1,Refine.3,p232,-0.5074911420756102,80565
824,muse,DNSMOS-SIG,0,TCFTransformer.encoder_level1.mhca_blks.0.transformer_layers.0.norm1,Enc-L1.0,p232,-0.26026676374067265,80565
824,muse,DNSMOS-SIG,1,TCFTransformer.encoder_level1.mhca_blks.0.transformer_layers.1.norm1,Enc-L1.1,p232,-0.5103527568917391,80565
824,muse,DNSMOS-SIG,2,TCFTransformer.encoder_level1.mhca_blks.0.transformer_layers.2.norm1,Enc-L1.2,p232,-0.3783591139504661,80565
824,muse,DNSMOS-SIG,3,TCFTransformer.encoder_level1.mhca_blks.0.transformer_layers.3.norm1,Enc-L1.3,p232,-0.36192694742565484,80565
824,muse,DNSMOS-SIG,4,TCFTransformer.encoder_level2.mhca_blks.0.transformer_layers.0.norm1,Enc-L2.0,p232,-0.377987108430084,80565
824,muse,DNSMOS-SIG,5,TCFTransformer.encoder_level2.mhca_blks.0.transformer_layers.1.norm1,Enc-L2.1,p232,-0.44891967952105644,80565
824,muse,DNSMOS-SIG,6,TCFTransformer.encoder_level2.mhca_blks.0.transformer_layers.2.norm1,Enc-L2.2,p232,-0.4658406979105998,80565
824,muse,DNSMOS-SIG,7,TCFTransformer.encoder_level2.mhca_blks.0.transformer_layers.3.norm1,Enc-L2.3,p232,-0.38492693443606424,80565
824,muse,DNSMOS-SIG,8,TCFTransformer.latent.mhca_blks.0.transformer_layers.0.norm1,Latent.0,p232,-0.5552159523080135,80565
824,muse,DNSMOS-SIG,9,TCFTransformer.latent.mhca_blks.0.transformer_layers.1.norm1,Latent.1,p232,-0.5712842534976997,80565
824,muse,DNSMOS-SIG,10,TCFTransformer.latent.mhca_blks.0.transformer_layers.2.norm1,Latent.2,p232,-0.5064916286568787,80565
824,muse,DNSMOS-SIG,11,TCFTransformer.latent.mhca_blks.0.transformer_layers.3.norm1,Latent.3,p232,-0.40776704480357384,80565
824,muse,DNSMOS-SIG,12,TCFTransformer.decoder_level2.mhca_blks.0.transformer_layers.0.norm1,Dec-L2.0,p232,-0.40119693686567653,80565
824,muse,DNSMOS-SIG,13,TCFTransformer.decoder_level2.mhca_blks.0.transformer_layers.1.norm1,Dec-L2.1,p232,-0.3994467981009008,80565
824,muse,DNSMOS-SIG,14,TCFTransformer.decoder_level2.mhca_blks.0.transformer_layers.2.norm1,Dec-L2.2,p232,-0.3999178859906437,80565
824,muse,DNSMOS-SIG,15,TCFTransformer.decoder_level2.mhca_blks.0.transformer_layers.3.norm1,Dec-L2.3,p232,-0.20059812141870428,80565
824,muse,DNSMOS-SIG,16,TCFTransformer.decoder_level1.mhca_blks.0.transformer_layers.0.norm1,Dec-L1.0,p232,-0.24883212062314522,80565
824,muse,DNSMOS-SIG,17,TCFTransformer.decoder_level1.mhca_blks.0.transformer_layers.1.norm1,Dec-L1.1,p232,-0.3000545761368049,80565
824,muse,DNSMOS-SIG,18,TCFTransformer.decoder_level1.mhca_blks.0.transformer_layers.2.norm1,Dec-L1.2,p232,-0.3517364205079207,80565
824,muse,DNSMOS-SIG,19,TCFTransformer.decoder_level1.mhca_blks.0.transformer_layers.3.norm1,Dec-L1.3,p232,-0.29869749264508516,80565
824,muse,DNSMOS-SIG,20,TCFTransformer.mag_refinement.mhca_blks.0.transformer_layers.0.norm1,Refine.0,p232,-0.26448469218977294,80565
824,muse,DNSMOS-SIG,21,TCFTransformer.mag_refinement.mhca_blks.0.transformer_layers.1.norm1,Refine.1,p232,-0.3331020213101047,80565
824,muse,DNSMOS-SIG,22,TCFTransformer.mag_refinement.mhca_blks.0.transformer_layers.2.norm1,Refine.2,p232,-0.35027438473670347,80565
824,muse,DNSMOS-SIG,23,TCFTransformer.mag_refinement.mhca_blks.0.transformer_layers.3.norm1,Refine.3,p232,-0.3388082885398112,80565
824,muse,DNSMOS-BAK,0,TCFTransformer.encoder_level1.mhca_blks.0.transformer_layers.0.norm1,Enc-L1.0,p232,-0.38899892227984895,80565
824,muse,DNSMOS-BAK,1,TCFTransformer.encoder_level1.mhca_blks.0.transformer_layers.1.norm1,Enc-L1.1,p232,-0.5789065779407399,80565
824,muse,DNSMOS-BAK,2,TCFTransformer.encoder_level1.mhca_blks.0.transformer_layers.2.norm1,Enc-L1.2,p232,-0.4699060235498485,80565
824,muse,DNSMOS-BAK,3,TCFTransformer.encoder_level1.mhca_blks.0.transformer_layers.3.norm1,Enc-L1.3,p232,-0.4709242023313338,80565
824,muse,DNSMOS-BAK,4,TCFTransformer.encoder_level2.mhca_blks.0.transformer_layers.0.norm1,Enc-L2.0,p232,-0.4479106694824764,80565
824,muse,DNSMOS-BAK,5,TCFTransformer.encoder_level2.mhca_blks.0.transformer_layers.1.norm1,Enc-L2.1,p232,-0.5850677727967647,80565
824,muse,DNSMOS-BAK,6,TCFTransformer.encoder_level2.mhca_blks.0.transformer_layers.2.norm1,Enc-L2.2,p232,-0.6489546354124035,80565
824,muse,DNSMOS-BAK,7,TCFTransformer.encoder_level2.mhca_blks.0.transformer_layers.3.norm1,Enc-L2.3,p232,-0.685281224367758,80565
824,muse,DNSMOS-BAK,8,TCFTransformer.latent.mhca_blks.0.transformer_layers.0.norm1,Latent.0,p232,-0.7300413411454313,80565
824,muse,DNSMOS-BAK,9,TCFTransformer.latent.mhca_blks.0.transformer_layers.1.norm1,Latent.1,p232,-0.7325911878665617,80565
824,muse,DNSMOS-BAK,10,TCFTransformer.latent.mhca_blks.0.transformer_layers.2.norm1,Latent.2,p232,-0.708336761650704,80565
824,muse,DNSMOS-BAK,11,TCFTransformer.latent.mhca_blks.0.transformer_layers.3.norm1,Latent.3,p232,-0.6757550645264486,80565
824,muse,DNSMOS-BAK,12,TCFTransformer.decoder_level2.mhca_blks.0.transformer_layers.0.norm1,Dec-L2.0,p232,-0.6704512565055907,80565
824,muse,DNSMOS-BAK,13,TCFTransformer.decoder_level2.mhca_blks.0.transformer_layers.1.norm1,Dec-L2.1,p232,-0.6511498225104839,80565
824,muse,DNSMOS-BAK,14,TCFTransformer.decoder_level2.mhca_blks.0.transformer_layers.2.norm1,Dec-L2.2,p232,-0.6440561082525645,80565
824,muse,DNSMOS-BAK,15,TCFTransformer.decoder_level2.mhca_blks.0.transformer_layers.3.norm1,Dec-L2.3,p232,-0.4613156748573224,80565
824,muse,DNSMOS-BAK,16,TCFTransformer.decoder_level1.mhca_blks.0.transformer_layers.0.norm1,Dec-L1.0,p232,-0.5596208599745022,80565
824,muse,DNSMOS-BAK,17,TCFTransformer.decoder_level1.mhca_blks.0.transformer_layers.1.norm1,Dec-L1.1,p232,-0.5767096485222661,80565
824,muse,DNSMOS-BAK,18,TCFTransformer.decoder_level1.mhca_blks.0.transformer_layers.2.norm1,Dec-L1.2,p232,-0.6071426365318636,80565
824,muse,DNSMOS-BAK,19,TCFTransformer.decoder_level1.mhca_blks.0.transformer_layers.3.norm1,Dec-L1.3,p232,-0.5602870302730145,80565
824,muse,DNSMOS-BAK,20,TCFTransformer.mag_refinement.mhca_blks.0.transformer_layers.0.norm1,Refine.0,p232,-0.5637714055294898,80565
824,muse,DNSMOS-BAK,21,TCFTransformer.mag_refinement.mhca_blks.0.transformer_layers.1.norm1,Refine.1,p232,-0.6037070364076271,80565
824,muse,DNSMOS-BAK,22,TCFTransformer.mag_refinement.mhca_blks.0.transformer_layers.2.norm1,Refine.2,p232,-0.6244375395170961,80565
824,muse,DNSMOS-BAK,23,TCFTransformer.mag_refinement.mhca_blks.0.transformer_layers.3.norm1,Refine.3,p232,-0.6265499534618939,80565
824,muse,PESQ,0,TCFTransformer.encoder_level1.mhca_blks.0.transformer_layers.0.norm1,Enc-L1.0,p257,0.32100648923729186,88355
824,muse,PESQ,1,TCFTransformer.encoder_level1.mhca_blks.0.transformer_layers.1.norm1,Enc-L1.1,p257,0.3280247417902739,88355
824,muse,PESQ,2,TCFTransformer.encoder_level1.mhca_blks.0.transformer_layers.2.norm1,Enc-L1.2,p257,0.23004575277628542,88355
824,muse,PESQ,3,TCFTransformer.encoder_level1.mhca_blks.0.transformer_layers.3.norm1,Enc-L1.3,p257,0.197323560897836,88355
824,muse,PESQ,4,TCFTransformer.encoder_level2.mhca_blks.0.transformer_layers.0.norm1,Enc-L2.0,p257,0.2604593002216145,88355
824,muse,PESQ,5,TCFTransformer.encoder_level2.mhca_blks.0.transformer_layers.1.norm1,Enc-L2.1,p257,0.19962768540167675,88355
824,muse,PESQ,6,TCFTransformer.encoder_level2.mhca_blks.0.transformer_layers.2.norm1,Enc-L2.2,p257,0.26490705173604373,88355
824,muse,PESQ,7,TCFTransformer.encoder_level2.mhca_blks.0.transformer_layers.3.norm1,Enc-L2.3,p257,0.2948443140666607,88355
824,muse,PESQ,8,TCFTransformer.latent.mhca_blks.0.transformer_layers.0.norm1,Latent.0,p257,0.3684105525562725,88355
824,muse,PESQ,9,TCFTransformer.latent.mhca_blks.0.transformer_layers.1.norm1,Latent.1,p257,0.3629125967732254,88355
824,muse,PESQ,10,TCFTransformer.latent.mhca_blks.0.transformer_layers.2.norm1,Latent.2,p257,0.29096819067868873,88355
824,muse,PESQ,11,TCFTransformer.latent.mhca_blks.0.transformer_layers.3.norm1,Latent.3,p257,0.2604297641004828,88355
824,muse,PESQ,12,TCFTransformer.decoder_level2.mhca_blks.0.transformer_layers.0.norm1,Dec-L2.0,p257,0.27547331977410594,88355
824,muse,PESQ,13,TCFTransformer.decoder_level2.mhca_blks.0.transformer_layers.1.norm1,Dec-L2.1,p257,0.29741612172511,88355
824,muse,PESQ,14,TCFTransformer.decoder_level2.mhca_blks.0.transformer_layers.2.norm1,Dec-L2.2,p257,0.2991740299095293,88355
824,muse,PESQ,15,TCFTransformer.decoder_level2.mhca_blks.0.transformer_layers.3.norm1,Dec-L2.3,p257,0.02174805120062771,88355
824,muse,PESQ,16,TCFTransformer.decoder_level1.mhca_blks.0.transformer_layers.0.norm1,Dec-L1.0,p257,0.0951648643170849,88355
824,muse,PESQ,17,TCFTransformer.decoder_level1.mhca_blks.0.transformer_layers.1.norm1,Dec-L1.1,p257,0.11710030200343391,88355
824,muse,PESQ,18,TCFTransformer.decoder_level1.mhca_blks.0.transformer_layers.2.norm1,Dec-L1.2,p257,0.10208359117956868,88355
824,muse,PESQ,19,TCFTransformer.decoder_level1.mhca_blks.0.transformer_layers.3.norm1,Dec-L1.3,p257,0.06299351763365829,88355
824,muse,PESQ,20,TCFTransformer.mag_refinement.mhca_blks.0.transformer_layers.0.norm1,Refine.0,p257,0.06262159213281594,88355
824,muse,PESQ,21,TCFTransformer.mag_refinement.mhca_blks.0.transformer_layers.1.norm1,Refine.1,p257,0.17700291253569295,88355
824,muse,PESQ,22,TCFTransformer.mag_refinement.mhca_blks.0.transformer_layers.2.norm1,Refine.2,p257,0.19029890809341882,88355
824,muse,PESQ,23,TCFTransformer.mag_refinement.mhca_blks.0.transformer_layers.3.norm1,Refine.3,p257,0.2121592343973527,88355
824,muse,STOI,0,TCFTransformer.encoder_level1.mhca_blks.0.transformer_layers.0.norm1,Enc-L1.0,p257,-0.24606833508925618,88355
824,muse,STOI,1,TCFTransformer.encoder_level1.mhca_blks.0.transformer_layers.1.norm1,Enc-L1.1,p257,-0.4084093143323263,88355
824,muse,STOI,2,TCFTransformer.encoder_level1.mhca_blks.0.transformer_layers.2.norm1,Enc-L1.2,p257,-0.3579591103942968,88355
824,muse,STOI,3,TCFTransformer.encoder_level1.mhca_blks.0.transformer_layers.3.norm1,Enc-L1.3,p257,-0.3449970055334623,88355
824,muse,STOI,4,TCFTransformer.encoder_level2.mhca_blks.0.transformer_layers.0.norm1,Enc-L2.0,p257,-0.35873458187027607,88355
824,muse,STOI,5,TCFTransformer.encoder_level2.mhca_blks.0.transformer_layers.1.norm1,Enc-L2.1,p257,-0.3194689546581435,88355
824,muse,STOI,6,TCFTransformer.encoder_level2.mhca_blks.0.transformer_layers.2.norm1,Enc-L2.2,p257,-0.40121774915876995,88355
824,muse,STOI,7,TCFTransformer.encoder_level2.mhca_blks.0.transformer_layers.3.norm1,Enc-L2.3,p257,-0.5348014583646545,88355
824,muse,STOI,8,TCFTransformer.latent.mhca_blks.0.transformer_layers.0.norm1,Latent.0,p257,-0.5060548902873988,88355
824,muse,STOI,9,TCFTransformer.latent.mhca_blks.0.transformer_layers.1.norm1,Latent.1,p257,-0.46260194136386873,88355
824,muse,STOI,10,TCFTransformer.latent.mhca_blks.0.transformer_layers.2.norm1,Latent.2,p257,-0.46282462232265437,88355
824,muse,STOI,11,TCFTransformer.latent.mhca_blks.0.transformer_layers.3.norm1,Latent.3,p257,-0.4598558137128411,88355
824,muse,STOI,12,TCFTransformer.decoder_level2.mhca_blks.0.transformer_layers.0.norm1,Dec-L2.0,p257,-0.4911189630169666,88355
824,muse,STOI,13,TCFTransformer.decoder_level2.mhca_blks.0.transformer_layers.1.norm1,Dec-L2.1,p257,-0.4783604263715512,88355
824,muse,STOI,14,TCFTransformer.decoder_level2.mhca_blks.0.transformer_layers.2.norm1,Dec-L2.2,p257,-0.47983907288016436,88355
824,muse,STOI,15,TCFTransformer.decoder_level2.mhca_blks.0.transformer_layers.3.norm1,Dec-L2.3,p257,-0.38633116692402386,88355
824,muse,STOI,16,TCFTransformer.decoder_level1.mhca_blks.0.transformer_layers.0.norm1,Dec-L1.0,p257,-0.4480735383690172,88355
824,muse,STOI,17,TCFTransformer.decoder_level1.mhca_blks.0.transformer_layers.1.norm1,Dec-L1.1,p257,-0.4447830054551027,88355
824,muse,STOI,18,TCFTransformer.decoder_level1.mhca_blks.0.transformer_layers.2.norm1,Dec-L1.2,p257,-0.4324514013910108,88355
824,muse,STOI,19,TCFTransformer.decoder_level1.mhca_blks.0.transformer_layers.3.norm1,Dec-L1.3,p257,-0.39995813582121864,88355
824,muse,STOI,20,TCFTransformer.mag_refinement.mhca_blks.0.transformer_layers.0.norm1,Refine.0,p257,-0.42606023733544907,88355
824,muse,STOI,21,TCFTransformer.mag_refinement.mhca_blks.0.transformer_layers.1.norm1,Refine.1,p257,-0.4539242644498892,88355
824,muse,STOI,22,TCFTransformer.mag_refinement.mhca_blks.0.transformer_layers.2.norm1,Refine.2,p257,-0.4637233773066121,88355
824,muse,STOI,23,TCFTransformer.mag_refinement.mhca_blks.0.transformer_layers.3.norm1,Refine.3,p257,-0.5027495747323824,88355
824,muse,SI-SDR,0,TCFTransformer.encoder_level1.mhca_blks.0.transformer_layers.0.norm1,Enc-L1.0,p257,0.43646664484135644,88355
824,muse,SI-SDR,1,TCFTransformer.encoder_level1.mhca_blks.0.transformer_layers.1.norm1,Enc-L1.1,p257,0.6639526189432499,88355
824,muse,SI-SDR,2,TCFTransformer.encoder_level1.mhca_blks.0.transformer_layers.2.norm1,Enc-L1.2,p257,0.5365665532957339,88355
824,muse,SI-SDR,3,TCFTransformer.encoder_level1.mhca_blks.0.transformer_layers.3.norm1,Enc-L1.3,p257,0.49783853740053924,88355
824,muse,SI-SDR,4,TCFTransformer.encoder_level2.mhca_blks.0.transformer_layers.0.norm1,Enc-L2.0,p257,0.5703049099525728,88355
824,muse,SI-SDR,5,TCFTransformer.encoder_level2.mhca_blks.0.transformer_layers.1.norm1,Enc-L2.1,p257,0.5499293176404507,88355
824,muse,SI-SDR,6,TCFTransformer.encoder_level2.mhca_blks.0.transformer_layers.2.norm1,Enc-L2.2,p257,0.6224445948141243,88355
824,muse,SI-SDR,7,TCFTransformer.encoder_level2.mhca_blks.0.transformer_layers.3.norm1,Enc-L2.3,p257,0.5957125139787739,88355
824,muse,SI-SDR,8,TCFTransformer.latent.mhca_blks.0.transformer_layers.0.norm1,Latent.0,p257,0.6836314756628246,88355
824,muse,SI-SDR,9,TCFTransformer.latent.mhca_blks.0.transformer_layers.1.norm1,Latent.1,p257,0.7227293254402417,88355
824,muse,SI-SDR,10,TCFTransformer.latent.mhca_blks.0.transformer_layers.2.norm1,Latent.2,p257,0.6659082161600255,88355
824,muse,SI-SDR,11,TCFTransformer.latent.mhca_blks.0.transformer_layers.3.norm1,Latent.3,p257,0.6294467294413564,88355
824,muse,SI-SDR,12,TCFTransformer.decoder_level2.mhca_blks.0.transformer_layers.0.norm1,Dec-L2.0,p257,0.5891283254694066,88355
824,muse,SI-SDR,13,TCFTransformer.decoder_level2.mhca_blks.0.transformer_layers.1.norm1,Dec-L2.1,p257,0.634324357835143,88355
824,muse,SI-SDR,14,TCFTransformer.decoder_level2.mhca_blks.0.transformer_layers.2.norm1,Dec-L2.2,p257,0.6240665892002214,88355
824,muse,SI-SDR,15,TCFTransformer.decoder_level2.mhca_blks.0.transformer_layers.3.norm1,Dec-L2.3,p257,0.41494270333139177,88355
824,muse,SI-SDR,16,TCFTransformer.decoder_level1.mhca_blks.0.transformer_layers.0.norm1,Dec-L1.0,p257,0.4881234794912863,88355
824,muse,SI-SDR,17,TCFTransformer.decoder_level1.mhca_blks.0.transformer_layers.1.norm1,Dec-L1.1,p257,0.49977711025443206,88355
824,muse,SI-SDR,18,TCFTransformer.decoder_level1.mhca_blks.0.transformer_layers.2.norm1,Dec-L1.2,p257,0.47546149209617206,88355
824,muse,SI-SDR,19,TCFTransformer.decoder_level1.mhca_blks.0.transformer_layers.3.norm1,Dec-L1.3,p257,0.4214747268303144,88355
824,muse,SI-SDR,20,TCFTransformer.mag_refinement.mhca_blks.0.transformer_layers.0.norm1,Refine.0,p257,0.45598547651205823,88355
824,muse,SI-SDR,21,TCFTransformer.mag_refinement.mhca_blks.0.transformer_layers.1.norm1,Refine.1,p257,0.5417186045729185,88355
824,muse,SI-SDR,22,TCFTransformer.mag_refinement.mhca_blks.0.transformer_layers.2.norm1,Refine.2,p257,0.5492746944949228,88355
824,muse,SI-SDR,23,TCFTransformer.mag_refinement.mhca_blks.0.transformer_layers.3.norm1,Refine.3,p257,0.5575124891790969,88355
824,muse,DNSMOS-OVRL,0,TCFTransformer.encoder_level1.mhca_blks.0.transformer_layers.0.norm1,Enc-L1.0,p257,-0.3819566893249856,88355
824,muse,DNSMOS-OVRL,1,TCFTransformer.encoder_level1.mhca_blks.0.transformer_layers.1.norm1,Enc-L1.1,p257,-0.49845188403479923,88355
824,muse,DNSMOS-OVRL,2,TCFTransformer.encoder_level1.mhca_blks.0.transformer_layers.2.norm1,Enc-L1.2,p257,-0.48399648754204283,88355
824,muse,DNSMOS-OVRL,3,TCFTransformer.encoder_level1.mhca_blks.0.transformer_layers.3.norm1,Enc-L1.3,p257,-0.48156529921606384,88355
824,muse,DNSMOS-OVRL,4,TCFTransformer.encoder_level2.mhca_blks.0.transformer_layers.0.norm1,Enc-L2.0,p257,-0.4771403829375935,88355
824,muse,DNSMOS-OVRL,5,TCFTransformer.encoder_level2.mhca_blks.0.transformer_layers.1.norm1,Enc-L2.1,p257,-0.5249850250570043,88355
824,muse,DNSMOS-OVRL,6,TCFTransformer.encoder_level2.mhca_blks.0.transformer_layers.2.norm1,Enc-L2.2,p257,-0.5957925290973164,88355
824,muse,DNSMOS-OVRL,7,TCFTransformer.encoder_level2.mhca_blks.0.transformer_layers.3.norm1,Enc-L2.3,p257,-0.5859277010272669,88355
824,muse,DNSMOS-OVRL,8,TCFTransformer.latent.mhca_blks.0.transformer_layers.0.norm1,Latent.0,p257,-0.6279218022233998,88355
824,muse,DNSMOS-OVRL,9,TCFTransformer.latent.mhca_blks.0.transformer_layers.1.norm1,Latent.1,p257,-0.6035079842119447,88355
824,muse,DNSMOS-OVRL,10,TCFTransformer.latent.mhca_blks.0.transformer_layers.2.norm1,Latent.2,p257,-0.5862973832384115,88355
824,muse,DNSMOS-OVRL,11,TCFTransformer.latent.mhca_blks.0.transformer_layers.3.norm1,Latent.3,p257,-0.5914625503468082,88355
824,muse,DNSMOS-OVRL,12,TCFTransformer.decoder_level2.mhca_blks.0.transformer_layers.0.norm1,Dec-L2.0,p257,-0.6032857964006416,88355
824,muse,DNSMOS-OVRL,13,TCFTransformer.decoder_level2.mhca_blks.0.transformer_layers.1.norm1,Dec-L2.1,p257,-0.5914190044469313,88355
824,muse,DNSMOS-OVRL,14,TCFTransformer.decoder_level2.mhca_blks.0.transformer_layers.2.norm1,Dec-L2.2,p257,-0.5749249687483107,88355
824,muse,DNSMOS-OVRL,15,TCFTransformer.decoder_level2.mhca_blks.0.transformer_layers.3.norm1,Dec-L2.3,p257,-0.3785800901261952,88355
824,muse,DNSMOS-OVRL,16,TCFTransformer.decoder_level1.mhca_blks.0.transformer_layers.0.norm1,Dec-L1.0,p257,-0.5109694574061737,88355
824,muse,DNSMOS-OVRL,17,TCFTransformer.decoder_level1.mhca_blks.0.transformer_layers.1.norm1,Dec-L1.1,p257,-0.5099666691456146,88355
824,muse,DNSMOS-OVRL,18,TCFTransformer.decoder_level1.mhca_blks.0.transformer_layers.2.norm1,Dec-L1.2,p257,-0.5099403823073893,88355
824,muse,DNSMOS-OVRL,19,TCFTransformer.decoder_level1.mhca_blks.0.transformer_layers.3.norm1,Dec-L1.3,p257,-0.47309166073007286,88355
824,muse,DNSMOS-OVRL,20,TCFTransformer.mag_refinement.mhca_blks.0.transformer_layers.0.norm1,Refine.0,p257,-0.5015602205306499,88355
824,muse,DNSMOS-OVRL,21,TCFTransformer.mag_refinement.mhca_blks.0.transformer_layers.1.norm1,Refine.1,p257,-0.5522573391554343,88355
824,muse,DNSMOS-OVRL,22,TCFTransformer.mag_refinement.mhca_blks.0.transformer_layers.2.norm1,Refine.2,p257,-0.5599700076812938,88355
824,muse,DNSMOS-OVRL,23,TCFTransformer.mag_refinement.mhca_blks.0.transformer_layers.3.norm1,Refine.3,p257,-0.5478595099518575,88355
824,muse,DNSMOS-SIG,0,TCFTransformer.encoder_level1.mhca_blks.0.transformer_layers.0.norm1,Enc-L1.0,p257,-0.3609509712387313,88355
824,muse,DNSMOS-SIG,1,TCFTransformer.encoder_level1.mhca_blks.0.transformer_layers.1.norm1,Enc-L1.1,p257,-0.46259419950858877,88355
824,muse,DNSMOS-SIG,2,TCFTransformer.encoder_level1.mhca_blks.0.transformer_layers.2.norm1,Enc-L1.2,p257,-0.4142744870250454,88355
824,muse,DNSMOS-SIG,3,TCFTransformer.encoder_level1.mhca_blks.0.transformer_layers.3.norm1,Enc-L1.3,p257,-0.39501772179625416,88355
824,muse,DNSMOS-SIG,4,TCFTransformer.encoder_level2.mhca_blks.0.transformer_layers.0.norm1,Enc-L2.0,p257,-0.43112320577098723,88355
824,muse,DNSMOS-SIG,5,TCFTransformer.encoder_level2.mhca_blks.0.transformer_layers.1.norm1,Enc-L2.1,p257,-0.4233688947729849,88355
824,muse,DNSMOS-SIG,6,TCFTransformer.encoder_level2.mhca_blks.0.transformer_layers.2.norm1,Enc-L2.2,p257,-0.48461420618136086,88355
824,muse,DNSMOS-SIG,7,TCFTransformer.encoder_level2.mhca_blks.0.transformer_layers.3.norm1,Enc-L2.3,p257,-0.4489764399299071,88355
824,muse,DNSMOS-SIG,8,TCFTransformer.latent.mhca_blks.0.transformer_layers.0.norm1,Latent.0,p257,-0.5344259524220641,88355
824,muse,DNSMOS-SIG,9,TCFTransformer.latent.mhca_blks.0.transformer_layers.1.norm1,Latent.1,p257,-0.52461552172843,88355
824,muse,DNSMOS-SIG,10,TCFTransformer.latent.mhca_blks.0.transformer_layers.2.norm1,Latent.2,p257,-0.4759404772502758,88355
824,muse,DNSMOS-SIG,11,TCFTransformer.latent.mhca_blks.0.transformer_layers.3.norm1,Latent.3,p257,-0.45943768242436306,88355
824,muse,DNSMOS-SIG,12,TCFTransformer.decoder_level2.mhca_blks.0.transformer_layers.0.norm1,Dec-L2.0,p257,-0.4518287766532642,88355
824,muse,DNSMOS-SIG,13,TCFTransformer.decoder_level2.mhca_blks.0.transformer_layers.1.norm1,Dec-L2.1,p257,-0.4662951853963196,88355
824,muse,DNSMOS-SIG,14,TCFTransformer.decoder_level2.mhca_blks.0.transformer_layers.2.norm1,Dec-L2.2,p257,-0.457894789323866,88355
824,muse,DNSMOS-SIG,15,TCFTransformer.decoder_level2.mhca_blks.0.transformer_layers.3.norm1,Dec-L2.3,p257,-0.25472853623858804,88355
824,muse,DNSMOS-SIG,16,TCFTransformer.decoder_level1.mhca_blks.0.transformer_layers.0.norm1,Dec-L1.0,p257,-0.34778397947275147,88355
824,muse,DNSMOS-SIG,17,TCFTransformer.decoder_level1.mhca_blks.0.transformer_layers.1.norm1,Dec-L1.1,p257,-0.362848917932893,88355
824,muse,DNSMOS-SIG,18,TCFTransformer.decoder_level1.mhca_blks.0.transformer_layers.2.norm1,Dec-L1.2,p257,-0.36391887944563267,88355
824,muse,DNSMOS-SIG,19,TCFTransformer.decoder_level1.mhca_blks.0.transformer_layers.3.norm1,Dec-L1.3,p257,-0.3273136606609888,88355
824,muse,DNSMOS-SIG,20,TCFTransformer.mag_refinement.mhca_blks.0.transformer_layers.0.norm1,Refine.0,p257,-0.3272030103012401,88355
824,muse,DNSMOS-SIG,21,TCFTransformer.mag_refinement.mhca_blks.0.transformer_layers.1.norm1,Refine.1,p257,-0.40735459157992554,88355
824,muse,DNSMOS-SIG,22,TCFTransformer.mag_refinement.mhca_blks.0.transformer_layers.2.norm1,Refine.2,p257,-0.4118479655051748,88355
824,muse,DNSMOS-SIG,23,TCFTransformer.mag_refinement.mhca_blks.0.transformer_layers.3.norm1,Refine.3,p257,-0.40075088111464685,88355
824,muse,DNSMOS-BAK,0,TCFTransformer.encoder_level1.mhca_blks.0.transformer_layers.0.norm1,Enc-L1.0,p257,-0.46190565445430304,88355
824,muse,DNSMOS-BAK,1,TCFTransformer.encoder_level1.mhca_blks.0.transformer_layers.1.norm1,Enc-L1.1,p257,-0.5687754195042327,88355
824,muse,DNSMOS-BAK,2,TCFTransformer.encoder_level1.mhca_blks.0.transformer_layers.2.norm1,Enc-L1.2,p257,-0.5176591260836331,88355
824,muse,DNSMOS-BAK,3,TCFTransformer.encoder_level1.mhca_blks.0.transformer_layers.3.norm1,Enc-L1.3,p257,-0.51067770861722,88355
824,muse,DNSMOS-BAK,4,TCFTransformer.encoder_level2.mhca_blks.0.transformer_layers.0.norm1,Enc-L2.0,p257,-0.5080025805508779,88355
824,muse,DNSMOS-BAK,5,TCFTransformer.encoder_level2.mhca_blks.0.transformer_layers.1.norm1,Enc-L2.1,p257,-0.5674044871258908,88355
824,muse,DNSMOS-BAK,6,TCFTransformer.encoder_level2.mhca_blks.0.transformer_layers.2.norm1,Enc-L2.2,p257,-0.6634299913210999,88355
824,muse,DNSMOS-BAK,7,TCFTransformer.encoder_level2.mhca_blks.0.transformer_layers.3.norm1,Enc-L2.3,p257,-0.7133431754953682,88355
824,muse,DNSMOS-BAK,8,TCFTransformer.latent.mhca_blks.0.transformer_layers.0.norm1,Latent.0,p257,-0.7167101710729374,88355
824,muse,DNSMOS-BAK,9,TCFTransformer.latent.mhca_blks.0.transformer_layers.1.norm1,Latent.1,p257,-0.7001617194234312,88355
824,muse,DNSMOS-BAK,10,TCFTransformer.latent.mhca_blks.0.transformer_layers.2.norm1,Latent.2,p257,-0.6842567094176054,88355
824,muse,DNSMOS-BAK,11,TCFTransformer.latent.mhca_blks.0.transformer_layers.3.norm1,Latent.3,p257,-0.6968081140718703,88355
824,muse,DNSMOS-BAK,12,TCFTransformer.decoder_level2.mhca_blks.0.transformer_layers.0.norm1,Dec-L2.0,p257,-0.7066831437101206,88355
824,muse,DNSMOS-BAK,13,TCFTransformer.decoder_level2.mhca_blks.0.transformer_layers.1.norm1,Dec-L2.1,p257,-0.6979984328745423,88355
824,muse,DNSMOS-BAK,14,TCFTransformer.decoder_level2.mhca_blks.0.transformer_layers.2.norm1,Dec-L2.2,p257,-0.6834788275888541,88355
824,muse,DNSMOS-BAK,15,TCFTransformer.decoder_level2.mhca_blks.0.transformer_layers.3.norm1,Dec-L2.3,p257,-0.4911316705957661,88355
824,muse,DNSMOS-BAK,16,TCFTransformer.decoder_level1.mhca_blks.0.transformer_layers.0.norm1,Dec-L1.0,p257,-0.6134665747490218,88355
824,muse,DNSMOS-BAK,17,TCFTransformer.decoder_level1.mhca_blks.0.transformer_layers.1.norm1,Dec-L1.1,p257,-0.6105951905696653,88355
824,muse,DNSMOS-BAK,18,TCFTransformer.decoder_level1.mhca_blks.0.transformer_layers.2.norm1,Dec-L1.2,p257,-0.6010217746892853,88355
824,muse,DNSMOS-BAK,19,TCFTransformer.decoder_level1.mhca_blks.0.transformer_layers.3.norm1,Dec-L1.3,p257,-0.5563692017503626,88355
824,muse,DNSMOS-BAK,20,TCFTransformer.mag_refinement.mhca_blks.0.transformer_layers.0.norm1,Refine.0,p257,-0.6000551890385695,88355
824,muse,DNSMOS-BAK,21,TCFTransformer.mag_refinement.mhca_blks.0.transformer_layers.1.norm1,Refine.1,p257,-0.646818186240717,88355
824,muse,DNSMOS-BAK,22,TCFTransformer.mag_refinement.mhca_blks.0.transformer_layers.2.norm1,Refine.2,p257,-0.665452459543838,88355
824,muse,DNSMOS-BAK,23,TCFTransformer.mag_refinement.mhca_blks.0.transformer_layers.3.norm1,Refine.3,p257,-0.6638641529254353,88355
824,demucs,PESQ,0,encoder.0,Enc-0,p232,-0.21678978898891568,80565
824,demucs,PESQ,1,encoder.1,Enc-1,p232,-0.2863782903958942,80565
824,demucs,PESQ,2,encoder.2,Enc-2,p232,-0.03740718434678321,80565
824,demucs,PESQ,3,encoder.3,Enc-3,p232,-0.10284602275849859,80565
824,demucs,PESQ,4,encoder.4,Enc-4,p232,0.337504726953709,80565
824,demucs,PESQ,5,lstm,LSTM,p232,0.18577855142528066,80565
824,demucs,PESQ,6,decoder.0,Dec-0,p232,0.10974124201255638,80565
824,demucs,PESQ,7,decoder.1,Dec-1,p232,-0.003844465694808577,80565
824,demucs,PESQ,8,decoder.2,Dec-2,p232,-0.02183515418368625,80565
824,demucs,PESQ,9,decoder.3,Dec-3,p232,-0.07117481984666543,80565
824,demucs,PESQ,10,decoder.4,Dec-4,p232,0.1803756963583903,80565
824,demucs,STOI,0,encoder.0,Enc-0,p232,0.019221535808462108,80565
824,demucs,STOI,1,encoder.1,Enc-1,p232,0.1770109440067739,80565
824,demucs,STOI,2,encoder.2,Enc-2,p232,0.30324895162634846,80565
824,demucs,STOI,3,encoder.3,Enc-3,p232,0.26356474524962425,80565
824,demucs,STOI,4,encoder.4,Enc-4,p232,-0.07743367695601004,80565
824,demucs,STOI,5,lstm,LSTM,p232,-0.03450579225224204,80565
824,demucs,STOI,6,decoder.0,Dec-0,p232,-0.005257507207462694,80565
824,demucs,STOI,7,decoder.1,Dec-1,p232,-0.056200519716852915,80565
824,demucs,STOI,8,decoder.2,Dec-2,p232,-0.09572155137696511,80565
824,demucs,STOI,9,decoder.3,Dec-3,p232,-0.14490083066108864,80565
824,demucs,STOI,10,decoder.4,Dec-4,p232,-0.36462143698914795,80565
824,demucs,SI-SDR,0,encoder.0,Enc-0,p232,-0.24265803317205603,80565
824,demucs,SI-SDR,1,encoder.1,Enc-1,p232,-0.4041493278244015,80565
824,demucs,SI-SDR,2,encoder.2,Enc-2,p232,-0.4100372621469626,80565
824,demucs,SI-SDR,3,encoder.3,Enc-3,p232,-0.490097482956071,80565
824,demucs,SI-SDR,4,encoder.4,Enc-4,p232,0.2676112940847413,80565
824,demucs,SI-SDR,5,lstm,LSTM,p232,0.29348383365363556,80565
824,demucs,SI-SDR,6,decoder.0,Dec-0,p232,0.20217960002753804,80565
824,demucs,SI-SDR,7,decoder.1,Dec-1,p232,0.13800685261831624,80565
824,demucs,SI-SDR,8,decoder.2,Dec-2,p232,0.19204917674811223,80565
824,demucs,SI-SDR,9,decoder.3,Dec-3,p232,0.14290701561296923,80565
824,demucs,SI-SDR,10,decoder.4,Dec-4,p232,0.6069434041371287,80565
824,demucs,DNSMOS-OVRL,0,encoder.0,Enc-0,p232,0.0077126967091136304,80565
824,demucs,DNSMOS-OVRL,1,encoder.1,Enc-1,p232,0.19584102648071247,80565
824,demucs,DNSMOS-OVRL,2,encoder.2,Enc-2,p232,0.41222917538022236,80565
824,demucs,DNSMOS-OVRL,3,encoder.3,Enc-3,p232,0.4393586251047173,80565
824,demucs,DNSMOS-OVRL,4,encoder.4,Enc-4,p232,-0.05963177722209214,80565
824,demucs,DNSMOS-OVRL,5,lstm,LSTM,p232,-0.07591660187573207,80565
824,demucs,DNSMOS-OVRL,6,decoder.0,Dec-0,p232,-0.0746004988416603,80565
824,demucs,DNSMOS-OVRL,7,decoder.1,Dec-1,p232,-0.13001561415610746,80565
824,demucs,DNSMOS-OVRL,8,decoder.2,Dec-2,p232,-0.17372231391096088,80565
824,demucs,DNSMOS-OVRL,9,decoder.3,Dec-3,p232,-0.21483903866166867,80565
824,demucs,DNSMOS-OVRL,10,decoder.4,Dec-4,p232,-0.47872266390651097,80565
824,demucs,DNSMOS-SIG,0,encoder.0,Enc-0,p232,0.03825782038831587,80565
824,demucs,DNSMOS-SIG,1,encoder.1,Enc-1,p232,0.3196427543343335,80565
824,demucs,DNSMOS-SIG,2,encoder.2,Enc-2,p232,0.39860525052000406,80565
824,demucs,DNSMOS-SIG,3,encoder.3,Enc-3,p232,0.42780339162107267,80565
824,demucs,DNSMOS-SIG,4,encoder.4,Enc-4,p232,-0.11628959110645447,80565
824,demucs,DNSMOS-SIG,5,lstm,LSTM,p232,-0.1059474001819303,80565
824,demucs,DNSMOS-SIG,6,decoder.0,Dec-0,p232,-0.05684331410671352,80565
824,demucs,DNSMOS-SIG,7,decoder.1,Dec-1,p232,-0.05235810591345691,80565
824,demucs,DNSMOS-SIG,8,decoder.2,Dec-2,p232,-0.09100434345123892,80565
824,demucs,DNSMOS-SIG,9,decoder.3,Dec-3,p232,-0.10971426196788552,80565
824,demucs,DNSMOS-SIG,10,decoder.4,Dec-4,p232,-0.5449331307625342,80565
824,demucs,DNSMOS-BAK,0,encoder.0,Enc-0,p232,0.07029229870621505,80565
824,demucs,DNSMOS-BAK,1,encoder.1,Enc-1,p232,0.2725603237128651,80565
824,demucs,DNSMOS-BAK,2,encoder.2,Enc-2,p232,0.4239709653476362,80565
824,demucs,DNSMOS-BAK,3,encoder.3,Enc-3,p232,0.49260836770841365,80565
824,demucs,DNSMOS-BAK,4,encoder.4,Enc-4,p232,-0.12757499720475488,80565
824,demucs,DNSMOS-BAK,5,lstm,LSTM,p232,-0.16130714698642357,80565
824,demucs,DNSMOS-BAK,6,decoder.0,Dec-0,p232,-0.13373353916202277,80565
824,demucs,DNSMOS-BAK,7,decoder.1,Dec-1,p232,-0.17579288497917123,80565
824,demucs,DNSMOS-BAK,8,decoder.2,Dec-2,p232,-0.2271729825402055,80565
824,demucs,DNSMOS-BAK,9,decoder.3,Dec-3,p232,-0.24597216130558433,80565
824,demucs,DNSMOS-BAK,10,decoder.4,Dec-4,p232,-0.5478911037474026,80565
824,demucs,PESQ,0,encoder.0,Enc-0,p257,-0.20399682563953944,88355
824,demucs,PESQ,1,encoder.1,Enc-1,p257,-0.13025357788315284,88355
824,demucs,PESQ,2,encoder.2,Enc-2,p257,-0.06583748987207376,88355
824,demucs,PESQ,3,encoder.3,Enc-3,p257,-0.10809054386775127,88355
824,demucs,PESQ,4,encoder.4,Enc-4,p257,0.356779835549387,88355
824,demucs,PESQ,5,lstm,LSTM,p257,0.1950197061974996,88355
824,demucs,PESQ,6,decoder.0,Dec-0,p257,0.21545378442022914,88355
824,demucs,PESQ,7,decoder.1,Dec-1,p257,0.13043668910662787,88355
824,demucs,PESQ,8,decoder.2,Dec-2,p257,0.18305581880820823,88355
824,demucs,PESQ,9,decoder.3,Dec-3,p257,0.16206758585548756,88355
824,demucs,PESQ,10,decoder.4,Dec-4,p257,0.1844689626568583,88355
824,demucs,STOI,0,encoder.0,Enc-0,p257,-0.012355874638179378,88355
824,demucs,STOI,1,encoder.1,Enc-1,p257,-0.009064824750535258,88355
824,demucs,STOI,2,encoder.2,Enc-2,p257,0.15865371080204765,88355
824,demucs,STOI,3,encoder.3,Enc-3,p257,0.1614177058958199,88355
824,demucs,STOI,4,encoder.4,Enc-4,p257,0.06722132069851211,88355
824,demucs,STOI,5,lstm,LSTM,p257,0.014964573228431144,88355
824,demucs,STOI,6,decoder.0,Dec-0,p257,0.04835928590371413,88355
824,demucs,STOI,7,decoder.1,Dec-1,p257,-0.025076306988899025,88355
824,demucs,STOI,8,decoder.2,Dec-2,p257,0.001815259849539591,88355
824,demucs,STOI,9,decoder.3,Dec-3,p257,-0.04025928917285543,88355
824,demucs,STOI,10,decoder.4,Dec-4,p257,-0.19733865448094967,88355
824,demucs,SI-SDR,0,encoder.0,Enc-0,p257,-0.22482845690137226,88355
824,demucs,SI-SDR,1,encoder.1,Enc-1,p257,-0.2085066027947897,88355
824,demucs,SI-SDR,2,encoder.2,Enc-2,p257,-0.18009410187997643,88355
824,demucs,SI-SDR,3,encoder.3,Enc-3,p257,-0.296447406678379,88355
824,demucs,SI-SDR,4,encoder.4,Enc-4,p257,0.31348069528121664,88355
824,demucs,SI-SDR,5,lstm,LSTM,p257,0.26845768372537115,88355
824,demucs,SI-SDR,6,decoder.0,Dec-0,p257,0.2225485671752862,88355
824,demucs,SI-SDR,7,decoder.1,Dec-1,p257,0.10718110638182417,88355
824,demucs,SI-SDR,8,decoder.2,Dec-2,p257,0.11503754938225931,88355
824,demucs,SI-SDR,9,decoder.3,Dec-3,p257,0.09150954654326651,88355
824,demucs,SI-SDR,10,decoder.4,Dec-4,p257,0.4749038878282648,88355
824,demucs,DNSMOS-OVRL,0,encoder.0,Enc-0,p257,0.05169670037258775,88355
824,demucs,DNSMOS-OVRL,1,encoder.1,Enc-1,p257,-0.03262844904373052,88355
824,demucs,DNSMOS-OVRL,2,encoder.2,Enc-2,p257,0.16457448986095946,88355
824,demucs,DNSMOS-OVRL,3,encoder.3,Enc-3,p257,0.22649709330071294,88355
824,demucs,DNSMOS-OVRL,4,encoder.4,Enc-4,p257,-0.026237214978364183,88355
824,demucs,DNSMOS-OVRL,5,lstm,LSTM,p257,-0.11826493436907785,88355
824,demucs,DNSMOS-OVRL,6,decoder.0,Dec-0,p257,-0.12320918850006475,88355
824,demucs,DNSMOS-OVRL,7,decoder.1,Dec-1,p257,-0.2226303045584629,88355
824,demucs,DNSMOS-OVRL,8,decoder.2,Dec-2,p257,-0.18266606539146207,88355
824,demucs,DNSMOS-OVRL,9,decoder.3,Dec-3,p257,-0.21408671761012874,88355
824,demucs,DNSMOS-OVRL,10,decoder.4,Dec-4,p257,-0.3403133106684848,88355
824,demucs,DNSMOS-SIG,0,encoder.0,Enc-0,p257,0.06955023935884341,88355
824,demucs,DNSMOS-SIG,1,encoder.1,Enc-1,p257,0.052224167687971376,88355
824,demucs,DNSMOS-SIG,2,encoder.2,Enc-2,p257,0.16411399534497792,88355
824,demucs,DNSMOS-SIG,3,encoder.3,Enc-3,p257,0.1960741643484827,88355
824,demucs,DNSMOS-SIG,4,encoder.4,Enc-4,p257,-0.06780803070037883,88355
824,demucs,DNSMOS-SIG,5,lstm,LSTM,p257,-0.12196467056133184,88355
824,demucs,DNSMOS-SIG,6,decoder.0,Dec-0,p257,-0.10078558847174632,88355
824,demucs,DNSMOS-SIG,7,decoder.1,Dec-1,p257,-0.17245385146580522,88355
824,demucs,DNSMOS-SIG,8,decoder.2,Dec-2,p257,-0.14101024983896165,88355
824,demucs,DNSMOS-SIG,9,decoder.3,Dec-3,p257,-0.1667975006230754,88355
824,demucs,DNSMOS-SIG,10,decoder.4,Dec-4,p257,-0.3734051460173137,88355
824,demucs,DNSMOS-BAK,0,encoder.0,Enc-0,p257,0.1309342461834172,88355
824,demucs,DNSMOS-BAK,1,encoder.1,Enc-1,p257,0.062430848777757834,88355
824,demucs,DNSMOS-BAK,2,encoder.2,Enc-2,p257,0.21109243058515173,88355
824,demucs,DNSMOS-BAK,3,encoder.3,Enc-3,p257,0.3134600294011649,88355
824,demucs,DNSMOS-BAK,4,encoder.4,Enc-4,p257,-0.1298425566760112,88355
824,demucs,DNSMOS-BAK,5,lstm,LSTM,p257,-0.1853422804645795,88355
824,demucs,DNSMOS-BAK,6,decoder.0,Dec-0,p257,-0.15884028793978747,88355
824,demucs,DNSMOS-BAK,7,decoder.1,Dec-1,p257,-0.23610404354412734,88355
824,demucs,DNSMOS-BAK,8,decoder.2,Dec-2,p257,-0.19817911360860677,88355
824,demucs,DNSMOS-BAK,9,decoder.3,Dec-3,p257,-0.22038945979417907,88355
824,demucs,DNSMOS-BAK,10,decoder.4,Dec-4,p257,-0.47076451021076954,88355
824,mpsenet,PESQ,0,TSTransformer.0.time_transformer.norm1,B0-T,p232,0.27209240935147966,80565
824,mpsenet,PESQ,1,TSTransformer.0.freq_transformer.norm1,B0-F,p232,0.3322548749296093,80565
824,mpsenet,PESQ,2,TSTransformer.1.time_transformer.norm1,B1-T,p232,0.12935983857684663,80565
824,mpsenet,PESQ,3,TSTransformer.1.freq_transformer.norm1,B1-F,p232,0.23717198125934383,80565
824,mpsenet,PESQ,4,TSTransformer.2.time_transformer.norm1,B2-T,p232,0.06787114853538645,80565
824,mpsenet,PESQ,5,TSTransformer.2.freq_transformer.norm1,B2-F,p232,0.09712480905107855,80565
824,mpsenet,PESQ,6,TSTransformer.3.time_transformer.norm1,B3-T,p232,-0.0008727265995357378,80565
824,mpsenet,PESQ,7,TSTransformer.3.freq_transformer.norm1,B3-F,p232,-0.10209494858486586,80565
824,mpsenet,STOI,0,TSTransformer.0.time_transformer.norm1,B0-T,p232,-0.5956984989019956,80565
824,mpsenet,STOI,1,TSTransformer.0.freq_transformer.norm1,B0-F,p232,-0.7064950090028473,80565
824,mpsenet,STOI,2,TSTransformer.1.time_transformer.norm1,B1-T,p232,-0.6457764311177487,80565
824,mpsenet,STOI,3,TSTransformer.1.freq_transformer.norm1,B1-F,p232,-0.6944488631240906,80565
824,mpsenet,STOI,4,TSTransformer.2.time_transformer.norm1,B2-T,p232,-0.5861067376224082,80565
824,mpsenet,STOI,5,TSTransformer.2.freq_transformer.norm1,B2-F,p232,-0.5908029447273911,80565
824,mpsenet,STOI,6,TSTransformer.3.time_transformer.norm1,B3-T,p232,-0.5591030752965949,80565
824,mpsenet,STOI,7,TSTransformer.3.freq_transformer.norm1,B3-F,p232,-0.48562545297496695,80565
824,mpsenet,SI-SDR,0,TSTransformer.0.time_transformer.norm1,B0-T,p232,0.7115996061531323,80565
824,mpsenet,SI-SDR,1,TSTransformer.0.freq_transformer.norm1,B0-F,p232,0.7995581295588008,80565
824,mpsenet,SI-SDR,2,TSTransformer.1.time_transformer.norm1,B1-T,p232,0.6993414776204205,80565
824,mpsenet,SI-SDR,3,TSTransformer.1.freq_transformer.norm1,B1-F,p232,0.7920849001198663,80565
824,mpsenet,SI-SDR,4,TSTransformer.2.time_transformer.norm1,B2-T,p232,0.6765572186288943,80565
824,mpsenet,SI-SDR,5,TSTransformer.2.freq_transformer.norm1,B2-F,p232,0.6965829862348222,80565
824,mpsenet,SI-SDR,6,TSTransformer.3.time_transformer.norm1,B3-T,p232,0.6424418649754055,80565
824,mpsenet,SI-SDR,7,TSTransformer.3.freq_transformer.norm1,B3-F,p232,0.5624685927703126,80565
824,mpsenet,DNSMOS-OVRL,0,TSTransformer.0.time_transformer.norm1,B0-T,p232,-0.6514713822709379,80565
824,mpsenet,DNSMOS-OVRL,1,TSTransformer.0.freq_transformer.norm1,B0-F,p232,-0.7706888803171196,80565
824,mpsenet,DNSMOS-OVRL,2,TSTransformer.1.time_transformer.norm1,B1-T,p232,-0.6911139646335761,80565
824,mpsenet,DNSMOS-OVRL,3,TSTransformer.1.freq_transformer.norm1,B1-F,p232,-0.7317735095022326,80565
824,mpsenet,DNSMOS-OVRL,4,TSTransformer.2.time_transformer.norm1,B2-T,p232,-0.6391227568615174,80565
824,mpsenet,DNSMOS-OVRL,5,TSTransformer.2.freq_transformer.norm1,B2-F,p232,-0.6263408344846589,80565
824,mpsenet,DNSMOS-OVRL,6,TSTransformer.3.time_transformer.norm1,B3-T,p232,-0.5969496181516036,80565
824,mpsenet,DNSMOS-OVRL,7,TSTransformer.3.freq_transformer.norm1,B3-F,p232,-0.5107682916521893,80565
824,mpsenet,DNSMOS-SIG,0,TSTransformer.0.time_transformer.norm1,B0-T,p232,-0.6516168874599957,80565
824,mpsenet,DNSMOS-SIG,1,TSTransformer.0.freq_transformer.norm1,B0-F,p232,-0.7104394945045274,80565
824,mpsenet,DNSMOS-SIG,2,TSTransformer.1.time_transformer.norm1,B1-T,p232,-0.5384864506164198,80565
824,mpsenet,DNSMOS-SIG,3,TSTransformer.1.freq_transformer.norm1,B1-F,p232,-0.637199394665302,80565
824,mpsenet,DNSMOS-SIG,4,TSTransformer.2.time_transformer.norm1,B2-T,p232,-0.5062526769290893,80565
824,mpsenet,DNSMOS-SIG,5,TSTransformer.2.freq_transformer.norm1,B2-F,p232,-0.5001775779454019,80565
824,mpsenet,DNSMOS-SIG,6,TSTransformer.3.time_transformer.norm1,B3-T,p232,-0.43769544439467023,80565
824,mpsenet,DNSMOS-SIG,7,TSTransformer.3.freq_transformer.norm1,B3-F,p232,-0.31011264081375717,80565
824,mpsenet,DNSMOS-BAK,0,TSTransformer.0.time_transformer.norm1,B0-T,p232,-0.6758085527959535,80565
824,mpsenet,DNSMOS-BAK,1,TSTransformer.0.freq_transformer.norm1,B0-F,p232,-0.8090074175661777,80565
824,mpsenet,DNSMOS-BAK,2,TSTransformer.1.time_transformer.norm1,B1-T,p232,-0.7795097064063404,80565
824,mpsenet,DNSMOS-BAK,3,TSTransformer.1.freq_transformer.norm1,B1-F,p232,-0.7913948039272974,80565
824,mpsenet,DNSMOS-BAK,4,TSTransformer.2.time_transformer.norm1,B2-T,p232,-0.7050119092922152,80565
824,mpsenet,DNSMOS-BAK,5,TSTransformer.2.freq_transformer.norm1,B2-F,p232,-0.7071468610689893,80565
824,mpsenet,DNSMOS-BAK,6,TSTransformer.3.time_transformer.norm1,B3-T,p232,-0.6839752674868591,80565
824,mpsenet,DNSMOS-BAK,7,TSTransformer.3.freq_transformer.norm1,B3-F,p232,-0.6299959223430085,80565
824,mpsenet,PESQ,0,TSTransformer.0.time_transformer.norm1,B0-T,p257,0.3546730155891902,88355
824,mpsenet,PESQ,1,TSTransformer.0.freq_transformer.norm1,B0-F,p257,0.42422633341248667,88355
824,mpsenet,PESQ,2,TSTransformer.1.time_transformer.norm1,B1-T,p257,0.2623636863848133,88355
824,mpsenet,PESQ,3,TSTransformer.1.freq_transformer.norm1,B1-F,p257,0.36343574349604973,88355
824,mpsenet,PESQ,4,TSTransformer.2.time_transformer.norm1,B2-T,p257,0.24534381005243952,88355
824,mpsenet,PESQ,5,TSTransformer.2.freq_transformer.norm1,B2-F,p257,0.3004786400963789,88355
824,mpsenet,PESQ,6,TSTransformer.3.time_transformer.norm1,B3-T,p257,0.22551067822784593,88355
824,mpsenet,PESQ,7,TSTransformer.3.freq_transformer.norm1,B3-F,p257,0.14463582706360337,88355
824,mpsenet,STOI,0,TSTransformer.0.time_transformer.norm1,B0-T,p257,-0.533410944589511,88355
824,mpsenet,STOI,1,TSTransformer.0.freq_transformer.norm1,B0-F,p257,-0.6198292339006983,88355
824,mpsenet,STOI,2,TSTransformer.1.time_transformer.norm1,B1-T,p257,-0.6280153216904721,88355
824,mpsenet,STOI,3,TSTransformer.1.freq_transformer.norm1,B1-F,p257,-0.6117841161580546,88355
824,mpsenet,STOI,4,TSTransformer.2.time_transformer.norm1,B2-T,p257,-0.5444038870378997,88355
824,mpsenet,STOI,5,TSTransformer.2.freq_transformer.norm1,B2-F,p257,-0.5545612010038036,88355
824,mpsenet,STOI,6,TSTransformer.3.time_transformer.norm1,B3-T,p257,-0.5558443272269955,88355
824,mpsenet,STOI,7,TSTransformer.3.freq_transformer.norm1,B3-F,p257,-0.5398169737496726,88355
824,mpsenet,SI-SDR,0,TSTransformer.0.time_transformer.norm1,B0-T,p257,0.6090440278619723,88355
824,mpsenet,SI-SDR,1,TSTransformer.0.freq_transformer.norm1,B0-F,p257,0.6499828864264974,88355
824,mpsenet,SI-SDR,2,TSTransformer.1.time_transformer.norm1,B1-T,p257,0.4763303110918787,88355
824,mpsenet,SI-SDR,3,TSTransformer.1.freq_transformer.norm1,B1-F,p257,0.6275344236516827,88355
824,mpsenet,SI-SDR,4,TSTransformer.2.time_transformer.norm1,B2-T,p257,0.4624054510744697,88355
824,mpsenet,SI-SDR,5,TSTransformer.2.freq_transformer.norm1,B2-F,p257,0.5055280964396529,88355
824,mpsenet,SI-SDR,6,TSTransformer.3.time_transformer.norm1,B3-T,p257,0.4229088958401649,88355
824,mpsenet,SI-SDR,7,TSTransformer.3.freq_transformer.norm1,B3-F,p257,0.33175969485901796,88355
824,mpsenet,DNSMOS-OVRL,0,TSTransformer.0.time_transformer.norm1,B0-T,p257,-0.5548696489987321,88355
824,mpsenet,DNSMOS-OVRL,1,TSTransformer.0.freq_transformer.norm1,B0-F,p257,-0.6818922504875105,88355
824,mpsenet,DNSMOS-OVRL,2,TSTransformer.1.time_transformer.norm1,B1-T,p257,-0.6836074944531776,88355
824,mpsenet,DNSMOS-OVRL,3,TSTransformer.1.freq_transformer.norm1,B1-F,p257,-0.664181246978867,88355
824,mpsenet,DNSMOS-OVRL,4,TSTransformer.2.time_transformer.norm1,B2-T,p257,-0.6238130462962144,88355
824,mpsenet,DNSMOS-OVRL,5,TSTransformer.2.freq_transformer.norm1,B2-F,p257,-0.6341573701103315,88355
824,mpsenet,DNSMOS-OVRL,6,TSTransformer.3.time_transformer.norm1,B3-T,p257,-0.6239681032255334,88355
824,mpsenet,DNSMOS-OVRL,7,TSTransformer.3.freq_transformer.norm1,B3-F,p257,-0.5987502386829029,88355
824,mpsenet,DNSMOS-SIG,0,TSTransformer.0.time_transformer.norm1,B0-T,p257,-0.5247900362518058,88355
824,mpsenet,DNSMOS-SIG,1,TSTransformer.0.freq_transformer.norm1,B0-F,p257,-0.6382343323328917,88355
824,mpsenet,DNSMOS-SIG,2,TSTransformer.1.time_transformer.norm1,B1-T,p257,-0.5458247027813757,88355
824,mpsenet,DNSMOS-SIG,3,TSTransformer.1.freq_transformer.norm1,B1-F,p257,-0.5925631821084939,88355
824,mpsenet,DNSMOS-SIG,4,TSTransformer.2.time_transformer.norm1,B2-T,p257,-0.5022452744641502,88355
824,mpsenet,DNSMOS-SIG,5,TSTransformer.2.freq_transformer.norm1,B2-F,p257,-0.5355762302291727,88355
824,mpsenet,DNSMOS-SIG,6,TSTransformer.3.time_transformer.norm1,B3-T,p257,-0.48965010594626757,88355
824,mpsenet,DNSMOS-SIG,7,TSTransformer.3.freq_transformer.norm1,B3-F,p257,-0.4197005348053551,88355
824,mpsenet,DNSMOS-BAK,0,TSTransformer.0.time_transformer.norm1,B0-T,p257,-0.6607918085791883,88355
824,mpsenet,DNSMOS-BAK,1,TSTransformer.0.freq_transformer.norm1,B0-F,p257,-0.7577773711093714,88355
824,mpsenet,DNSMOS-BAK,2,TSTransformer.1.time_transformer.norm1,B1-T,p257,-0.7742375023262126,88355
824,mpsenet,DNSMOS-BAK,3,TSTransformer.1.freq_transformer.norm1,B1-F,p257,-0.7472647311968977,88355
824,mpsenet,DNSMOS-BAK,4,TSTransformer.2.time_transformer.norm1,B2-T,p257,-0.6950042971386229,88355
824,mpsenet,DNSMOS-BAK,5,TSTransformer.2.freq_transformer.norm1,B2-F,p257,-0.7044795464538047,88355
824,mpsenet,DNSMOS-BAK,6,TSTransformer.3.time_transformer.norm1,B3-T,p257,-0.6956954215239339,88355
824,mpsenet,DNSMOS-BAK,7,TSTransformer.3.freq_transformer.norm1,B3-F,p257,-0.6805358505133235,88355
