metric,snr,mean_780,mean_824,diff
DNSMOS-OVRL,-10.0,1.4004966594498138,1.337498883266472,-0.06299777618334179
DNSMOS-OVRL,-9.0,1.4498233692511544,1.3660995232104098,-0.08372384604074457
DNSMOS-OVRL,-8.0,1.5050893827015137,1.3992231796522743,-0.10586620304923944
DNSMOS-OVRL,-7.0,1.5682260349165913,1.437782956095575,-0.13044307882101625
DNSMOS-OVRL,-6.0,1.6357026840208153,1.4833923036323011,-0.1523103803885142
DNSMOS-OVRL,-5.0,1.704343229513415,1.5345043274673444,-0.16983890204607066
DNSMOS-OVRL,-4.0,1.7718456043729338,1.5909900196258304,-0.1808555847471034
DNSMOS-OVRL,-3.0,1.8375019369733694,1.6538568048801237,-0.18364513209324573
DNSMOS-OVRL,-2.0,1.8985804528893044,1.722331840291764,-0.17624861259754043
DNSMOS-OVRL,-1.0,1.9576718895243277,1.7977082945189429,-0.15996359500538482
DNSMOS-OVRL,0.0,2.01753990433483,1.8829061461594498,-0.13463375817538004
DNSMOS-OVRL,1.0,2.0780830567484467,1.9725855296387256,-0.10549752710972116
DNSMOS-OVRL,2.0,2.141429154289028,2.0684118123598467,-0.07301734192918108
DNSMOS-OVRL,3.0,2.2107194968737645,2.1709193655588095,-0.03980013131495497
DNSMOS-OVRL,4.0,2.28491626955216,2.273138942272918,-0.0117773272792423
DNSMOS-OVRL,5.0,2.361241242368209,2.372733716652231,0.011492474284021892
DNSMOS-OVRL,6.0,2.436347889801679,2.4612178211362616,0.024869931334582596
DNSMOS-OVRL,7.0,2.507895263779368,2.54377913295644,0.03588386917707176
DNSMOS-OVRL,8.0,2.578227061232097,2.620646847451775,0.04241978621967757
DNSMOS-OVRL,9.0,2.6453161593248713,2.6903867204212446,0.04507056109637331
DNSMOS-OVRL,10.0,2.705665069462268,2.750748502108657,0.04508343264638892
DNSMOS-OVRL,11.0,2.7580304517930183,2.8038159055327907,0.045785453739772386
DNSMOS-OVRL,12.0,2.8047518486730283,2.8486987552596528,0.04394690658662448
DNSMOS-OVRL,13.0,2.8450560112227787,2.8873954492575913,0.04233943803481255
DNSMOS-OVRL,14.0,2.881186430654413,2.9227547200270068,0.041568289372593714
DNSMOS-OVRL,15.0,2.913304800594842,2.9542010565116565,0.04089625591681445
DNSMOS-OVRL,16.0,2.9417632177346134,2.982797950187933,0.04103473245331957
DNSMOS-OVRL,17.0,2.967906320768931,3.008128812706586,0.040222491937655036
DNSMOS-OVRL,18.0,2.9918843958099837,3.0312943766707354,0.03940998086075176
DNSMOS-OVRL,19.0,3.013148569518963,3.05234696159085,0.039198392071887245
DNSMOS-OVRL,20.0,3.032703293472569,3.0705840602083114,0.037880766735742366
DNSMOS-OVRL,21.0,3.0515726057247505,3.0875033151177527,0.035930709393002136
DNSMOS-OVRL,22.0,3.069267929451154,3.1029754350775653,0.03370750562641156
DNSMOS-OVRL,23.0,3.085749023300307,3.1172544256576056,0.031505402357298706
DNSMOS-OVRL,24.0,3.1017138908731505,3.1300675280175163,0.028353637144365784
DNSMOS-OVRL,25.0,3.116278751117987,3.142187485301379,0.025908734183392124
DNSMOS-OVRL,26.0,3.1308230103937764,3.1533973073496404,0.022574296955863993
DNSMOS-OVRL,27.0,3.1439016869212324,3.163773814451347,0.019872127530114803
DNSMOS-OVRL,28.0,3.155506762643218,3.1734501747251715,0.017943412081953714
DNSMOS-OVRL,29.0,3.166176833300813,3.182075581388566,0.015898748087753045
DNSMOS-OVRL,30.0,3.176083832108442,3.1896966575997547,0.013612825491312819
DNSMOS-SIG,-10.0,1.8171862964344156,1.7146646820225762,-0.10252161441183949
DNSMOS-SIG,-9.0,1.8841142598530045,1.752858123617265,-0.13125613623573962
DNSMOS-SIG,-8.0,1.9604134947891267,1.799196476988422,-0.16121701780070463
DNSMOS-SIG,-7.0,2.048611184391821,1.8545120049738189,-0.19409917941800225
DNSMOS-SIG,-6.0,2.1418767106625167,1.9218455904027791,-0.2200311202597376
DNSMOS-SIG,-5.0,2.233917242576937,1.9957862754180593,-0.23813096715887783
DNSMOS-SIG,-4.0,2.3212457142487284,2.079506188341715,-0.24173952590701342
DNSMOS-SIG,-3.0,2.4062642079401355,2.1720993126190984,-0.23416489532103713
DNSMOS-SIG,-2.0,2.4821772932234683,2.276219291507619,-0.2059580017158491
DNSMOS-SIG,-1.0,2.5558291925642114,2.39272899671087,-0.16310019585334157
DNSMOS-SIG,0.0,2.6337093464865853,2.5237877553817136,-0.10992159110487165
DNSMOS-SIG,1.0,2.7128450624570233,2.655796913151602,-0.05704814930542135
DNSMOS-SIG,2.0,2.7956411970556196,2.7897844632852427,-0.005856733770376987
DNSMOS-SIG,3.0,2.882069850787238,2.924795835660499,0.04272598487326107
DNSMOS-SIG,4.0,2.9723053566948767,3.0478908557046966,0.07558549900981992
DNSMOS-SIG,5.0,3.0602980112675975,3.157154973878444,0.09685696261084642
DNSMOS-SIG,6.0,3.1432805336811462,3.2422232562187805,0.09894272253763425
DNSMOS-SIG,7.0,3.218701000002997,3.3167121202042957,0.09801112020129876
DNSMOS-SIG,8.0,3.290431565117481,3.3808590562598217,0.09042749114234061
DNSMOS-SIG,9.0,3.3535637354358916,3.431569058976127,0.0780053235402356
DNSMOS-SIG,10.0,3.4041993124315044,3.468291449546814,0.06409213711530937
DNSMOS-SIG,11.0,3.4435592565360755,3.4949777923741387,0.05141853583806322
DNSMOS-SIG,12.0,3.4743787900593346,3.5120588383338984,0.03768004827456384
DNSMOS-SIG,13.0,3.4964150853661597,3.522296754335894,0.025881668969734317
DNSMOS-SIG,14.0,3.5131732588506104,3.529585211514269,0.016411952663658802
DNSMOS-SIG,15.0,3.5247525919096456,3.5328840391728487,0.008131447263203029
DNSMOS-SIG,16.0,3.5320707633604256,3.5344704796677653,0.0023997163073397054
DNSMOS-SIG,17.0,3.5371052150102007,3.5338665922579255,-0.0032386227522751554
DNSMOS-SIG,18.0,3.5404577852861046,3.5319309068536295,-0.008526878432475016
DNSMOS-SIG,19.0,3.5413619534137424,3.529455673752479,-0.01190627966126323
DNSMOS-SIG,20.0,3.5411336760752783,3.525921788840618,-0.01521188723466027
DNSMOS-SIG,21.0,3.540579887232456,3.522381399991443,-0.01819848724101325
DNSMOS-SIG,22.0,3.5395529885434445,3.519579343280746,-0.019973645262698625
DNSMOS-SIG,23.0,3.5382973526643826,3.5164641002428185,-0.021833252421564087
DNSMOS-SIG,24.0,3.537017575057618,3.513577222534754,-0.02344035252286414
DNSMOS-SIG,25.0,3.535570247407158,3.511263337297347,-0.02430691010981123
DNSMOS-SIG,26.0,3.5346755394073286,3.5096376708410317,-0.02503786856629686
DNSMOS-SIG,27.0,3.533658831876792,3.5087697463128174,-0.02488908556397451
DNSMOS-SIG,28.0,3.532833295814792,3.5088421889300485,-0.023991106884743374
DNSMOS-SIG,29.0,3.5320729972125817,3.509136923829329,-0.022936073383252875
DNSMOS-SIG,30.0,3.5317940073288536,3.5095944764544664,-0.022199530874387197
DNSMOS-BAK,-10.0,1.5056653106508635,1.4616315186313056,-0.04403379201955793
DNSMOS-BAK,-9.0,1.5626385361290407,1.4868422169997855,-0.07579631912925522
DNSMOS-BAK,-8.0,1.6263756129284015,1.5179428119971914,-0.1084328009312101
DNSMOS-BAK,-7.0,1.6987928085518837,1.5572397381067276,-0.1415530704451562
DNSMOS-BAK,-6.0,1.776451336856926,1.6029502156290036,-0.17350112122792227
DNSMOS-BAK,-5.0,1.8571394617504886,1.6555794596382716,-0.20156000211221703
DNSMOS-BAK,-4.0,1.9380356347015515,1.7154362749127507,-0.22259935978880074
DNSMOS-BAK,-3.0,2.0186520191825785,1.7826070730257961,-0.2360449461567824
DNSMOS-BAK,-2.0,2.0958380287234872,1.8576740938772276,-0.23816393484625964
DNSMOS-BAK,-1.0,2.1710845447075866,1.9422432353195636,-0.22884130938802305
DNSMOS-BAK,0.0,2.2462535330305573,2.039423344407267,-0.2068301886232904
DNSMOS-BAK,1.0,2.3208690945967447,2.141635661796459,-0.1792334328002858
DNSMOS-BAK,2.0,2.398575705119575,2.2528869726414817,-0.1456887324780931
DNSMOS-BAK,3.0,2.4833180902289493,2.3739812911424822,-0.1093367990864671
DNSMOS-BAK,4.0,2.5734321845275097,2.497953082577696,-0.07547910194981355
DNSMOS-BAK,5.0,2.6671816987967296,2.622254164762867,-0.044927534033862404
DNSMOS-BAK,6.0,2.761473216715557,2.737601980393373,-0.02387123632218424
DNSMOS-BAK,7.0,2.8538431523245036,2.849174804479173,-0.004668347845330434
DNSMOS-BAK,8.0,2.947427526078938,2.955297602004218,0.007870075925279885
DNSMOS-BAK,9.0,3.0380679045340435,3.0552828525455253,0.017214948011481823
DNSMOS-BAK,10.0,3.1220013494989707,3.145180055528011,0.023178706029040264
DNSMOS-BAK,11.0,3.1970141761038606,3.2269540983785703,0.02993992227470965
DNSMOS-BAK,12.0,3.2652454372262083,3.2987773312237656,0.033531893997557294
DNSMOS-BAK,13.0,3.3252775746955505,3.3627485592677755,0.037470984572224975
DNSMOS-BAK,14.0,3.3801717774528752,3.422174890961462,0.042003113508586765
DNSMOS-BAK,15.0,3.4297893381600613,3.477616664333251,0.04782732617318963
DNSMOS-BAK,16.0,3.4747631693302017,3.5300100860665147,0.05524691673631299
DNSMOS-BAK,17.0,3.5171923517115866,3.578926329936796,0.06173397822520954
DNSMOS-BAK,18.0,3.557070339883337,3.62546346864654,0.06839312876320314
DNSMOS-BAK,19.0,3.5941104959477657,3.6695371140554114,0.07542661810764573
DNSMOS-BAK,20.0,3.6295756035122206,3.7106965516956105,0.08112094818338988
DNSMOS-BAK,21.0,3.664383113690171,3.749544790821168,0.08516167713099687
DNSMOS-BAK,22.0,3.6983446332775847,3.785171293170707,0.08682665989312222
DNSMOS-BAK,23.0,3.731255163015898,3.819283333449688,0.08802817043378974
DNSMOS-BAK,24.0,3.7635992122457256,3.85033568618367,0.08673647393794459
DNSMOS-BAK,25.0,3.794007195786302,3.8794274608487065,0.08542026506240452
DNSMOS-BAK,26.0,3.8239082481924984,3.9050647195681787,0.08115647137568027
DNSMOS-BAK,27.0,3.8514752625306174,3.927697305251094,0.0762220427204765
DNSMOS-BAK,28.0,3.876042524119988,3.9474808588189987,0.07143833469901084
DNSMOS-BAK,29.0,3.898716140764332,3.964618902761959,0.06590276199762712
DNSMOS-BAK,30.0,3.919186441097244,3.9792776536015633,0.06009121250431937
