snr,dim,norm_between,norm_within_enc,norm_within_dec,between_over_within,raw_between
-10,13,0.5086384202964065,0.20674934825634364,0.5432246155972812,1.3564162085916873,9.700029390739274e-05
-9,13,0.5083604733498148,0.20546006693281083,0.5431991523000569,1.3580557356141798,9.56569611446126e-05
-8,13,0.5078389807542725,0.20371167961612682,0.5431983330596827,1.359839799000515,9.418750206620094e-05
-7,13,0.5070548039087802,0.20146732555656324,0.5432297538576492,1.3617746542194997,9.25387043024799e-05
-6,13,0.5060128477461185,0.19872473755490808,0.5432966759151576,1.3638766713746109,9.08204760087445e-05
-5,13,0.5048962899801441,0.19554078974185546,0.5434157440522048,1.3665114709462833,9.183176323010632e-05
-4,13,0.5035407676039865,0.1919022470233444,0.543568195681622,1.3693025262905953,9.26237395178103e-05
-3,13,0.5020021494301506,0.18788318285336555,0.5437511570399448,1.3722760730540735,9.31820436459296e-05
-2,13,0.5003033023897286,0.18354357261882157,0.5439595825760221,1.3753983025839518,9.313875095141177e-05
-1,13,0.4984960154719197,0.1789560729031763,0.5441917340604758,1.3786836125936721,9.249534069044623e-05
0,13,0.4966454825555048,0.17416429245081808,0.5444507288904977,1.3822296161538665,9.194178520008226e-05
1,13,0.4947663061860684,0.1692252606016303,0.5447322366029388,1.385982521713905,9.102556331824348e-05
2,13,0.492810676512352,0.1641354273352789,0.5450341589276534,1.3898246232168143,8.86675656302799e-05
3,13,0.490851470047431,0.15894260274799357,0.5453633985594022,1.3938585476661243,8.57137906972397e-05
4,13,0.4890654740218512,0.15375883016920303,0.5457316941353774,1.3983476745680592,8.453269216225223e-05
5,13,0.48749686252532254,0.14864746938794268,0.5461397728349343,1.4032982556376332,8.551996025239221e-05
6,13,0.4859733916840776,0.143565290954823,0.5465758543446553,1.4083304407917756,8.577392710661382e-05
7,13,0.48460297049713286,0.13859755709526914,0.547045812096441,1.413571522082743,8.682359593476511e-05
8,13,0.48249383877771834,0.13356536712188552,0.5464194723863873,1.4191311651201843,9.02433891178201e-05
9,13,0.4800937565503912,0.1285867451216816,0.5455433341253177,1.4243356625969104,9.030153973526298e-05
10,13,0.477841782209047,0.12384890376794595,0.5446921744411796,1.4295061224632,9.040865115359249e-05
11,13,0.47569542164551915,0.11936033585581485,0.5438623571290498,1.4344968188727973,8.96645146355081e-05
12,13,0.47366518043753025,0.11514209171913481,0.543059178705995,1.439271547232328,8.815694937580506e-05
13,13,0.4718058778706427,0.1112332824842169,0.5422937326757818,1.4438756682618041,8.673253827852032e-05
14,13,0.47007911175454775,0.10762213881347826,0.5415597738735655,1.4482199906304614,8.471543370105453e-05
15,13,0.4686123837613766,0.10435546337461175,0.5408811013510272,1.452528915377371,8.41535742690176e-05
16,13,0.4673407671330585,0.10140294114049948,0.5402471748976324,1.456684119434603,8.389383841121546e-05
17,13,0.4661956249231909,0.09873238624036272,0.5396437037982978,1.4605673119585594,8.276236118063144e-05
18,13,0.46540824999313535,0.09639543798249255,0.5391175656459051,1.4646694791009272,8.465744169968986e-05
19,13,0.46463596152573466,0.09428553723642956,0.538598290002943,1.46831358782691,8.359169867382064e-05
20,13,0.46433407301745677,0.09249672651640496,0.5381762809301313,1.4725033972753927,8.73159190249938e-05
21,13,0.4642413975019002,0.09094541099064636,0.5377956740666509,1.4767331371691539,9.114135760574299e-05
22,13,0.46426736110765343,0.08960255943493364,0.5374360977571159,1.4808253232318898,9.301896528563885e-05
23,13,0.4644018169652531,0.08845539999763118,0.5370928841953939,1.484783281163802,9.232810735230244e-05
24,13,0.4647777124168995,0.0875149728001561,0.5367889498171167,1.488946955413669,9.106274494667015e-05
25,13,0.46546436828003923,0.08678081774773484,0.5365352536269816,1.4935099210692993,8.996604156918361e-05
26,13,0.4664972770000486,0.08624686529223088,0.5363334954939596,1.4985929733182037,8.903091491361009e-05
27,13,0.4679150598724458,0.08590444902638315,0.5361865279348805,1.504330000599195,8.825624611917332e-05
28,13,0.4697510620378973,0.0857435685627701,0.5360950665328236,1.5108455329916375,8.764470776473578e-05
29,13,0.47202277909092244,0.08575161471141848,0.536057447595602,1.5182241871472097,8.692767072576714e-05
30,13,0.4746832964875268,0.08592041048070985,0.5360593059173754,1.5263626255738396,8.490439212388984e-05
