layer_short,pooled_linear,hsic_unbiased,frames_TFC,frames_TC
Enc-L1.0,0.00010543621381123858,9.766887293921611e-05,0.01239967909587754,0.015076295021838612
Enc-L1.1,0.0034160049729877046,0.003916842646731272,0.009429481699400478,0.011037827049361333
Enc-L1.2,0.011581080157226987,0.013056952747702598,0.009178154405951497,0.011490074466996722
Enc-L1.3,0.01392329992585712,0.015004211642179225,0.008127323083413972,0.010399650811486775
Enc-L2.0,0.00868235620326466,0.011326390916440223,0.013605169824428026,0.018471773454878066
Enc-L2.1,0.01645035082730982,0.01892412817362282,0.00986949278116226,0.015906043017903965
Enc-L2.2,0.01796793088598384,0.02041186076725523,0.008377979769640498,0.015047512087557053
Enc-L2.3,0.024222786743173165,0.025774914276126944,0.008356669427620039,0.015250899617042808
Latent.0,0.01487841678725349,0.017963660615185898,0.011307341252432929,0.016448414912323153
Latent.1,0.011641195862491929,0.01601111937844091,0.009494892928335401,0.014333945463763344
Latent.2,0.014251563977532916,0.01719285290522708,0.007535803600152336,0.011304224264290598
Latent.3,0.01695329839968019,0.019510438531388837,0.007106068366103701,0.010417843485209676
Dec-L2.0,0.023597632902281153,0.024408575481724818,0.008931587810979951,0.011191357017225689
Dec-L2.1,0.018210562980671724,0.022877151678854395,0.008207100272840924,0.010679372617933485
Dec-L2.2,0.0162990558385849,0.020487540367494023,0.007942916205525397,0.010562486592763
Dec-L2.3,0.013160104610191454,0.014984441073534093,0.007339792776107788,0.00923854193240404
Dec-L1.0,0.021088764763747655,0.021147343364400308,0.00797208521929052,0.008706532864107027
Dec-L1.1,0.015358164918588268,0.018428538955058645,0.004836175849040349,0.004205241582791012
Dec-L1.2,0.014639730076326263,0.017775543261319398,0.005710391467809676,0.005099067583349016
Dec-L1.3,0.013882397756311629,0.015545417576697139,0.007292586796482404,0.007061852437588904
Refine.0,0.020070183771434758,0.022715885060540557,0.008452436000108718,0.00927992329498132
Refine.1,0.017975745803780023,0.021870538766706724,0.007523307860228753,0.008238681527972221
Refine.2,0.01705945893559191,0.021467877959560268,0.006858363394935926,0.008749099869694974
Refine.3,0.02106774797795547,0.024156014723193873,0.0018035693213343622,0.0050851837721135875
