model,axis,depth,layer,alpha,alpha_lo,alpha_hi,beta,beta_lo,beta_hi
mpsenet,snr,0,TSTransformer.0.time_transformer.norm1,0.9235644839713474,0.9103070092735984,0.9368120487680272,0.0026271782371598,0.0022856687216041,0.0029670477551343
mpsenet,snr,1,TSTransformer.0.freq_transformer.norm1,0.5230922941245182,0.4217420206369918,0.6322251513087919,0.0178511015005653,0.0142209024942976,0.0210400161336996
mpsenet,snr,2,TSTransformer.1.time_transformer.norm1,0.4948263842410904,0.4160452438694665,0.5908257141277895,0.0160801785829555,0.0135673423625208,0.0181920948487356
mpsenet,snr,3,TSTransformer.1.freq_transformer.norm1,0.3995522009793453,0.2944080610189581,0.5073595807699102,0.0193149767485204,0.0164035812902964,0.0216523857109717
mpsenet,snr,4,TSTransformer.2.time_transformer.norm1,0.4730913062987343,0.3879085331696816,0.5697315542209114,0.0171572859217425,0.0146361525392333,0.0191217030859774
mpsenet,snr,5,TSTransformer.2.freq_transformer.norm1,0.4500593857424557,0.3599783253251344,0.5512456239568773,0.0185716254124779,0.0155787271554743,0.0208184802761703
mpsenet,snr,6,TSTransformer.3.time_transformer.norm1,0.3985691435474642,0.3084653713763221,0.504659538448459,0.0194758507772162,0.016852213935408,0.0215713099777042
mpsenet,snr,7,TSTransformer.3.freq_transformer.norm1,0.2935554314929802,0.1992150136982107,0.4105850112434624,0.022326365760752,0.0192489857547246,0.0247394591095993
mpsenet,c50,0,TSTransformer.0.time_transformer.norm1,0.9952582461270784,0.9951813037222836,0.9953339592245508,0.0002017151012143,0.000198767674335,0.0002047579465482
mpsenet,c50,1,TSTransformer.0.freq_transformer.norm1,0.9713293192128568,0.970702317747712,0.9718917909211864,0.0013404412392261,0.0013145942619157,0.0013683421279025
mpsenet,c50,2,TSTransformer.1.time_transformer.norm1,0.7786188918992659,0.7748617380239716,0.7820576698026158,0.0109149701791105,0.0107348444421839,0.0111046850046948
mpsenet,c50,3,TSTransformer.1.freq_transformer.norm1,0.8394052818404832,0.8368470207935427,0.8417157943760029,0.0076477803367948,0.0075363228148264,0.0077655752236598
mpsenet,c50,4,TSTransformer.2.time_transformer.norm1,0.8734433390650844,0.8711189326580907,0.8756181817340937,0.0057147887671857,0.0056227149911933,0.0058099353062186
mpsenet,c50,5,TSTransformer.2.freq_transformer.norm1,0.8571065275253907,0.8550078204079709,0.8590997670097961,0.0066551683941543,0.0065672111520634,0.0067485161905963
mpsenet,c50,6,TSTransformer.3.time_transformer.norm1,0.7728719289133288,0.769721266669304,0.7757706244415249,0.0105126970726748,0.0103930414683896,0.0106379220270587
mpsenet,c50,7,TSTransformer.3.freq_transformer.norm1,0.7765171516392164,0.7733864780760024,0.7793480158204557,0.0106308999708504,0.0105135765528239,0.0107595860344553
demucs,snr,0,encoder.0,0.4981217002656353,0.4939511522484311,0.5008343211366997,0.0240590870242201,0.023941500860015,0.0242413313425188
demucs,snr,1,encoder.1,0.4883484024100866,0.4865045589912704,0.4903439896790026,0.0243901318430673,0.0243011807208556,0.0244742315829289
demucs,snr,2,encoder.2,0.3903375303604987,0.3766256822729306,0.4042468599635453,0.0273375703188296,0.0268379465280957,0.0278327701955332
demucs,snr,3,encoder.3,0.4250091222833512,0.3998824412796677,0.4588907128493216,0.0259563782677621,0.0247473265179458,0.0268430452934313
demucs,snr,4,encoder.4,0.4351878404316884,0.4099052118063385,0.4576046669390527,0.020884232704542,0.0202535969274202,0.0216141214537435
demucs,snr,5,lstm,0.8216408799034126,0.7935893482084465,0.847107170416115,0.0043930894781826,0.003432479713276,0.005577425421251
demucs,snr,6,decoder.0,0.7096764474486024,0.67249654463036,0.7407071222516419,0.0059876792829112,0.0044087313743945,0.0077838921848081
demucs,snr,7,decoder.1,0.7420004152701415,0.6981634742405587,0.7778364278129822,0.0058856958128813,0.0043827212603683,0.0078238427273966
demucs,snr,8,decoder.2,0.6462032727042212,0.6049041232845613,0.6847924403365989,0.0058563282333383,0.0043087076853594,0.0077616981302726
demucs,snr,9,decoder.3,0.5988402010278454,0.5542067850841966,0.641591717372972,0.0041138952352029,0.0020015405528708,0.0063440831331325
demucs,snr,10,decoder.4,0.7033061210142768,0.6615186169760267,0.7475384796594935,0.0139274621490257,0.0119470074770481,0.0157710156549231
demucs,c50,0,encoder.0,0.5285580416977569,0.5271265908670008,0.5299600235216455,0.0247349106282223,0.0246693734821678,0.0248019786740605
demucs,c50,1,encoder.1,0.5557754429420312,0.5538718649373792,0.5577188097463225,0.0228695576163905,0.0227780082419216,0.022959980847092
demucs,c50,2,encoder.2,0.6648230324995819,0.6607549012488674,0.6689551711101851,0.0166265212917046,0.0164298360369893,0.0168231202151972
demucs,c50,3,encoder.3,0.7172702852007811,0.7130764621363721,0.7215135349828398,0.0133805493922532,0.0131787525992151,0.0135772098608264
demucs,c50,4,encoder.4,0.7444470309984157,0.7401426026351478,0.7489888259389219,0.0108116512355562,0.010630916345967,0.0109880255709975
demucs,c50,5,lstm,0.8985909664213094,0.8967256489326336,0.9004195984857446,0.0041886405197365,0.0041151804259587,0.0042671215729222
demucs,c50,6,decoder.0,0.7262092684772297,0.7216448231033029,0.730762665927403,0.0102631125699541,0.0100970932771306,0.0104242679766955
demucs,c50,7,decoder.1,0.6760533095509048,0.6709273205085435,0.6809054279358195,0.0123338277806158,0.0121496107636487,0.0125009209294109
demucs,c50,8,decoder.2,0.5651517613995519,0.5591684785285848,0.5708535190249603,0.0173099608244774,0.0170992012162377,0.017504822176867
demucs,c50,9,decoder.3,0.3521799347195569,0.3451744270011686,0.358908940275474,0.022180355112303,0.021893828664715,0.0224496218061528
demucs,c50,10,decoder.4,0.3954761048165931,0.3908327277641337,0.4001252245947947,0.0266121656817377,0.0264534564084638,0.0267766572482732
