layer,depth,alpha,beta,r2,c_low,c_high,rng,auc
encoder.0,0,0.4981217002656353,0.024059087024220185,0.8242754484719743,0.08823591563951107,0.9990453258671163,0.9108094102276052,0.7435893692517002
encoder.1,1,0.48834840241008665,0.024390131843067347,0.8320700854975098,0.08522953089485358,0.9988801393501195,0.913650608455266,0.737004592983717
encoder.2,2,0.39033753036049873,0.027337570318829614,0.8943649552850632,0.055432386182076784,0.9939186538749465,0.9384862676928697,0.667189176386802
encoder.3,3,0.42500912228335125,0.02595637826776211,0.8678417766968433,0.06459300261856876,0.9882339602205682,0.9236409576019995,0.6885268905495074
encoder.4,4,0.43518784043168846,0.02088423270454209,0.9389867449558323,0.16824892284012044,0.9352775424831378,0.7670286196430174,0.6463368408474965
lstm,5,0.8216408799034126,0.004393089478182643,0.9455402067889161,0.7400196030687746,0.9344401262186172,0.1944205231498426,0.8662803224362776
decoder.0,6,0.7096764474486024,0.005987679282911213,0.9135186558734645,0.5888679531335573,0.8486977189783299,0.2598297658447726,0.7708225003832588
decoder.1,7,0.7420004152701415,0.0058856958128813515,0.8238775712529105,0.6031642216297937,0.8468958209625405,0.2437315993327468,0.8027530572015247
decoder.2,8,0.6462032727042212,0.005856328233338318,0.6948531783395095,0.5029283551820237,0.7021755258338738,0.19924717065185005,0.7073219204008456
decoder.3,9,0.5988402010278454,0.004113895235202932,0.44119308417408376,0.478562541098603,0.5729101761944362,0.09434763509583316,0.6428352232482085
decoder.4,10,0.7033061210142768,0.013927462149025786,0.7870117016043835,0.36257050163922583,0.9931321671793183,0.6305616655400925,0.8466989777069163
