model_name,layer,alpha,beta,alpha_ci_lo,alpha_ci_hi,beta_ci_lo,beta_ci_hi,c_low,c_high,n_boot,seed
MUSE,TCFTransformer.decoder_level1.mhca_blks.0.transformer_layers.0.ffn.project_out,0.460362837585151,0.0099852959871581,0.4175494605897888,0.5159569643111902,0.0083437535784254,0.0114703504915318,0.4110599646009223,0.8066809340395202,1000,0
MUSE,TCFTransformer.decoder_level1.mhca_blks.0.transformer_layers.0.norm1,0.2641501897954854,0.0198133735030686,0.1726386345276105,0.3731147546906447,0.0173350373965557,0.0218784648474073,0.1368123821991052,0.8603495326286992,1000,0
MUSE,TCFTransformer.decoder_level1.mhca_blks.0.transformer_layers.0.norm2,0.2797992704481341,0.0182057821361115,0.1967930965966775,0.37717946032017,0.0162861151322915,0.0199362176100564,0.156140221436302,0.8360174383743071,1000,0
MUSE,TCFTransformer.decoder_level1.mhca_blks.0.transformer_layers.1.ffn.project_out,0.6200155075891406,0.0100583480882858,0.5739471288069954,0.6754994490049105,0.009011633063906,0.0107951148907792,0.5411708980814796,0.9171780034108036,1000,0
MUSE,TCFTransformer.decoder_level1.mhca_blks.0.transformer_layers.1.norm1,0.4565591638229875,0.014686744423544,0.390129687861777,0.5413174607032737,0.0131571166385776,0.0159110732701302,0.3399136016520088,0.8875148122951372,1000,0
MUSE,TCFTransformer.decoder_level1.mhca_blks.0.transformer_layers.1.norm2,0.3956406248104408,0.0148355757125909,0.3306904866370445,0.4867418042084715,0.013435785987425,0.0159202033254466,0.285528088723658,0.8468974192286194,1000,0
MUSE,TCFTransformer.decoder_level1.mhca_blks.0.transformer_layers.2.ffn.project_out,0.3179739151803491,0.0168009616996165,0.2409778907926359,0.4052867580285104,0.0151641598946304,0.0182990427657822,0.1855953762814113,0.8258540641170843,1000,0
MUSE,TCFTransformer.decoder_level1.mhca_blks.0.transformer_layers.2.norm1,0.5009233441896322,0.0135670155470386,0.4371548610573147,0.580711787570948,0.0121411535447454,0.0146460634503921,0.3845155119932102,0.8940823036642843,1000,0
MUSE,TCFTransformer.decoder_level1.mhca_blks.0.transformer_layers.2.norm2,0.4183794259671686,0.0148143650169642,0.3534485338751407,0.506304012178506,0.013277144265243,0.0160057853317585,0.3056449665895943,0.8629711403791765,1000,0
MUSE,TCFTransformer.decoder_level1.mhca_blks.0.transformer_layers.3.ffn.project_out,0.4043369863371117,0.0075242881764395,0.3673675156998833,0.4511855614860971,0.0058819834195463,0.0092655021760288,0.3744243964142977,0.6908854983331075,1000,0
MUSE,TCFTransformer.decoder_level1.mhca_blks.0.transformer_layers.3.norm1,0.4629808110087091,0.0135378141182455,0.3975633180688163,0.5370142822963805,0.0124357278860957,0.0145271156404903,0.3536785943011684,0.8674306831570762,1000,0
MUSE,TCFTransformer.decoder_level1.mhca_blks.0.transformer_layers.3.norm2,0.5592281345725946,0.0119085216312767,0.499673717567449,0.6262548392194287,0.0106513385216918,0.0128128890336181,0.4544203240251592,0.9029426189398688,1000,0
MUSE,TCFTransformer.decoder_level2.mhca_blks.0.transformer_layers.0.ffn.project_out,0.6140251521001552,0.012664595417966,0.5477601823505283,0.6824982254180864,0.0109766294988873,0.0140999601679138,0.484466935272862,0.9578375093912164,1000,0
MUSE,TCFTransformer.decoder_level2.mhca_blks.0.transformer_layers.0.norm1,0.373103214145497,0.0209379106055664,0.2764382306645476,0.4818221059291617,0.0180659862168702,0.0234873317928626,0.2076649724533721,0.947888321730488,1000,0
MUSE,TCFTransformer.decoder_level2.mhca_blks.0.transformer_layers.0.norm2,0.3667972223983207,0.0208255475365362,0.2700581972516294,0.4773453675617081,0.0179018375886111,0.0231731417797358,0.2024955552509868,0.9431429440748376,1000,0
MUSE,TCFTransformer.decoder_level2.mhca_blks.0.transformer_layers.1.ffn.project_out,0.6175082480986714,0.0123583160937506,0.561080918376083,0.6836234623328986,0.0104871014001371,0.0137331327064202,0.501282953537655,0.9615685436472764,1000,0
MUSE,TCFTransformer.decoder_level2.mhca_blks.0.transformer_layers.1.norm1,0.5303372602388103,0.015633710249778,0.4491556572149096,0.6200075820227648,0.0133432401207415,0.017365112932254,0.3896907274872506,0.9558946202351372,1000,0
MUSE,TCFTransformer.decoder_level2.mhca_blks.0.transformer_layers.1.norm2,0.3614782839716013,0.0206123777019044,0.2684331039626675,0.4750421867043412,0.0176417909217884,0.0229124473749082,0.1970401909703412,0.936516186031548,1000,0
MUSE,TCFTransformer.decoder_level2.mhca_blks.0.transformer_layers.2.ffn.project_out,0.2336904023431597,0.0102246017500381,0.188074373475838,0.3060062787715534,0.0069346319882559,0.0135139571897721,0.2130088513278017,0.6486109890322027,1000,0
MUSE,TCFTransformer.decoder_level2.mhca_blks.0.transformer_layers.2.norm1,0.5740502170496217,0.0143024975848278,0.4982897547118408,0.6614514408585234,0.0120589426624889,0.016014539576128,0.432797282814634,0.9597664656119568,1000,0
MUSE,TCFTransformer.decoder_level2.mhca_blks.0.transformer_layers.2.norm2,0.3353352868026367,0.0140223424547602,0.2657800499213645,0.4224940743450855,0.0127136695931428,0.0152057285032697,0.2286058904310766,0.7817507643200369,1000,0
MUSE,TCFTransformer.decoder_level2.mhca_blks.0.transformer_layers.3.ffn.project_out,0.2740646028691296,0.0162614495495998,0.2008340878867106,0.3667654125803088,0.014412545491322,0.0181592656649731,0.1845295001878759,0.7873198584127998,1000,0
MUSE,TCFTransformer.decoder_level2.mhca_blks.0.transformer_layers.3.norm1,0.3302964161218713,0.0146269817808709,0.2547948501476281,0.4107808455075573,0.0132477729645609,0.0159172656436711,0.2215878741968646,0.7931366458699959,1000,0
MUSE,TCFTransformer.decoder_level2.mhca_blks.0.transformer_layers.3.norm2,0.1974763377384156,0.0138706207663839,0.1318039848558361,0.2861840858970406,0.0122212957378444,0.0157553894618467,0.1119589863386218,0.6599482286102596,1000,0
MUSE,TCFTransformer.encoder_level1.mhca_blks.0.transformer_layers.0.ffn.project_out,0.7295754703831148,0.0093792735927787,0.6697968462330441,0.7809198550589075,0.0078702869339681,0.0108027572408205,0.6369875181534658,0.9780038178907436,1000,0
MUSE,TCFTransformer.encoder_level1.mhca_blks.0.transformer_layers.0.norm1,0.9965732755307518,0.0001259844944041,0.9951777945766476,0.9976005535536616,9.292552861443264e-05,0.0001710378904527,0.9949810950622012,0.9997004705934336,1000,0
MUSE,TCFTransformer.encoder_level1.mhca_blks.0.transformer_layers.0.norm2,0.9860047656047868,0.0005659036308406,0.9802568904209542,0.991049089246859,0.0003769097867254,0.0007817479142245,0.978310229126143,0.9994886221149144,1000,0
MUSE,TCFTransformer.encoder_level1.mhca_blks.0.transformer_layers.1.ffn.project_out,0.7779895688569785,0.0074037988828423,0.7463541653791114,0.808840518379105,0.0067254632100141,0.0080006475521337,0.7172764738340497,0.9806716927641675,1000,0
MUSE,TCFTransformer.encoder_level1.mhca_blks.0.transformer_layers.1.norm1,0.907155999945926,0.0035696753341119,0.8740366586911563,0.9362439266648722,0.0025707964940152,0.0046782880833808,0.8653947954280091,0.9957736041698256,1000,0
MUSE,TCFTransformer.encoder_level1.mhca_blks.0.transformer_layers.1.norm2,0.6386643286797283,0.0127834294975172,0.55001829029612,0.7289362595366016,0.0101755841302304,0.0152063211585462,0.5235497945971875,0.9780637874170544,1000,0
MUSE,TCFTransformer.encoder_level1.mhca_blks.0.transformer_layers.2.ffn.project_out,0.7188932407591752,0.0098563285538432,0.6699470952611843,0.7690806660739016,0.0084788832056966,0.0111056211164903,0.5938338769766569,0.9730796399239968,1000,0
MUSE,TCFTransformer.encoder_level1.mhca_blks.0.transformer_layers.2.norm1,0.6960795185927651,0.0104730134077792,0.6181621841765901,0.7691728386454,0.008539920722887,0.0123454789512507,0.6031777351550123,0.9776216688231356,1000,0
MUSE,TCFTransformer.encoder_level1.mhca_blks.0.transformer_layers.2.norm2,0.6776587288574116,0.0110935459013865,0.6017237490395967,0.7508915801040671,0.0090950853842043,0.0129728629004084,0.5772273210434901,0.9762072863686174,1000,0
MUSE,TCFTransformer.encoder_level1.mhca_blks.0.transformer_layers.3.ffn.project_out,0.7983769107423107,0.0076559768791098,0.7462565955437153,0.8509394833195429,0.0058007847343653,0.0096080397939505,0.6752356792877487,0.9843296352593064,1000,0
MUSE,TCFTransformer.encoder_level1.mhca_blks.0.transformer_layers.3.norm1,0.6448651781996214,0.011801820289203,0.5670970296838949,0.7262701140430466,0.0096341277377983,0.0134798539753447,0.5465165917875151,0.9690584345221392,1000,0
MUSE,TCFTransformer.encoder_level1.mhca_blks.0.transformer_layers.3.norm2,0.6215368864757012,0.0121990672219248,0.5449807546470733,0.6997596796471522,0.0101224886635573,0.0137272860031342,0.5245929827929716,0.9625068385085692,1000,0
MUSE,TCFTransformer.encoder_level2.mhca_blks.0.transformer_layers.0.ffn.project_out,0.480247701208776,0.0154659549663182,0.4065053568230636,0.5629299689743463,0.0132010012189275,0.0173233558594056,0.3760801471906443,0.928104487182462,1000,0
MUSE,TCFTransformer.encoder_level2.mhca_blks.0.transformer_layers.0.norm1,0.7743989022862823,0.00829936255484,0.7069740029867387,0.8361501489408029,0.006464884948152,0.0101082159569461,0.6836164053489314,0.9869349597678988,1000,0
MUSE,TCFTransformer.encoder_level2.mhca_blks.0.transformer_layers.0.norm2,0.7515942166980398,0.0087553490581248,0.6861430306115246,0.8083399198133204,0.0072191649407023,0.0102888853629189,0.6586974385348194,0.979695418421601,1000,0
MUSE,TCFTransformer.encoder_level2.mhca_blks.0.transformer_layers.1.ffn.project_out,0.6028623934136929,0.0142178438166852,0.5225607769589902,0.6834862440687965,0.0117589685199346,0.0164971260453984,0.4310825882698565,0.963362547523767,1000,0
MUSE,TCFTransformer.encoder_level2.mhca_blks.0.transformer_layers.1.norm1,0.5233979118586787,0.0148722669186774,0.438808255935368,0.6158869237488495,0.0128010499327527,0.0165722929618897,0.3942018491045211,0.9372171311586002,1000,0
MUSE,TCFTransformer.encoder_level2.mhca_blks.0.transformer_layers.1.norm2,0.5159134225440226,0.0145511863571747,0.442699371130299,0.5946084475676962,0.0128478251972241,0.0159005683028559,0.394528731656539,0.92779299961614,1000,0
MUSE,TCFTransformer.encoder_level2.mhca_blks.0.transformer_layers.2.ffn.project_out,0.4526194187027996,0.0169887438398469,0.3787247993992958,0.5414429485241805,0.0147936456869758,0.0186967412424558,0.3101508595971662,0.9309936610975794,1000,0
MUSE,TCFTransformer.encoder_level2.mhca_blks.0.transformer_layers.2.norm1,0.4842828853536321,0.0162252630936973,0.3956276687185661,0.5763401929908515,0.0141109025486725,0.0179611618744433,0.3448514814627735,0.9332634758630198,1000,0
MUSE,TCFTransformer.encoder_level2.mhca_blks.0.transformer_layers.2.norm2,0.4387038452973308,0.0171170976891651,0.3411416727845059,0.5384884783418264,0.0150216516689788,0.0189400813383031,0.3002859603915265,0.9239071144460184,1000,0
MUSE,TCFTransformer.encoder_level2.mhca_blks.0.transformer_layers.3.ffn.project_out,0.6986114736637259,0.0103031114652275,0.6408253448114253,0.7656991565164536,0.0083449822860456,0.0118988258993743,0.5665189334951912,0.9693245265247076,1000,0
MUSE,TCFTransformer.encoder_level2.mhca_blks.0.transformer_layers.3.norm1,0.3632120374607283,0.019341603892086,0.2667904363591438,0.4810058153493106,0.0166647804907752,0.0213986541416582,0.2193421016326937,0.9181174359745482,1000,0
MUSE,TCFTransformer.encoder_level2.mhca_blks.0.transformer_layers.3.norm2,0.3474112227305176,0.0202378925903565,0.2402081954125421,0.4696611674490739,0.0173274661443687,0.022485441939822,0.1879273211521206,0.918650877695157,1000,0
MUSE,TCFTransformer.latent.mhca_blks.0.transformer_layers.0.ffn.project_out,0.7711641132852212,0.0064887656596619,0.7195435831150467,0.820095654518194,0.005584926681786,0.0072828789844315,0.7186626201071561,0.9580706202112612,1000,0
MUSE,TCFTransformer.latent.mhca_blks.0.transformer_layers.0.norm1,0.6545768786245533,0.0120567144441996,0.5780834352233605,0.7323634878762865,0.009831515751003,0.0139497312530288,0.5318291925974873,0.9719728861393924,1000,0
MUSE,TCFTransformer.latent.mhca_blks.0.transformer_layers.0.norm2,0.5623198718712759,0.0143836158208077,0.4772297647395954,0.6477800750413985,0.0124416704769571,0.0161556595414146,0.4231902377317261,0.9539950611120032,1000,0
MUSE,TCFTransformer.latent.mhca_blks.0.transformer_layers.1.ffn.project_out,0.6350397883093237,0.0107945647108911,0.5750444084416346,0.7022901657406417,0.0092912417059664,0.0120321498826766,0.5358213400568697,0.9402477864533696,1000,0
MUSE,TCFTransformer.latent.mhca_blks.0.transformer_layers.1.norm1,0.7090501118001497,0.0097856213545684,0.6448340281268792,0.7721541264954997,0.0082280172048662,0.011167079480975,0.6026294872580656,0.9697010495459828,1000,0
MUSE,TCFTransformer.latent.mhca_blks.0.transformer_layers.1.norm2,0.5681932628922268,0.0139349010922305,0.4859253728773191,0.6500342381754829,0.0120940898885348,0.0155723350731281,0.4320849738844309,0.9505996325665116,1000,0
MUSE,TCFTransformer.latent.mhca_blks.0.transformer_layers.2.ffn.project_out,0.4156911491120139,0.0176781079308051,0.3316813741127133,0.514415406288843,0.015064446770813,0.0196906371394101,0.2837916288159168,0.9316238545086296,1000,0
MUSE,TCFTransformer.latent.mhca_blks.0.transformer_layers.2.norm1,0.6224895292726568,0.0120911455552863,0.5519787820692006,0.6964791424070531,0.0103446807816656,0.013493849801942,0.5071285571661871,0.9543830350386994,1000,0
MUSE,TCFTransformer.latent.mhca_blks.0.transformer_layers.2.norm2,0.4799670952725068,0.0159875910614787,0.3960846835716376,0.5707147812418099,0.0137985408711285,0.0176729789679186,0.329648601984557,0.9245035500298812,1000,0
MUSE,TCFTransformer.latent.mhca_blks.0.transformer_layers.3.ffn.project_out,0.3859178625079196,0.0157913543515385,0.3191046170610686,0.4676131577664603,0.0134473723339751,0.0180033448909114,0.3034297225503562,0.8853350620427467,1000,0
MUSE,TCFTransformer.latent.mhca_blks.0.transformer_layers.3.norm1,0.528693731881141,0.0146642037059681,0.4509115173936879,0.6193930609840177,0.012635978523038,0.0161650408661876,0.3899944895886471,0.9377177763557486,1000,0
MUSE,TCFTransformer.latent.mhca_blks.0.transformer_layers.3.norm2,0.4131869386372901,0.0195516054128204,0.3217677719647216,0.5176956421980801,0.0169321683323468,0.0217135830043767,0.2350410204429728,0.9409461441573396,1000,0
MUSE,TCFTransformer.mag_refinement.mhca_blks.0.transformer_layers.0.ffn.project_out,0.6445172842848467,0.0104598468090632,0.5916012461477371,0.7009602446269865,0.0092998236660696,0.0113858712992096,0.5465758446796909,0.9400161319083766,1000,0
MUSE,TCFTransformer.mag_refinement.mhca_blks.0.transformer_layers.0.norm1,0.2553418151442841,0.0195291148249632,0.1716365597117195,0.361309032380935,0.0174429941394328,0.0215727324351151,0.1296067054578361,0.8469364090230891,1000,0
MUSE,TCFTransformer.mag_refinement.mhca_blks.0.transformer_layers.0.norm2,0.2666214509237452,0.0206194394331149,0.1745779041228055,0.3743440937642047,0.0178963708817514,0.022780477508006,0.1267391978164955,0.8761808653909636,1000,0
MUSE,TCFTransformer.mag_refinement.mhca_blks.0.transformer_layers.1.ffn.project_out,0.3817428259399982,0.0177960242538276,0.290971545797907,0.4818094666865122,0.0155515242495778,0.0199218057338874,0.2683818779484908,0.8858367509862655,1000,0
MUSE,TCFTransformer.mag_refinement.mhca_blks.0.transformer_layers.1.norm1,0.4192597224918209,0.0168187889948522,0.3408529808479463,0.5052616908737004,0.0148658138465159,0.0183259231416202,0.2812447517154841,0.9018755035320178,1000,0
MUSE,TCFTransformer.mag_refinement.mhca_blks.0.transformer_layers.1.norm2,0.3591561059317494,0.019566018777675,0.2701435514232406,0.4474862277686619,0.0173853206815695,0.0214144947841428,0.1910952831702126,0.9075573321548416,1000,0
MUSE,TCFTransformer.mag_refinement.mhca_blks.0.transformer_layers.2.ffn.project_out,0.3160837572037022,0.0140096805168113,0.2517984304849104,0.3929414054379693,0.0125012188080993,0.0155046445628671,0.2553029967200196,0.7652142037639541,1000,0
MUSE,TCFTransformer.mag_refinement.mhca_blks.0.transformer_layers.2.norm1,0.4472335736376166,0.0160618778093548,0.3755445582770245,0.525939196649631,0.0143827139377638,0.0173044113753088,0.3006661501416721,0.9018316273883934,1000,0
MUSE,TCFTransformer.mag_refinement.mhca_blks.0.transformer_layers.2.norm2,0.3491970724701472,0.0194269704612111,0.2669243613733101,0.4501405453118897,0.0172908520795186,0.0211937251569335,0.1921367505570309,0.9007919464368844,1000,0
MUSE,TCFTransformer.mag_refinement.mhca_blks.0.transformer_layers.3.ffn.project_out,0.2247399044870033,0.0157892561837998,0.1651748724818782,0.3093975254006506,0.0132997459505577,0.0184588072564594,0.1536325521526271,0.7850710215733187,1000,0
MUSE,TCFTransformer.mag_refinement.mhca_blks.0.transformer_layers.3.norm1,0.3584515187043057,0.0195196577825285,0.2706504745581216,0.4594853501859053,0.0170644129555014,0.0214225613695006,0.1975739745140887,0.9088416269195728,1000,0
MUSE,TCFTransformer.mag_refinement.mhca_blks.0.transformer_layers.3.norm2,0.3618726167881569,0.018719305451607,0.281602210235097,0.459557889286989,0.0166505233639785,0.0203839954233162,0.2143853823408211,0.8976372872130642,1000,0
MP-SENet,TSTransformer.0.freq_transformer.attention,0.8181648719493906,0.0068882873945285,0.7703367466450979,0.8621977285358968,0.0054428476593933,0.0083847549420582,0.7363631994018438,0.9893264996396236,1000,0
MP-SENet,TSTransformer.0.freq_transformer.ffn,0.9073047533918048,0.0029937923620388,0.8902026761903337,0.9264171596614096,0.0025254945651136,0.0033913227026584,0.8766991457466876,0.9892663435755296,1000,0
MP-SENet,TSTransformer.0.freq_transformer.ffn.gru,0.6313514423396712,0.0119787279934018,0.562223983717504,0.702073909112259,0.0102326311857223,0.0134538282212739,0.5198186641054664,0.959247722401974,1000,0
MP-SENet,TSTransformer.0.freq_transformer.ffn.linear,0.9073047533918048,0.0029937923620388,0.8908629302586977,0.926217368259554,0.0024888594957978,0.0033693343145132,0.8766991457466876,0.9892663435755296,1000,0
MP-SENet,TSTransformer.0.freq_transformer.norm1,0.5230922941245181,0.0178511015005653,0.4217420206369918,0.6322251513087919,0.0142209024942976,0.0210400161336996,0.3588221451973878,0.976307239037855,1000,0
MP-SENet,TSTransformer.0.freq_transformer.norm2,0.7149922552285035,0.0112295639445362,0.6401225187894262,0.7870818224017505,0.0086155466898994,0.0137671655536757,0.5815148715235237,0.9882114864765248,1000,0
MP-SENet,TSTransformer.0.freq_transformer.norm3,0.42721207142782,0.0178778433719638,0.3340652633098038,0.528637101812289,0.0154530152833608,0.0198685944836014,0.2693658312210615,0.9280918196924712,1000,0
MP-SENet,TSTransformer.0.time_transformer.attention,0.9952585019576436,0.0001552307991651,0.994193772457435,0.99634970381997,0.000127889494468,0.0001808184927117,0.9939449758519052,0.9995291675998556,1000,0
MP-SENet,TSTransformer.0.time_transformer.ffn,0.9471402528471786,0.0020780285053908,0.9329208752426535,0.9604184951534134,0.0015990754795888,0.0025674372436563,0.922355422113159,0.997746611960401,1000,0
MP-SENet,TSTransformer.0.time_transformer.ffn.gru,0.8447129927572843,0.0059634748653103,0.7983579740448628,0.8912377231740154,0.0043256766383444,0.0075561422084402,0.7754058589337006,0.991653085526525,1000,0
MP-SENet,TSTransformer.0.time_transformer.ffn.linear,0.9471402528471786,0.0020780285053908,0.9332583710210676,0.9628704301980932,0.0014922205666454,0.0025672933411516,0.922355422113159,0.997746611960401,1000,0
MP-SENet,TSTransformer.0.time_transformer.norm1,0.9235644839713476,0.0026271782371598,0.9103070092735984,0.9368120487680272,0.0022856687216041,0.0029670477551343,0.8972670255186681,0.9915417345861594,1000,0
MP-SENet,TSTransformer.0.time_transformer.norm2,0.9771902910529084,0.0007993365411229,0.9734981597792122,0.9807165676921998,0.0007191077371601,0.0008776590493795,0.9692549258792028,0.9979415484246956,1000,0
MP-SENet,TSTransformer.0.time_transformer.norm3,0.7710638278420171,0.0089062691538205,0.7115467784446765,0.8299059417236437,0.0069124556638189,0.0108818301442173,0.6690611708989647,0.9897944486409652,1000,0
MP-SENet,TSTransformer.1.freq_transformer.attention,0.7059576352368012,0.0079104746139237,0.6593782755733348,0.7574951776352344,0.0069000647487743,0.0087437515496294,0.6116595799897063,0.9302048684653406,1000,0
MP-SENet,TSTransformer.1.freq_transformer.ffn,0.9407417312084456,0.0022089655980692,0.9284577170257238,0.9541489264594344,0.0017671867590331,0.0025930436893703,0.9121294562798294,0.9957016686172484,1000,0
MP-SENet,TSTransformer.1.freq_transformer.ffn.gru,0.7601357128246182,0.0089577725261882,0.7087315002627854,0.8124376558424635,0.0071549305905464,0.0105707732182964,0.6412305408142338,0.9812236652421206,1000,0
MP-SENet,TSTransformer.1.freq_transformer.ffn.linear,0.9407417312084456,0.0022089655980692,0.9279349107723658,0.9530333141267368,0.0018039114533056,0.0025981702624991,0.9121294562798294,0.9957016686172484,1000,0
MP-SENet,TSTransformer.1.freq_transformer.norm1,0.3995522009793453,0.0193149767485204,0.2944080610189581,0.5073595807699102,0.0164035812902964,0.0216523857109717,0.2198807458448406,0.9145155980933896,1000,0
MP-SENet,TSTransformer.1.freq_transformer.norm2,0.458287768131184,0.019261082052537,0.3478798484948864,0.5700612051644606,0.0158603306495579,0.0221906339405109,0.2541439498801331,0.948965183707374,1000,0
MP-SENet,TSTransformer.1.freq_transformer.norm3,0.5996731035373437,0.0142801855697509,0.5300061299500032,0.6685692942980107,0.0121621688475278,0.0161590856786674,0.4447233046393966,0.9678418921284628,1000,0
MP-SENet,TSTransformer.1.time_transformer.attention,0.6763028243482684,0.0101459131060442,0.6047844636610846,0.7491417494396406,0.0082746650364376,0.0118784503169818,0.608383284515009,0.9608752556313974,1000,0
MP-SENet,TSTransformer.1.time_transformer.ffn,0.9582881014493274,0.0010552245561767,0.9521489092686634,0.96461668843939,0.0009042978946876,0.0012220260205117,0.9404270092774878,0.98602857080237,1000,0
MP-SENet,TSTransformer.1.time_transformer.ffn.gru,0.6416667938383177,0.007729490790099,0.6011379831149243,0.6858436236720363,0.0072520419341087,0.0082142506967731,0.5620732364740058,0.8727164313944605,1000,0
MP-SENet,TSTransformer.1.time_transformer.ffn.linear,0.9582881014493274,0.0010552245561767,0.9519235918412408,0.9645205915427624,0.000909967961765,0.001213551027704,0.9404270092774878,0.98602857080237,1000,0
MP-SENet,TSTransformer.1.time_transformer.norm1,0.4948263842410903,0.0160801785829555,0.4160452438694665,0.5908257141277895,0.0135673423625208,0.0181920948487356,0.3828783062263567,0.9473325483693852,1000,0
MP-SENet,TSTransformer.1.time_transformer.norm2,0.590599336030274,0.014121561889598,0.5092214531882974,0.6785840390650882,0.0117914454566455,0.0162200638168955,0.4536166043199615,0.964222856424548,1000,0
MP-SENet,TSTransformer.1.time_transformer.norm3,0.8018267836784324,0.0049609565682783,0.7749026168136439,0.8308783656648854,0.0042881969271158,0.0057046827538726,0.7185420788012791,0.9311191899161444,1000,0
MP-SENet,TSTransformer.2.freq_transformer.attention,0.5462193252076966,0.0151922461117323,0.4682130093234148,0.626088341745018,0.0127673816618912,0.017066376325629,0.3919282974539668,0.9474041144069216,1000,0
MP-SENet,TSTransformer.2.freq_transformer.ffn,0.8616481170958624,0.0048019973171113,0.838355629398617,0.8859339838070468,0.0041049992474763,0.0053723895303909,0.8024664571892547,0.986240805188011,1000,0
MP-SENet,TSTransformer.2.freq_transformer.ffn.gru,0.5522177856313465,0.0148656630580569,0.4830375429672753,0.6447253135731079,0.0124049712391661,0.0165784276063775,0.4013257864576351,0.9489592052714853,1000,0
MP-SENet,TSTransformer.2.freq_transformer.ffn.linear,0.8616481170958624,0.0048019973171113,0.8392140114563473,0.8885689686306457,0.0040801040426042,0.0053979954235479,0.8024664571892547,0.986240805188011,1000,0
MP-SENet,TSTransformer.2.freq_transformer.norm1,0.4500593857424557,0.0185716254124779,0.3599783253251344,0.5512456239568773,0.0155787271554743,0.0208184802761703,0.2798665190639754,0.9462143938662936,1000,0
MP-SENet,TSTransformer.2.freq_transformer.norm2,0.3610530325874459,0.021625900602964,0.2621948163273798,0.4752788023797065,0.0185202224776597,0.0241775098391916,0.1862194678199125,0.9463089210339928,1000,0
MP-SENet,TSTransformer.2.freq_transformer.norm3,0.4005587370119292,0.0190596488423751,0.3142627518212554,0.5026868279516145,0.0162463604727791,0.0209709412422375,0.2439825831827815,0.9312162263622304,1000,0
MP-SENet,TSTransformer.2.time_transformer.attention,0.6023146967727204,0.0116974174785944,0.5461989778116221,0.6684591306512464,0.0101905021147737,0.0128392001073141,0.4941419456033548,0.939237824865208,1000,0
MP-SENet,TSTransformer.2.time_transformer.ffn,0.8940300900298438,0.0038515135353211,0.8701221804289477,0.9166167531000972,0.0031496157694216,0.0044799171975741,0.8503255193174979,0.9925725425451898,1000,0
MP-SENet,TSTransformer.2.time_transformer.ffn.gru,0.7786178377368969,0.0077845657096565,0.7335637494849737,0.8219366275170328,0.0065068694796382,0.0089739378759757,0.6781695387120225,0.9785450470212852,1000,0
MP-SENet,TSTransformer.2.time_transformer.ffn.linear,0.8940300900298438,0.0038515135353211,0.8724665883134585,0.9163716018144672,0.0031699577608997,0.004463080189301,0.8503255193174979,0.9925725425451898,1000,0
MP-SENet,TSTransformer.2.time_transformer.norm1,0.4730913062987343,0.0171572859217425,0.3879085331696816,0.5697315542209114,0.0146361525392333,0.0191217030859774,0.3153831463303626,0.936092758798387,1000,0
MP-SENet,TSTransformer.2.time_transformer.norm2,0.5319992298552765,0.0153990560027137,0.4584526452437839,0.6220673701771656,0.0130189725878454,0.0170821445025693,0.3951529097284201,0.9518659623076552,1000,0
MP-SENet,TSTransformer.2.time_transformer.norm3,0.6179999497805269,0.0132077047010215,0.5509780119562777,0.6963424727396211,0.0109504382848912,0.0149400474691604,0.4866359018777952,0.967878114343686,1000,0
MP-SENet,TSTransformer.3.freq_transformer.attention,0.4076208099170972,0.0170153318213632,0.3346033999440816,0.5031044842654452,0.014932890236775,0.0184726044779504,0.2695065243911232,0.9039792567993864,1000,0
MP-SENet,TSTransformer.3.freq_transformer.ffn,0.4805160246370324,0.0155066814905966,0.4146038707780285,0.5573810009521455,0.013736576123398,0.0169927907351627,0.3672542787662344,0.9306354466484138,1000,0
MP-SENet,TSTransformer.3.freq_transformer.ffn.gru,0.5482621494159453,0.0150818507071101,0.477332724368922,0.6257027185956394,0.0129168298825353,0.0166930163152514,0.4088037993277683,0.954367602117432,1000,0
MP-SENet,TSTransformer.3.freq_transformer.ffn.linear,0.4805160246370324,0.0155066814905966,0.4160924921795131,0.5563277079075759,0.0136420916056606,0.0169771217239035,0.3672542787662344,0.9306354466484138,1000,0
MP-SENet,TSTransformer.3.freq_transformer.norm1,0.2935554314929802,0.022326365760752,0.1992150136982107,0.4105850112434624,0.0192489857547246,0.0247394591095993,0.146002857871326,0.9260760497989008,1000,0
MP-SENet,TSTransformer.3.freq_transformer.norm2,0.3051763599661209,0.0210869232837106,0.2213756787171276,0.4175822475533989,0.0178801436399972,0.023855634140413,0.1993707860492224,0.9213714051324604,1000,0
MP-SENet,TSTransformer.3.freq_transformer.norm3,0.6316232381912679,0.011287392365155,0.58297747533115,0.6886064272743814,0.0098187059290076,0.0123568874415536,0.5401707785666198,0.952527968440016,1000,0
MP-SENet,TSTransformer.3.time_transformer.attention,0.7216990840419989,0.0079338396315747,0.6867558835201566,0.7611026318703136,0.0071713405975528,0.0084942150753581,0.6200540865055147,0.9428163203365596,1000,0
MP-SENet,TSTransformer.3.time_transformer.ffn,0.7402722085137343,0.0091135809666936,0.6960963235252232,0.79311792167203,0.0075424990898073,0.0102996100027664,0.6390730442063323,0.9760364376956912,1000,0
MP-SENet,TSTransformer.3.time_transformer.ffn.gru,0.5646611427430536,0.0143487148746737,0.493467542516893,0.6421202679349776,0.0123045895997501,0.0159840820141799,0.4169307964403853,0.947847074185053,1000,0
MP-SENet,TSTransformer.3.time_transformer.ffn.linear,0.7402722085137343,0.0091135809666936,0.6984757479862832,0.7863108566910576,0.0077906511931054,0.0102140621877917,0.6390730442063323,0.9760364376956912,1000,0
MP-SENet,TSTransformer.3.time_transformer.norm1,0.3985691435474642,0.0194758507772162,0.3084653713763221,0.504659538448459,0.016852213935408,0.0215713099777042,0.2357135480959239,0.9337560184894708,1000,0
MP-SENet,TSTransformer.3.time_transformer.norm2,0.3975597037005364,0.0196911804821335,0.3058845537310521,0.4987243058508728,0.0169048369446937,0.0217974233364605,0.2352897212571869,0.9369602404261548,1000,0
MP-SENet,TSTransformer.3.time_transformer.norm3,0.4954740483877899,0.0166662026698893,0.4225836152165903,0.5858191210416022,0.014276022541388,0.0184929701174082,0.3497375047482106,0.94672489535172,1000,0
Demucs,decoder.0,0.7096764474486024,0.0059876792829112,0.67249654463036,0.7407071222516419,0.0044087313743945,0.0077838921848081,0.5888679531335573,0.84869771897833,1000,0
Demucs,decoder.0.0,0.7976384155359842,0.006093527192266,0.7620196917876032,0.8254729824191651,0.004909933879705,0.0075322823416629,0.6578386641914244,0.944220151816532,1000,0
Demucs,decoder.0.2,0.7109649373155148,0.0055336409741051,0.6783699396805783,0.7395729168301582,0.004093748157827,0.0071770540352298,0.5921347998057521,0.8359305590748819,1000,0
Demucs,decoder.0.3,0.7096764474486024,0.0059876792829112,0.6742190223264887,0.7418302467474747,0.0045015544417462,0.0076949801635932,0.5888679531335573,0.84869771897833,1000,0
Demucs,decoder.1,0.7420004152701415,0.0058856958128813,0.6981634742405587,0.7778364278129822,0.0043827212603683,0.0078238427273966,0.6031642216297938,0.8468958209625405,1000,0
Demucs,decoder.1.0,0.6304326937503101,0.0053235006776302,0.5948360730335864,0.6623212293256509,0.0036434898794412,0.0072165472229494,0.5182942070731011,0.7461517291925165,1000,0
Demucs,decoder.1.2,0.7027054003226159,0.0054811231570094,0.6608742747287857,0.7388181017320387,0.0038664527444874,0.0073777828296508,0.5753983965029532,0.7915242565785733,1000,0
Demucs,decoder.1.3,0.7420004152701415,0.0058856958128813,0.7020808028173138,0.7788629229869156,0.0043553464490437,0.0077105808887308,0.6031642216297938,0.8468958209625405,1000,0
Demucs,decoder.2,0.6462032727042212,0.0058563282333383,0.6049041232845613,0.6847924403365989,0.0043087076853594,0.0077616981302726,0.5029283551820237,0.7021755258338737,1000,0
Demucs,decoder.2.0,0.7165676231848082,0.0073601437534319,0.6633320125108537,0.7625961204538775,0.0056707402551299,0.0094881690962181,0.5695551608552495,0.8605448252239145,1000,0
Demucs,decoder.2.2,0.6723167530185598,0.0056091066910697,0.6326080866810722,0.7071372417125887,0.0039663313476592,0.0076119430546995,0.5233065497457676,0.7229226861177204,1000,0
Demucs,decoder.2.3,0.6462032727042212,0.0058563282333383,0.605031683195697,0.6816357794501164,0.0043294769557736,0.0078632204347347,0.5029283551820237,0.7021755258338737,1000,0
Demucs,decoder.3,0.5988402010278454,0.0041138952352029,0.5542067850841966,0.641591717372972,0.0020015405528708,0.0063440831331325,0.478562541098603,0.5729101761944362,1000,0
Demucs,decoder.3.0,0.7435860532027371,0.0055065231302637,0.7004449852684235,0.782874940880401,0.0039892823044972,0.007477979129155,0.6114874940345837,0.8299014371535475,1000,0
Demucs,decoder.3.2,0.6147591411778707,0.0040874035767204,0.5733220510042923,0.6572414770311602,0.0020511750358571,0.0063074527873785,0.4924972317016826,0.5911125947365652,1000,0
Demucs,decoder.3.3,0.5988402010278454,0.0041138952352029,0.5561021643378471,0.641886680900666,0.001997092956284,0.0063374543457625,0.478562541098603,0.5729101761944362,1000,0
Demucs,decoder.4,0.7033061210142766,0.0139274621490257,0.6615186169760267,0.7475384796594935,0.0119470074770481,0.0157710156549231,0.3625705016392259,0.9931321671793184,1000,0
Demucs,decoder.4.0,0.6214111196371417,0.00441478599199,0.5764307280992812,0.6647385629682308,0.0024135630098484,0.006644429800287,0.4997387308671761,0.6157531744392113,1000,0
Demucs,decoder.4.2,0.7033061210142766,0.0139274621490257,0.6597147603052017,0.7510637264686275,0.0118464908024366,0.0158197899847626,0.3625705016392259,0.9931321671793184,1000,0
Demucs,encoder.0,0.4981217002656353,0.0240590870242201,0.4939511522484311,0.5008343211366997,0.023941500860015,0.0242413313425188,0.088235915639511,0.9990453258671164,1000,0
Demucs,encoder.0.0,0.4934870360075501,0.0241296346025788,0.4917155485840461,0.4954294909762118,0.0240556163261106,0.0241976869657164,0.0907591882075395,0.9991640855298008,1000,0
Demucs,encoder.0.1,0.4844774506195042,0.0245944516282109,0.4812335353911359,0.4879276240867177,0.024427475438131,0.0247441771323941,0.0802026665124021,0.9990337696951184,1000,0
Demucs,encoder.0.2,0.4944241050419658,0.0247026554025478,0.4824805171916624,0.5049575671091364,0.0241449407335778,0.0252655931955402,0.0568124719452366,0.999543694877734,1000,0
Demucs,encoder.1,0.4883484024100866,0.0243901318430673,0.4865045589912704,0.4903439896790026,0.0243011807208556,0.0244742315829289,0.0852295308948535,0.9988801393501195,1000,0
Demucs,encoder.1.0,0.4877553267399145,0.024806739680498,0.4693776411969738,0.5040382053343463,0.0241018757969498,0.0255495611193821,0.07003055946593,0.999390833425419,1000,0
Demucs,encoder.1.1,0.4798157575101713,0.0247312998786113,0.4573216631200985,0.5001422065067842,0.0239510339401767,0.0255845778547278,0.0822041006580481,0.998839142253098,1000,0
Demucs,encoder.1.2,0.6269434899962069,0.0181525877530056,0.563002985147689,0.683775938180369,0.0156756840008408,0.020737333921254,0.2061073813798908,0.9991436794705632,1000,0
Demucs,encoder.2,0.3903375303604988,0.0273375703188296,0.3766256822729306,0.4042468599635453,0.0268379465280957,0.0278327701955332,0.0554323861820768,0.9939186538749464,1000,0
Demucs,encoder.2.0,0.4749532889544861,0.0249294401802073,0.4689555026649676,0.4816114047831872,0.0246367648692452,0.0251863036939988,0.0761181811398717,0.9972100667253604,1000,0
Demucs,encoder.2.1,0.4805592111847716,0.0246193836302886,0.4697875948405387,0.4913788766117637,0.0241935404881229,0.0250204977206148,0.0856178343304088,0.9974698779347002,1000,0
Demucs,encoder.2.2,0.6691318286037666,0.0159017037449763,0.6292085213058821,0.7120482746271773,0.0141088458405226,0.0175546202572863,0.2406717876001023,0.996396262206724,1000,0
Demucs,encoder.3,0.4250091222833512,0.0259563782677621,0.3998824412796677,0.4588907128493216,0.0247473265179458,0.0268430452934313,0.0645930026185687,0.988233960220568,1000,0
Demucs,encoder.3.0,0.4142980843439769,0.0270027951031355,0.3924457673631439,0.4378629203614037,0.0261016084112723,0.0278305110145753,0.0646050810889755,0.9952359119070516,1000,0
Demucs,encoder.3.1,0.4154329048985912,0.0262433860397918,0.4007936498589648,0.432419678734542,0.0255768533489209,0.0268044761545745,0.0815901688321171,0.991421005354055,1000,0
Demucs,encoder.3.2,0.5579087500893518,0.0199465075079221,0.5309068581118147,0.5861467965639353,0.0189285214919897,0.0208854816828729,0.1474507937093286,0.9861675966430572,1000,0
Demucs,encoder.4,0.4351878404316886,0.020884232704542,0.4099052118063385,0.4576046669390527,0.0202535969274202,0.0216141214537435,0.1682489228401204,0.935277542483138,1000,0
Demucs,encoder.4.0,0.5300669276796799,0.021073519538946,0.4967508775996059,0.5648220890080718,0.019767108815571,0.0222806449176319,0.1429831165154268,0.9770349498552862,1000,0
Demucs,encoder.4.1,0.4061871287240862,0.0228545989257789,0.3755351318223832,0.4378760165616696,0.0220178780711735,0.0236535445770789,0.1361427464313451,0.9526303658681844,1000,0
Demucs,encoder.4.2,0.6762878578252982,0.0132900709130031,0.6465760027729779,0.7041786791618044,0.0121902286168007,0.0145806601096596,0.3396133241477747,0.9726423624352408,1000,0
Demucs,lstm,0.8216408799034126,0.0043930894781826,0.7935893482084465,0.847107170416115,0.003432479713276,0.005577425421251,0.7400196030687746,0.934440126218617,1000,0
