model,quantity,old17,new18,delta
muse,r_alpha_beta,-0.9522145406496562,-0.9495742684024161,0.002640272247240061
muse,sat_freedom,0.2702250837795358,0.2748424453164725,0.004617361536936704
muse,identity_r,0.9922646872035625,0.992074671532538,-0.00019001567102450156
muse,pc1,97.64776637862357,97.54241051858693,-0.10535586003663866
muse,pc2,2.2592111159496078,2.3587268421400904,0.09951572619048266
muse,r_auc_alpha,0.9940560638391291,0.993777066853758,-0.00027899698537114936
muse,r_auc_clow,0.9798176068347053,0.9791523625829922,-0.0006652442517131041
muse,r2_min,0.9604534559492423,0.960772294234291,0.00031883828504875034
muse,r2_median,0.9927667726029051,0.992556920703175,-0.00020985189973010687
muse,c_low_min,0.13278212094866165,0.12960670545783615,-0.003175415490825506
muse,c_low_max,0.9949102413179465,0.9949810950622011,7.085374425463975e-05
muse,c_high_min,0.7989684569153154,0.7931366458699958,-0.0058318110453196015
muse,c_high_max,0.9996978156587725,0.9997004705934334,2.6549346608950586e-06
muse,auc_mean,0.6771047857628575,0.6750709006548689,-0.002033885107988631
muse,rho_depth_range,0.6626086956521738,0.657391304347826,-0.00521739130434784
muse,rho_depth_auc,-0.7460869565217391,-0.7460869565217391,0.0
muse,rho_alpha_beta,-0.906086956521739,-0.8913043478260868,0.014782608695652177
muse,r_alpha_chigh,0.8302047553496377,0.8230981141772599,-0.007106641172377803
muse,TCFTransformer.encoder_level1.mhca_blks.0.transformer_layers.0.norm1::alpha,0.9965305616420145,0.9965732755307518,4.2713888737333505e-05
muse,TCFTransformer.encoder_level1.mhca_blks.0.transformer_layers.0.norm1::beta,0.00012768906333210793,0.00012598449440413798,-1.7045689279699436e-06
muse,TCFTransformer.encoder_level1.mhca_blks.0.transformer_layers.0.norm1::r2,0.9604534559492423,0.960772294234291,0.00031883828504875034
muse,TCFTransformer.encoder_level1.mhca_blks.0.transformer_layers.0.norm1::c_low,0.9949102413179465,0.9949810950622011,7.085374425463975e-05
muse,TCFTransformer.encoder_level1.mhca_blks.0.transformer_layers.0.norm1::c_high,0.9996978156587725,0.9997004705934334,2.6549346608950586e-06
muse,TCFTransformer.encoder_level1.mhca_blks.0.transformer_layers.0.norm1::rng,0.004787574340825995,0.0047193755312322505,-6.819880959374469e-05
muse,TCFTransformer.encoder_level1.mhca_blks.0.transformer_layers.0.norm1::auc,0.9978200378700102,0.9978454289159675,2.5391045957334768e-05
muse,TCFTransformer.encoder_level1.mhca_blks.0.transformer_layers.1.norm1::alpha,0.9065415214777592,0.9071559999459259,0.000614478468166646
muse,TCFTransformer.encoder_level1.mhca_blks.0.transformer_layers.1.norm1::beta,0.003585519997990998,0.003569675334111945,-1.584466387905296e-05
muse,TCFTransformer.encoder_level1.mhca_blks.0.transformer_layers.1.norm1::r2,0.9696384932472791,0.9690555714296323,-0.0005829218176468531
muse,TCFTransformer.encoder_level1.mhca_blks.0.transformer_layers.1.norm1::c_low,0.864605217040232,0.8653947954280092,0.0007895783877772677
muse,TCFTransformer.encoder_level1.mhca_blks.0.transformer_layers.1.norm1::c_high,0.9956709337763824,0.9957736041698255,0.00010267039344313833
muse,TCFTransformer.encoder_level1.mhca_blks.0.transformer_layers.1.norm1::rng,0.13106571673615042,0.1303788087418163,-0.0006869079943341294
muse,TCFTransformer.encoder_level1.mhca_blks.0.transformer_layers.1.norm1::auc,0.9427031876089031,0.9431594671242486,0.00045627951534543687
muse,TCFTransformer.encoder_level1.mhca_blks.0.transformer_layers.2.norm1::alpha,0.6975308569388322,0.6960795185927651,-0.0014513383460671436
muse,TCFTransformer.encoder_level1.mhca_blks.0.transformer_layers.2.norm1::beta,0.010390439742041338,0.01047301340777923,8.257366573789261e-05
muse,TCFTransformer.encoder_level1.mhca_blks.0.transformer_layers.2.norm1::r2,0.9906457830224492,0.9903337842212118,-0.0003119988012374453
muse,TCFTransformer.encoder_level1.mhca_blks.0.transformer_layers.2.norm1::c_low,0.6050074064762659,0.6031777351550124,-0.0018296713212535565
muse,TCFTransformer.encoder_level1.mhca_blks.0.transformer_layers.2.norm1::c_high,0.9772318608969499,0.9776216688231355,0.00038980792618559246
muse,TCFTransformer.encoder_level1.mhca_blks.0.transformer_layers.2.norm1::rng,0.37222445442068397,0.3744439336681231,0.002219479247439149
muse,TCFTransformer.encoder_level1.mhca_blks.0.transformer_layers.2.norm1::auc,0.8016931448760616,0.8010699014375945,-0.0006232434384670915
muse,TCFTransformer.encoder_level1.mhca_blks.0.transformer_layers.3.norm1::alpha,0.6471511497970476,0.6448651781996214,-0.002285971597426162
muse,TCFTransformer.encoder_level1.mhca_blks.0.transformer_layers.3.norm1::beta,0.011694313150946172,0.011801820289203029,0.0001075071382568571
muse,TCFTransformer.encoder_level1.mhca_blks.0.transformer_layers.3.norm1::r2,0.9925462955503422,0.9922993719383246,-0.00024692361201761326
muse,TCFTransformer.encoder_level1.mhca_blks.0.transformer_layers.3.norm1::c_low,0.5491064510737433,0.5465165917875151,-0.0025898592862282355
muse,TCFTransformer.encoder_level1.mhca_blks.0.transformer_layers.3.norm1::c_high,0.9686251992305506,0.9690584345221391,0.0004332352915885629
muse,TCFTransformer.encoder_level1.mhca_blks.0.transformer_layers.3.norm1::rng,0.41951874815680723,0.42254184273462403,0.0030230945778167984
muse,TCFTransformer.encoder_level1.mhca_blks.0.transformer_layers.3.norm1::auc,0.7642249927103684,0.7630107777900722,-0.0012142149202961638
muse,TCFTransformer.encoder_level2.mhca_blks.0.transformer_layers.0.norm1::alpha,0.773702841637865,0.7743989022862823,0.0006960606484173182
muse,TCFTransformer.encoder_level2.mhca_blks.0.transformer_layers.0.norm1::beta,0.00828702294400052,0.00829936255484005,1.2339610839530099e-05
muse,TCFTransformer.encoder_level2.mhca_blks.0.transformer_layers.0.norm1::r2,0.9815537317630835,0.9805678972319205,-0.0009858345311629657
muse,TCFTransformer.encoder_level2.mhca_blks.0.transformer_layers.0.norm1::c_low,0.683639354580457,0.6836164053489315,-2.29492315254598e-05
muse,TCFTransformer.encoder_level2.mhca_blks.0.transformer_layers.0.norm1::c_high,0.986567742569422,0.9869349597678987,0.0003672171984766548
muse,TCFTransformer.encoder_level2.mhca_blks.0.transformer_layers.0.norm1::rng,0.30292838798896504,0.30331855441896716,0.0003901664300021146
muse,TCFTransformer.encoder_level2.mhca_blks.0.transformer_layers.0.norm1::auc,0.8571098091404433,0.8579454489665894,0.0008356398261460951
muse,TCFTransformer.encoder_level2.mhca_blks.0.transformer_layers.1.norm1::alpha,0.5238670855873747,0.5233979118586787,-0.00046917372869603735
muse,TCFTransformer.encoder_level2.mhca_blks.0.transformer_layers.1.norm1::beta,0.014774013321859292,0.014872266918677454,9.825359681816213e-05
muse,TCFTransformer.encoder_level2.mhca_blks.0.transformer_layers.1.norm1::r2,0.9950108317298392,0.9947767338594193,-0.00023409787041983598
muse,TCFTransformer.encoder_level2.mhca_blks.0.transformer_layers.1.norm1::c_low,0.3955641613543451,0.39420184910452116,-0.001362312249823916
muse,TCFTransformer.encoder_level2.mhca_blks.0.transformer_layers.1.norm1::c_high,0.935899870401022,0.9372171311586003,0.0013172607575783202
muse,TCFTransformer.encoder_level2.mhca_blks.0.transformer_layers.1.norm1::rng,0.5403357090466769,0.5430152820540791,0.0026795730074021806
muse,TCFTransformer.encoder_level2.mhca_blks.0.transformer_layers.1.norm1::auc,0.6717540988791747,0.6722808583183005,0.0005267594391258346
muse,TCFTransformer.encoder_level2.mhca_blks.0.transformer_layers.2.norm1::alpha,0.484803490620595,0.4842828853536321,-0.0005206052669629035
muse,TCFTransformer.encoder_level2.mhca_blks.0.transformer_layers.2.norm1::beta,0.01613520489126211,0.016225263093697345,9.005820243523574e-05
muse,TCFTransformer.encoder_level2.mhca_blks.0.transformer_layers.2.norm1::r2,0.9940228167325251,0.9937850236910276,-0.0002377930414975138
muse,TCFTransformer.encoder_level2.mhca_blks.0.transformer_layers.2.norm1::c_low,0.3458852595771993,0.34485148146277356,-0.0010337781144257319
muse,TCFTransformer.encoder_level2.mhca_blks.0.transformer_layers.2.norm1::c_high,0.9320127007124391,0.9332634758630198,0.0012507751505806963
muse,TCFTransformer.encoder_level2.mhca_blks.0.transformer_layers.2.norm1::rng,0.5861274411352398,0.5884119944002463,0.002284553265006428
muse,TCFTransformer.encoder_level2.mhca_blks.0.transformer_layers.2.norm1::auc,0.646335703517926,0.6467224672312983,0.00038676371337231785
muse,TCFTransformer.encoder_level2.mhca_blks.0.transformer_layers.3.norm1::alpha,0.36902578268661634,0.3632120374607283,-0.005813745225888067
muse,TCFTransformer.encoder_level2.mhca_blks.0.transformer_layers.3.norm1::beta,0.01914003193321987,0.019341603892086005,0.0002015719588661334
muse,TCFTransformer.encoder_level2.mhca_blks.0.transformer_layers.3.norm1::r2,0.9931999735476508,0.992855932811414,-0.00034404073623672815
muse,TCFTransformer.encoder_level2.mhca_blks.0.transformer_layers.3.norm1::c_low,0.2250479190530035,0.21934210163269374,-0.005705817420309761
muse,TCFTransformer.encoder_level2.mhca_blks.0.transformer_layers.3.norm1::c_high,0.9180251284348733,0.9181174359745481,9.230753967481853e-05
muse,TCFTransformer.encoder_level2.mhca_blks.0.transformer_layers.3.norm1::rng,0.6929772093818698,0.6987753343418543,0.005798124959984552
muse,TCFTransformer.encoder_level2.mhca_blks.0.transformer_layers.3.norm1::auc,0.560148341475687,0.5563255340710375,-0.0038228074046495752
muse,TCFTransformer.latent.mhca_blks.0.transformer_layers.0.norm1::alpha,0.6557852715496806,0.6545768786245533,-0.0012083929251273107
muse,TCFTransformer.latent.mhca_blks.0.transformer_layers.0.norm1::beta,0.011984913724239155,0.012056714444199678,7.180071996052383e-05
muse,TCFTransformer.latent.mhca_blks.0.transformer_layers.0.norm1::r2,0.9872785518710827,0.9869658711212561,-0.0003126807498265993
muse,TCFTransformer.latent.mhca_blks.0.transformer_layers.0.norm1::c_low,0.5336269110734806,0.5318291925974873,-0.001797718475993304
muse,TCFTransformer.latent.mhca_blks.0.transformer_layers.0.norm1::c_high,0.9716644291662274,0.9719728861393926,0.00030845697316517207
muse,TCFTransformer.latent.mhca_blks.0.transformer_layers.0.norm1::rng,0.4380375180927468,0.4401436935419053,0.002106175449158476
muse,TCFTransformer.latent.mhca_blks.0.transformer_layers.0.norm1::auc,0.7762091272588775,0.7757250976590029,-0.0004840295998745914
muse,TCFTransformer.latent.mhca_blks.0.transformer_layers.1.norm1::alpha,0.7097822263834046,0.7090501118001495,-0.0007321145832550613
muse,TCFTransformer.latent.mhca_blks.0.transformer_layers.1.norm1::beta,0.009737796570651632,0.009785621354568447,4.782478391681527e-05
muse,TCFTransformer.latent.mhca_blks.0.transformer_layers.1.norm1::r2,0.9892249032288046,0.9891426909782981,-8.221225050653036e-05
muse,TCFTransformer.latent.mhca_blks.0.transformer_layers.1.norm1::c_low,0.6038326996318498,0.6026294872580658,-0.0012032123737840683
muse,TCFTransformer.latent.mhca_blks.0.transformer_layers.1.norm1::c_high,0.9693495010024203,0.9697010495459829,0.00035154854356256315
muse,TCFTransformer.latent.mhca_blks.0.transformer_layers.1.norm1::rng,0.3655168013705705,0.36707156228791715,0.0015547609173466315
muse,TCFTransformer.latent.mhca_blks.0.transformer_layers.1.norm1::auc,0.8076744193842407,0.8074248517694291,-0.0002495676148115411
muse,TCFTransformer.latent.mhca_blks.0.transformer_layers.2.norm1::alpha,0.6244643086433427,0.6224895292726568,-0.0019747793706859085
muse,TCFTransformer.latent.mhca_blks.0.transformer_layers.2.norm1::beta,0.012001403309548922,0.012091145555286377,8.974224573745498e-05
muse,TCFTransformer.latent.mhca_blks.0.transformer_layers.2.norm1::r2,0.9943205843121182,0.9943224707048749,1.8863927566670213e-06
muse,TCFTransformer.latent.mhca_blks.0.transformer_layers.2.norm1::c_low,0.5090327084272981,0.5071285571661872,-0.0019041512611108757
muse,TCFTransformer.latent.mhca_blks.0.transformer_layers.2.norm1::c_high,0.9538355032455437,0.9543830350386993,0.0005475317931555868
muse,TCFTransformer.latent.mhca_blks.0.transformer_layers.2.norm1::rng,0.4448027948182456,0.44725447787251205,0.0024516830542664625
muse,TCFTransformer.latent.mhca_blks.0.transformer_layers.2.norm1::auc,0.7448044476363923,0.7437171145435976,-0.00108733309279474
muse,TCFTransformer.latent.mhca_blks.0.transformer_layers.3.norm1::alpha,0.5316740630408809,0.5286937318811411,-0.002980331159739835
muse,TCFTransformer.latent.mhca_blks.0.transformer_layers.3.norm1::beta,0.01454075759175346,0.014664203705968106,0.0001234461142146457
muse,TCFTransformer.latent.mhca_blks.0.transformer_layers.3.norm1::r2,0.9964962461805341,0.9964974063191874,1.1601386532555935e-06
muse,TCFTransformer.latent.mhca_blks.0.transformer_layers.3.norm1::c_low,0.39354570260827787,0.3899944895886472,-0.0035512130196306835
muse,TCFTransformer.latent.mhca_blks.0.transformer_layers.3.norm1::c_high,0.9372390352832052,0.9377177763557485,0.00047874107254330944
muse,TCFTransformer.latent.mhca_blks.0.transformer_layers.3.norm1::rng,0.5436933326749274,0.5477232867671014,0.004029954092173993
muse,TCFTransformer.latent.mhca_blks.0.transformer_layers.3.norm1::auc,0.6773738707087323,0.6756227598400378,-0.0017511108686945054
muse,TCFTransformer.decoder_level2.mhca_blks.0.transformer_layers.0.norm1::alpha,0.3771547326864141,0.373103214145497,-0.004051518540917065
muse,TCFTransformer.decoder_level2.mhca_blks.0.transformer_layers.0.norm1::beta,0.02075867904863922,0.02093791060556644,0.00017923155692722154
muse,TCFTransformer.decoder_level2.mhca_blks.0.transformer_layers.0.norm1::r2,0.9914775956140137,0.9908303268682506,-0.0006472687457631521
muse,TCFTransformer.decoder_level2.mhca_blks.0.transformer_layers.0.norm1::c_low,0.20956892299020116,0.20766497245337204,-0.0019039505368291243
muse,TCFTransformer.decoder_level2.mhca_blks.0.transformer_layers.0.norm1::c_high,0.9470059931180363,0.9478883217304881,0.0008823286124517438
muse,TCFTransformer.decoder_level2.mhca_blks.0.transformer_layers.0.norm1::rng,0.7374370701278352,0.7402233492771161,0.002786279149280868
muse,TCFTransformer.decoder_level2.mhca_blks.0.transformer_layers.0.norm1::auc,0.5849028748007733,0.5825999620288922,-0.002302912771881105
muse,TCFTransformer.decoder_level2.mhca_blks.0.transformer_layers.1.norm1::alpha,0.5332229588586719,0.5303372602388103,-0.002885698619861543
muse,TCFTransformer.decoder_level2.mhca_blks.0.transformer_layers.1.norm1::beta,0.01552918422354032,0.015633710249778027,0.00010452602623770707
muse,TCFTransformer.decoder_level2.mhca_blks.0.transformer_layers.1.norm1::r2,0.9927678233317494,0.9926918516493828,-7.597168236661567e-05
muse,TCFTransformer.decoder_level2.mhca_blks.0.transformer_layers.1.norm1::c_low,0.39071913452064777,0.3896907274872506,-0.0010284070333971829
muse,TCFTransformer.decoder_level2.mhca_blks.0.transformer_layers.1.norm1::c_high,0.9553996561034483,0.9558946202351373,0.0004949641316889242
muse,TCFTransformer.decoder_level2.mhca_blks.0.transformer_layers.1.norm1::rng,0.5646805215828006,0.5662038927478867,0.0015233711650861625
muse,TCFTransformer.decoder_level2.mhca_blks.0.transformer_layers.1.norm1::auc,0.6889011862386256,0.6870214049584755,-0.0018797812801500946
muse,TCFTransformer.decoder_level2.mhca_blks.0.transformer_layers.2.norm1::alpha,0.5778349282941888,0.5740502170496218,-0.0037847112445670295
muse,TCFTransformer.decoder_level2.mhca_blks.0.transformer_layers.2.norm1::beta,0.014173391427409313,0.01430249758482781,0.000129106157418497
muse,TCFTransformer.decoder_level2.mhca_blks.0.transformer_layers.2.norm1::r2,0.9921330668952664,0.9923352695979187,0.0002022027026523654
muse,TCFTransformer.decoder_level2.mhca_blks.0.transformer_layers.2.norm1::c_low,0.4361092480392047,0.432797282814634,-0.003311965224570723
muse,TCFTransformer.decoder_level2.mhca_blks.0.transformer_layers.2.norm1::c_high,0.9596259611111447,0.9597664656119568,0.00014050450081204424
muse,TCFTransformer.decoder_level2.mhca_blks.0.transformer_layers.2.norm1::rng,0.52351671307194,0.5269691827973229,0.003452469725382823
muse,TCFTransformer.decoder_level2.mhca_blks.0.transformer_layers.2.norm1::auc,0.7201113735181096,0.717595025865015,-0.0025163476530946083
muse,TCFTransformer.decoder_level2.mhca_blks.0.transformer_layers.3.norm1::alpha,0.3354914608257543,0.33029641612187133,-0.0051950447038829894
muse,TCFTransformer.decoder_level2.mhca_blks.0.transformer_layers.3.norm1::beta,0.014683334921946232,0.014626981780870938,-5.6353141075294114e-05
muse,TCFTransformer.decoder_level2.mhca_blks.0.transformer_layers.3.norm1::r2,0.9927657218740609,0.9924219897569673,-0.0003437321170935981
muse,TCFTransformer.decoder_level2.mhca_blks.0.transformer_layers.3.norm1::c_low,0.22546367282098398,0.22158787419686465,-0.0038757986241193254
muse,TCFTransformer.decoder_level2.mhca_blks.0.transformer_layers.3.norm1::c_high,0.7989684569153154,0.7931366458699958,-0.0058318110453196015
muse,TCFTransformer.decoder_level2.mhca_blks.0.transformer_layers.3.norm1::rng,0.5735047840943314,0.5715487716731311,-0.0019560124212002483
muse,TCFTransformer.decoder_level2.mhca_blks.0.transformer_layers.3.norm1::auc,0.4815775286746433,0.4757963332780095,-0.005781195396633798
muse,TCFTransformer.decoder_level1.mhca_blks.0.transformer_layers.0.norm1::alpha,0.26953545508653354,0.26415018979548543,-0.0053852652910481025
muse,TCFTransformer.decoder_level1.mhca_blks.0.transformer_layers.0.norm1::beta,0.01970738251882503,0.019813373503068634,0.00010599098424360354
muse,TCFTransformer.decoder_level1.mhca_blks.0.transformer_layers.0.norm1::r2,0.9882425877592828,0.9871733429271993,-0.0010692448320834824
muse,TCFTransformer.decoder_level1.mhca_blks.0.transformer_layers.0.norm1::c_low,0.14017362181942425,0.13681238219910527,-0.0033612396203189787
muse,TCFTransformer.decoder_level1.mhca_blks.0.transformer_layers.0.norm1::c_high,0.8620760854352787,0.8603495326286992,-0.0017265528065795177
muse,TCFTransformer.decoder_level1.mhca_blks.0.transformer_layers.0.norm1::rng,0.7219024636158544,0.7235371504295939,0.001634686813739461
muse,TCFTransformer.decoder_level1.mhca_blks.0.transformer_layers.0.norm1::auc,0.4657463909409696,0.4613764990114785,-0.00436989192949111
muse,TCFTransformer.decoder_level1.mhca_blks.0.transformer_layers.1.norm1::alpha,0.46065275723413285,0.45655916382298756,-0.004093593411145291
muse,TCFTransformer.decoder_level1.mhca_blks.0.transformer_layers.1.norm1::beta,0.014635868397400458,0.014686744423544017,5.0876026143559586e-05
muse,TCFTransformer.decoder_level1.mhca_blks.0.transformer_layers.1.norm1::r2,0.9964483477977971,0.9959451734631557,-0.0005031743346414208
muse,TCFTransformer.decoder_level1.mhca_blks.0.transformer_layers.1.norm1::c_low,0.342064306010699,0.33991360165200873,-0.0021507043586902475
muse,TCFTransformer.decoder_level1.mhca_blks.0.transformer_layers.1.norm1::c_high,0.8895438750179272,0.8875148122951372,-0.0020290627227900204
muse,TCFTransformer.decoder_level1.mhca_blks.0.transformer_layers.1.norm1::rng,0.5474795690072283,0.5476012106431285,0.00012164163590022703
muse,TCFTransformer.decoder_level1.mhca_blks.0.transformer_layers.1.norm1::auc,0.606791624975483,0.603169418085549,-0.0036222068899339765
muse,TCFTransformer.decoder_level1.mhca_blks.0.transformer_layers.2.norm1::alpha,0.504626397857427,0.5009233441896322,-0.0037030536677947756
muse,TCFTransformer.decoder_level1.mhca_blks.0.transformer_layers.2.norm1::beta,0.013523548504824505,0.013567015547038675,4.346704221416982e-05
muse,TCFTransformer.decoder_level1.mhca_blks.0.transformer_layers.2.norm1::r2,0.9976576562704923,0.9974041857740863,-0.0002534704964060053
muse,TCFTransformer.decoder_level1.mhca_blks.0.transformer_layers.2.norm1::c_low,0.3867907702373921,0.3845155119932104,-0.0022752582441817326
muse,TCFTransformer.decoder_level1.mhca_blks.0.transformer_layers.2.norm1::c_high,0.8962499696116731,0.8940823036642845,-0.0021676659473885973
muse,TCFTransformer.decoder_level1.mhca_blks.0.transformer_layers.2.norm1::rng,0.509459199374281,0.5095667916710742,0.00010759229679324633
muse,TCFTransformer.decoder_level1.mhca_blks.0.transformer_layers.2.norm1::auc,0.6398204207302005,0.6365258644558007,-0.0032945562743997847
muse,TCFTransformer.decoder_level1.mhca_blks.0.transformer_layers.3.norm1::alpha,0.46687980056789835,0.46298081100870914,-0.0038989895591892143
muse,TCFTransformer.decoder_level1.mhca_blks.0.transformer_layers.3.norm1::beta,0.013516113886796136,0.013537814118245584,2.1700231449447646e-05
muse,TCFTransformer.decoder_level1.mhca_blks.0.transformer_layers.3.norm1::r2,0.9972500840416703,0.9969424502038863,-0.0003076338377839827
muse,TCFTransformer.decoder_level1.mhca_blks.0.transformer_layers.3.norm1::c_low,0.3564954550935754,0.3536785943011683,-0.002816860792407061
muse,TCFTransformer.decoder_level1.mhca_blks.0.transformer_layers.3.norm1::c_high,0.8702605239736361,0.8674306831570763,-0.002829840816559792
muse,TCFTransformer.decoder_level1.mhca_blks.0.transformer_layers.3.norm1::rng,0.5137650688800607,0.513752088855908,-1.298002415273114e-05
muse,TCFTransformer.decoder_level1.mhca_blks.0.transformer_layers.3.norm1::auc,0.6017575131834159,0.5980540600277161,-0.003703453155699754
muse,TCFTransformer.mag_refinement.mhca_blks.0.transformer_layers.0.norm1::alpha,0.26031700162312865,0.2553418151442841,-0.00497518647884454
muse,TCFTransformer.mag_refinement.mhca_blks.0.transformer_layers.0.norm1::beta,0.019432874596012836,0.01952911482496323,9.624022895039427e-05
muse,TCFTransformer.mag_refinement.mhca_blks.0.transformer_layers.0.norm1::r2,0.9884129881916728,0.9874503227332239,-0.0009626654584489192
muse,TCFTransformer.mag_refinement.mhca_blks.0.transformer_layers.0.norm1::c_low,0.13278212094866165,0.12960670545783615,-0.003175415490825506
muse,TCFTransformer.mag_refinement.mhca_blks.0.transformer_layers.0.norm1::c_high,0.8485307818600991,0.8469364090230891,-0.0015943728370100274
muse,TCFTransformer.mag_refinement.mhca_blks.0.transformer_layers.0.norm1::rng,0.7157486609114374,0.7173297035652529,0.0015810426538155342
muse,TCFTransformer.mag_refinement.mhca_blks.0.transformer_layers.0.norm1::auc,0.453745479987729,0.4496919985477527,-0.004053481439976303
muse,TCFTransformer.mag_refinement.mhca_blks.0.transformer_layers.1.norm1::alpha,0.4236733776617888,0.4192597224918209,-0.004413655169967889
muse,TCFTransformer.mag_refinement.mhca_blks.0.transformer_layers.1.norm1::beta,0.016716645653794427,0.016818788994852257,0.00010214334105783027
muse,TCFTransformer.mag_refinement.mhca_blks.0.transformer_layers.1.norm1::r2,0.9960729599923366,0.9957712336307116,-0.00030172636162495436
muse,TCFTransformer.mag_refinement.mhca_blks.0.transformer_layers.1.norm1::c_low,0.28480545393505613,0.2812447517154841,-0.003560702219572054
muse,TCFTransformer.mag_refinement.mhca_blks.0.transformer_layers.1.norm1::c_high,0.9030047761290194,0.9018755035320181,-0.0011292725970013517
muse,TCFTransformer.mag_refinement.mhca_blks.0.transformer_layers.1.norm1::rng,0.6181993221939632,0.6206307518165339,0.002431429622570702
muse,TCFTransformer.mag_refinement.mhca_blks.0.transformer_layers.1.norm1::auc,0.5907632021789254,0.5873447995607582,-0.003418402618167171
muse,TCFTransformer.mag_refinement.mhca_blks.0.transformer_layers.2.norm1::alpha,0.4510363974975474,0.4472335736376166,-0.003802823859930804
muse,TCFTransformer.mag_refinement.mhca_blks.0.transformer_layers.2.norm1::beta,0.01597328521670488,0.016061877809354842,8.859259264996228e-05
muse,TCFTransformer.mag_refinement.mhca_blks.0.transformer_layers.2.norm1::r2,0.9970780000388891,0.9970178827308037,-6.011730808541671e-05
muse,TCFTransformer.mag_refinement.mhca_blks.0.transformer_layers.2.norm1::c_low,0.3047331668328024,0.3006661501416721,-0.0040670166911302985
muse,TCFTransformer.mag_refinement.mhca_blks.0.transformer_layers.2.norm1::c_high,0.9031207387780782,0.9018316273883933,-0.001289111389684905
muse,TCFTransformer.mag_refinement.mhca_blks.0.transformer_layers.2.norm1::rng,0.5983875719452758,0.6011654772467212,0.0027779053014453936
muse,TCFTransformer.mag_refinement.mhca_blks.0.transformer_layers.2.norm1::auc,0.6109403070860752,0.6080174383053183,-0.002922868780756871
muse,TCFTransformer.mag_refinement.mhca_blks.0.transformer_layers.3.norm1::alpha,0.36388596203999163,0.35845151870430575,-0.005434443335685879
muse,TCFTransformer.mag_refinement.mhca_blks.0.transformer_layers.3.norm1::beta,0.019368339600195413,0.019519657782528593,0.00015131818233318078
muse,TCFTransformer.mag_refinement.mhca_blks.0.transformer_layers.3.norm1::r2,0.9948986377088134,0.9946046075916601,-0.00029403011715323224
muse,TCFTransformer.mag_refinement.mhca_blks.0.transformer_layers.3.norm1::c_low,0.20244790515014052,0.1975739745140887,-0.004873930636051821
muse,TCFTransformer.mag_refinement.mhca_blks.0.transformer_layers.3.norm1::c_high,0.909777460144306,0.9088416269195727,-0.0009358332247333401
muse,TCFTransformer.mag_refinement.mhca_blks.0.transformer_layers.3.norm1::rng,0.7073295549941655,0.711267652405484,0.003938097411318453
muse,TCFTransformer.mag_refinement.mhca_blks.0.transformer_layers.3.norm1::auc,0.5576057749268137,0.5536591039249107,-0.003946671001903046
mpsenet,r_alpha_beta,-0.9887729276965856,-0.988207181938357,0.0005657457582286529
mpsenet,sat_freedom,0.13812238554887016,0.13718894277993005,-0.0009334427689401126
mpsenet,identity_r,0.995018314535905,0.9945895661066242,-0.0004287484292807564
mpsenet,pc1,98.59536513388947,98.47953088791648,-0.11583424597299086
mpsenet,pc2,1.1634334194198834,1.2636757327799393,0.10024231336005585
mpsenet,r_auc_alpha,0.9974481502234513,0.9972920671840747,-0.00015608303937664214
mpsenet,r_auc_clow,0.9868660307044235,0.9856697076347718,-0.0011963230696516725
mpsenet,r2_min,0.978414980752251,0.9768420033203035,-0.0015729774319475087
mpsenet,r2_median,0.9886110568202054,0.9877626272360194,-0.0008484295841860723
mpsenet,c_low_min,0.1505434272610963,0.14600285787132602,-0.004540569389770266
mpsenet,c_low_max,0.897247304100605,0.897267025518668,1.9721418062945695e-05
mpsenet,c_high_min,0.9146943772982898,0.9145155980933897,-0.00017877920490017019
mpsenet,c_high_max,0.9914471425716025,0.9915417345861594,9.459201455686017e-05
mpsenet,auc_mean,0.6634944664684541,0.661564941670909,-0.0019295247975451568
mpsenet,rho_depth_range,0.9047619047619048,0.9047619047619048,0.0
mpsenet,rho_depth_auc,-0.8571428571428572,-0.8571428571428572,0.0
mpsenet,rho_alpha_beta,-0.9285714285714287,-0.9285714285714287,0.0
mpsenet,r_alpha_chigh,0.8587535356754596,0.85289446642827,-0.005859069247189597
mpsenet,TSTransformer.0.time_transformer.norm1::alpha,0.9235693109190167,0.9235644839713474,-4.826947669345216e-06
mpsenet,TSTransformer.0.time_transformer.norm1::beta,0.002621534522339242,0.002627178237159839,5.643714820596866e-06
mpsenet,TSTransformer.0.time_transformer.norm1::r2,0.9803577828782196,0.9801202555732978,-0.00023752730492176966
mpsenet,TSTransformer.0.time_transformer.norm1::c_low,0.897247304100605,0.897267025518668,1.9721418062945695e-05
mpsenet,TSTransformer.0.time_transformer.norm1::c_high,0.9914471425716025,0.9915417345861594,9.459201455686017e-05
mpsenet,TSTransformer.0.time_transformer.norm1::rng,0.09419983847099744,0.09427470906749136,7.487059649391448e-05
mpsenet,TSTransformer.0.time_transformer.norm1::auc,0.949920591962567,0.9499720635002091,5.1471537642178156e-05
mpsenet,TSTransformer.0.freq_transformer.norm1::alpha,0.527984765497318,0.5230922941245182,-0.0048924713727998
mpsenet,TSTransformer.0.freq_transformer.norm1::beta,0.017561595611393314,0.017851101500565316,0.0002895058891720023
mpsenet,TSTransformer.0.freq_transformer.norm1::r2,0.978414980752251,0.9768420033203035,-0.0015729774319475087
mpsenet,TSTransformer.0.freq_transformer.norm1::c_low,0.3667501147463067,0.3588221451973878,-0.00792796954891889
mpsenet,TSTransformer.0.freq_transformer.norm1::c_high,0.975808290521088,0.9763072390378549,0.0004989485167669061
mpsenet,TSTransformer.0.freq_transformer.norm1::rng,0.6090581757747813,0.617485093840467,0.00842691806568574
mpsenet,TSTransformer.0.freq_transformer.norm1::auc,0.7044087595856899,0.7024542745554851,-0.001954485030204789
mpsenet,TSTransformer.1.time_transformer.norm1::alpha,0.49995406585713476,0.4948263842410904,-0.005127681616044377
mpsenet,TSTransformer.1.time_transformer.norm1::beta,0.015848350782158623,0.01608017858295553,0.00023182780079690837
mpsenet,TSTransformer.1.time_transformer.norm1::r2,0.9887300539754823,0.9878314418414809,-0.0008986121340014419
mpsenet,TSTransformer.1.time_transformer.norm1::c_low,0.3877523724725848,0.3828783062263568,-0.004874066246227993
mpsenet,TSTransformer.1.time_transformer.norm1::c_high,0.9468370074420094,0.9473325483693853,0.0004955409273759148
mpsenet,TSTransformer.1.time_transformer.norm1::rng,0.5590846349694245,0.5644542421430285,0.0053696071736040185
mpsenet,TSTransformer.1.time_transformer.norm1::auc,0.6582161457717566,0.6553912386399651,-0.0028249071317915098
mpsenet,TSTransformer.1.freq_transformer.norm1::alpha,0.4031607208501802,0.39955220097934535,-0.0036085198708348254
mpsenet,TSTransformer.1.freq_transformer.norm1::beta,0.019121405158726835,0.019314976748520424,0.000193571589793589
mpsenet,TSTransformer.1.freq_transformer.norm1::r2,0.9884920596649286,0.9876938126305579,-0.0007982470343707027
mpsenet,TSTransformer.1.freq_transformer.norm1::c_low,0.22581259559153571,0.21988074584484066,-0.005931849746695056
mpsenet,TSTransformer.1.freq_transformer.norm1::c_high,0.9146943772982898,0.9145155980933897,-0.00017877920490017019
mpsenet,TSTransformer.1.freq_transformer.norm1::rng,0.6888817817067541,0.694634852248549,0.005753070541794969
mpsenet,TSTransformer.1.freq_transformer.norm1::auc,0.594977804587262,0.5933395633769356,-0.0016382412103264077
mpsenet,TSTransformer.2.time_transformer.norm1::alpha,0.47655341889851344,0.47309130629873436,-0.003462112599779077
mpsenet,TSTransformer.2.time_transformer.norm1::beta,0.016986530339369862,0.017157285921742566,0.00017075558237270375
mpsenet,TSTransformer.2.time_transformer.norm1::r2,0.9912815067274717,0.9909293284201759,-0.0003521783072958362
mpsenet,TSTransformer.2.time_transformer.norm1::c_low,0.3197192558228889,0.31538314633036263,-0.004336109492526274
mpsenet,TSTransformer.2.time_transformer.norm1::c_high,0.935720007328358,0.936092758798387,0.0003727514700290202
mpsenet,TSTransformer.2.time_transformer.norm1::rng,0.6160007515054691,0.6207096124680245,0.004708860962555406
mpsenet,TSTransformer.2.time_transformer.norm1::auc,0.6468861995601269,0.6451373208399546,-0.0017488787201723754
mpsenet,TSTransformer.2.freq_transformer.norm1::alpha,0.45338204512395097,0.4500593857424557,-0.0033226593814952854
mpsenet,TSTransformer.2.freq_transformer.norm1::beta,0.018381526267811085,0.01857162541247797,0.00019009914466688524
mpsenet,TSTransformer.2.freq_transformer.norm1::r2,0.9900100255192578,0.9895436697477641,-0.00046635577149367613
mpsenet,TSTransformer.2.freq_transformer.norm1::c_low,0.2840266987160943,0.27986651906397536,-0.004160179652118956
mpsenet,TSTransformer.2.freq_transformer.norm1::c_high,0.9454866259149793,0.9462143938662937,0.0007277679513143509
mpsenet,TSTransformer.2.freq_transformer.norm1::rng,0.661459927198885,0.6663478748023184,0.004887947603433362
mpsenet,TSTransformer.2.freq_transformer.norm1::auc,0.6377583239392249,0.6363440194522878,-0.0014143044869371346
mpsenet,TSTransformer.3.time_transformer.norm1::alpha,0.40231765011326415,0.3985691435474642,-0.0037485065657999472
mpsenet,TSTransformer.3.time_transformer.norm1::beta,0.01930238524584207,0.01947585077721622,0.00017346553137415066
mpsenet,TSTransformer.3.time_transformer.norm1::r2,0.9927862036595386,0.9924794342950188,-0.00030676936451978776
mpsenet,TSTransformer.3.time_transformer.norm1::c_low,0.23965004892678862,0.235713548095924,-0.003936500830864609
mpsenet,TSTransformer.3.time_transformer.norm1::c_high,0.9332488506845174,0.9337560184894707,0.0005071678049533013
mpsenet,TSTransformer.3.time_transformer.norm1::rng,0.6935988017577287,0.6980424703935466,0.00444366863581791
mpsenet,TSTransformer.3.time_transformer.norm1::auc,0.5955638038908357,0.5935424730202996,-0.002021330870536131
mpsenet,TSTransformer.3.freq_transformer.norm1::alpha,0.2996050660373536,0.29355543149298025,-0.00604963454437335
mpsenet,TSTransformer.3.freq_transformer.norm1::beta,0.022105524602174045,0.022326365760752018,0.00022084115857797307
mpsenet,TSTransformer.3.freq_transformer.norm1::r2,0.987891751248299,0.986937234837964,-0.000954516410334949
mpsenet,TSTransformer.3.freq_transformer.norm1::c_low,0.1505434272610963,0.14600285787132602,-0.004540569389770266
mpsenet,TSTransformer.3.freq_transformer.norm1::c_high,0.9256739655710643,0.9260760497989007,0.00040208422783638564
mpsenet,TSTransformer.3.freq_transformer.norm1::rng,0.775130538309968,0.7800731919275746,0.004942653617606596
mpsenet,TSTransformer.3.freq_transformer.norm1::auc,0.5202241024501694,0.5163385799821351,-0.003885522468034308
demucs,r_alpha_beta,-0.8805385439107016,-0.876596357478555,0.0039421864321466105
demucs,sat_freedom,0.9319576954376919,0.9559075880596783,0.023949892621986435
demucs,identity_r,0.985503985796817,0.9853534296905172,-0.00015055610629977068
demucs,pc1,76.72958251889224,76.31985634289562,-0.4097261759966244
demucs,pc2,21.306590799248944,21.778824599755776,0.4722338005068316
demucs,r_auc_alpha,0.7959050734158988,0.7866753465467375,-0.009229726869161237
demucs,r_auc_clow,0.5706717309952827,0.5544785629922997,-0.016193168002982983
demucs,r2_min,0.4617016338768659,0.44119308417408376,-0.020508549702782153
demucs,r2_median,0.8319150949927967,0.8320700854975098,0.00015499050471312614
demucs,c_low_min,0.05550769183543781,0.055432386182076784,-7.530565336102274e-05
demucs,c_low_max,0.7404242356008356,0.7400196030687746,-0.00040463253206102223
demucs,c_high_min,0.5832914557076059,0.5729101761944362,-0.010381279513169694
demucs,c_high_max,0.9990465798458326,0.9990453258671163,-1.2539787163090566e-06
demucs,auc_mean,0.7390452959840869,0.7381235337632959,-0.0009217622207909892
demucs,rho_depth_range,-0.7272727272727273,-0.7272727272727273,0.0
demucs,rho_depth_auc,0.20000000000000004,0.15454545454545454,-0.0454545454545455
demucs,rho_alpha_beta,-0.7818181818181819,-0.7818181818181819,0.0
demucs,r_alpha_chigh,-0.33149258538466203,-0.3272961910668119,0.004196394317850127
demucs,encoder.0::alpha,0.4980331903660128,0.4981217002656353,8.8509899622502e-05
demucs,encoder.0::beta,0.024065008945742542,0.024059087024220185,-5.921921522357432e-06
demucs,encoder.0::r2,0.8241839141413837,0.8242754484719743,9.153433059061467e-05
demucs,encoder.0::c_low,0.08808553300432005,0.08823591563951107,0.00015038263519101536
demucs,encoder.0::c_high,0.9990465798458326,0.9990453258671163,-1.2539787163090566e-06
demucs,encoder.0::rng,0.9109610468415125,0.9108094102276052,-0.0001516366139072689
demucs,encoder.0::auc,0.7435612104083973,0.7435893692517002,2.8158843302872327e-05
demucs,encoder.1::alpha,0.48845756499236614,0.48834840241008665,-0.00010916258227949838
demucs,encoder.1::beta,0.02438744005243736,0.024390131843067347,2.6917906299876726e-06
demucs,encoder.1::r2,0.8319150949927967,0.8320700854975098,0.00015499050471312614
demucs,encoder.1::c_low,0.08523032931118421,0.08522953089485358,-7.984163306329339e-07
demucs,encoder.1::c_high,0.9988798691435313,0.9988801393501195,2.702065882154159e-07
demucs,encoder.1::rng,0.9136495398323471,0.913650608455266,1.0686229189316165e-06
demucs,encoder.1::auc,0.7370888871739742,0.737004592983717,-8.429419025723917e-05
demucs,encoder.2::alpha,0.39021896152219443,0.39033753036049873,0.00011856883830430043
demucs,encoder.2::beta,0.02733438501926963,0.027337570318829614,3.1852995599837564e-06
demucs,encoder.2::r2,0.8946804173555792,0.8943649552850632,-0.00031546207051602604
demucs,encoder.2::c_low,0.05550769183543781,0.055432386182076784,-7.530565336102274e-05
demucs,encoder.2::c_high,0.9938960993701836,0.9939186538749465,2.255450476285059e-05
demucs,encoder.2::rng,0.9383884075347458,0.9384862676928697,9.786015812385251e-05
demucs,encoder.2::auc,0.6670343346176929,0.667189176386802,0.00015484176910907088
demucs,encoder.3::alpha,0.4228502042855594,0.42500912228335125,0.0021589179977918316
demucs,encoder.3::beta,0.026012763126733472,0.02595637826776211,-5.638485897136239e-05
demucs,encoder.3::r2,0.8697812948882335,0.8678417766968433,-0.001939518191390266
demucs,encoder.3::c_low,0.06381641112830168,0.06459300261856876,0.000776591490267084
demucs,encoder.3::c_high,0.9881865255819737,0.9882339602205682,4.743463859446795e-05
demucs,encoder.3::rng,0.924370114453672,0.9236409576019995,-0.0007291568516725189
demucs,encoder.3::auc,0.6869022447328381,0.6885268905495074,0.0016246458166693234
demucs,encoder.4::alpha,0.4362137659263132,0.43518784043168846,-0.0010259254946247687
demucs,encoder.4::beta,0.02083940065772618,0.02088423270454209,4.483204681591038e-05
demucs,encoder.4::r2,0.940191128124466,0.9389867449558323,-0.0012043831686336937
demucs,encoder.4::c_low,0.1700699920782012,0.16824892284012044,-0.001821069238080758
demucs,encoder.4::c_high,0.936157918547406,0.9352775424831378,-0.0008803760642682734
demucs,encoder.4::rng,0.7660879264692049,0.7670286196430174,0.0009406931738125124
demucs,encoder.4::auc,0.6468951179333443,0.6463368408474965,-0.0005582770858477692
demucs,lstm::alpha,0.8210734598863985,0.8216408799034126,0.000567420017014153
demucs,lstm::beta,0.004468913017283149,0.004393089478182643,-7.582353910050559e-05
demucs,lstm::r2,0.9471400942847025,0.9455402067889161,-0.001599887495786323
demucs,lstm::c_low,0.7404242356008356,0.7400196030687746,-0.00040463253206102223
demucs,lstm::c_high,0.9356182584340134,0.9344401262186172,-0.0011781322153961993
demucs,lstm::rng,0.19519402283317777,0.1944205231498426,-0.000773499683335177
demucs,lstm::auc,0.866456123635275,0.8662803224362776,-0.0001758011989974051
demucs,decoder.0::alpha,0.7088481277544229,0.7096764474486024,0.0008283196941795135
demucs,decoder.0::beta,0.0061647701305899555,0.005987679282911213,-0.0001770908476787427
demucs,decoder.0::r2,0.9091107994566304,0.9135186558734645,0.004407856416834055
demucs,decoder.0::c_low,0.585855621599865,0.5888679531335573,0.003012331533692292
demucs,decoder.0::c_high,0.8510718891968355,0.8486977189783299,-0.0023741702185056113
demucs,decoder.0::rng,0.2652162675969705,0.2598297658447726,-0.005386501752197903
demucs,decoder.0::auc,0.7717966309018717,0.7708225003832588,-0.0009741305186128368
demucs,decoder.1::alpha,0.7413441656252857,0.7420004152701415,0.0006562496448557775
demucs,decoder.1::beta,0.006067596464444674,0.0058856958128813515,-0.00018190065156332286
demucs,decoder.1::r2,0.8214805257810261,0.8238775712529105,0.0023970454718843515
demucs,decoder.1::c_low,0.6003587500664002,0.6031642216297937,0.0028054715633935023
demucs,decoder.1::c_high,0.8504888642555914,0.8468958209625405,-0.0035930432930509903
demucs,decoder.1::rng,0.2501301141891913,0.2437315993327468,-0.006398514856444493
demucs,decoder.1::auc,0.803935038347451,0.8027530572015247,-0.0011819811459262697
demucs,decoder.2::alpha,0.6479960279298578,0.6462032727042212,-0.0017927552256365997
demucs,decoder.2::beta,0.006041587049789984,0.005856328233338318,-0.0001852588164516656
demucs,decoder.2::r2,0.6971698300243468,0.6948531783395095,-0.002316651684837301
demucs,decoder.2::c_low,0.5020930997967222,0.5029283551820237,0.0008352553853014921
demucs,decoder.2::c_high,0.7088420337043716,0.7021755258338738,-0.006666507870497829
demucs,decoder.2::rng,0.20674893390764937,0.19924717065185005,-0.007501763255799321
demucs,decoder.2::auc,0.710985506719688,0.7073219204008456,-0.003663586318842338
demucs,decoder.3::alpha,0.6005936414751104,0.5988402010278454,-0.0017534404472649978
demucs,decoder.3::beta,0.004361561037275033,0.004113895235202932,-0.0002476658020721008
demucs,decoder.3::r2,0.4617016338768659,0.44119308417408376,-0.020508549702782153
demucs,decoder.3::c_low,0.47572535250621756,0.478562541098603,0.0028371885923854645
demucs,decoder.3::c_high,0.5832914557076059,0.5729101761944362,-0.010381279513169694
demucs,decoder.3::rng,0.10756610320138832,0.09434763509583316,-0.013218468105555159
demucs,decoder.3::auc,0.6470767730413846,0.6428352232482085,-0.004241549793176036
demucs,decoder.4::alpha,0.7052101805975896,0.7033061210142768,-0.001904059583312745
demucs,decoder.4::beta,0.01384490168940349,0.013927462149025786,8.25604596222957e-05
demucs,decoder.4::r2,0.7856847706592044,0.7870117016043835,0.0013269309451791056
demucs,decoder.4::c_low,0.3655380816539953,0.36257050163922583,-0.0029675800147694886
demucs,decoder.4::c_high,0.9932050476162383,0.9931321671793183,-7.288043691999757e-05
demucs,decoder.4::rng,0.6276669659622429,0.6305616655400925,0.002894699577849602
demucs,decoder.4::auc,0.8477663883130372,0.8466989777069163,-0.001067410606120922
