layer,alpha,alpha_ci_lo,alpha_ci_hi,beta,beta_ci_lo,beta_ci_hi,r2
TCFTransformer.encoder_level1.mhca_blks.0.transformer_layers.0.norm1,0.9965732755307518,0.9951777945766477,0.9976005535536617,0.0001259844944041,9.292552861443264e-05,0.0001710378904527519,0.960772294234291
TCFTransformer.encoder_level1.mhca_blks.0.transformer_layers.1.norm1,0.907155999945926,0.8740366586911563,0.9362439266648722,0.0035696753341119,0.002570796494015226,0.00467828808338086,0.9690555714296324
TCFTransformer.encoder_level1.mhca_blks.0.transformer_layers.2.norm1,0.6960795185927651,0.6181621841765901,0.7691728386454,0.0104730134077792,0.008539920722887095,0.01234547895125071,0.9903337842212118
TCFTransformer.encoder_level1.mhca_blks.0.transformer_layers.3.norm1,0.6448651781996214,0.5670970296838949,0.7262701140430466,0.011801820289203,0.009634127737798322,0.013479853975344793,0.9922993719383246
TCFTransformer.encoder_level2.mhca_blks.0.transformer_layers.0.norm1,0.7743989022862823,0.7069740029867387,0.8361501489408029,0.00829936255484,0.006464884948152068,0.010108215956946165,0.9805678972319204
TCFTransformer.encoder_level2.mhca_blks.0.transformer_layers.1.norm1,0.5233979118586787,0.438808255935368,0.6158869237488495,0.0148722669186774,0.01280104993275277,0.016572292961889726,0.9947767338594192
TCFTransformer.encoder_level2.mhca_blks.0.transformer_layers.2.norm1,0.4842828853536321,0.39562766871856614,0.5763401929908515,0.0162252630936973,0.014110902548672586,0.01796116187444338,0.9937850236910276
TCFTransformer.encoder_level2.mhca_blks.0.transformer_layers.3.norm1,0.3632120374607283,0.26679043635914385,0.48100581534931064,0.019341603892086,0.016664780490775282,0.021398654141658247,0.992855932811414
TCFTransformer.latent.mhca_blks.0.transformer_layers.0.norm1,0.6545768786245533,0.5780834352233605,0.7323634878762865,0.0120567144441996,0.009831515751003092,0.0139497312530288,0.986965871121256
TCFTransformer.latent.mhca_blks.0.transformer_layers.1.norm1,0.7090501118001495,0.6448340281268792,0.7721541264954997,0.0097856213545684,0.008228017204866246,0.011167079480975098,0.989142690978298
TCFTransformer.latent.mhca_blks.0.transformer_layers.2.norm1,0.6224895292726568,0.5519787820692006,0.6964791424070531,0.0120911455552863,0.010344680781665663,0.013493849801942058,0.9943224707048748
TCFTransformer.latent.mhca_blks.0.transformer_layers.3.norm1,0.5286937318811411,0.4509115173936879,0.6193930609840177,0.0146642037059681,0.012635978523038023,0.016165040866187686,0.9964974063191874
TCFTransformer.decoder_level2.mhca_blks.0.transformer_layers.0.norm1,0.373103214145497,0.2764382306645476,0.48182210592916175,0.0209379106055664,0.018065986216870215,0.023487331792862633,0.9908303268682506
TCFTransformer.decoder_level2.mhca_blks.0.transformer_layers.1.norm1,0.5303372602388103,0.44915565721490963,0.6200075820227648,0.015633710249778,0.013343240120741503,0.01736511293225405,0.9926918516493828
TCFTransformer.decoder_level2.mhca_blks.0.transformer_layers.2.norm1,0.5740502170496218,0.49828975471184084,0.6614514408585234,0.0143024975848278,0.012058942662488975,0.016014539576128042,0.9923352695979188
TCFTransformer.decoder_level2.mhca_blks.0.transformer_layers.3.norm1,0.3302964161218713,0.2547948501476281,0.4107808455075573,0.0146269817808709,0.013247772964560978,0.015917265643671196,0.9924219897569672
TCFTransformer.decoder_level1.mhca_blks.0.transformer_layers.0.norm1,0.2641501897954854,0.17263863452761058,0.37311475469064476,0.0198133735030686,0.01733503739655576,0.021878464847407342,0.9871733429271992
TCFTransformer.decoder_level1.mhca_blks.0.transformer_layers.1.norm1,0.4565591638229875,0.39012968786177704,0.5413174607032737,0.014686744423544,0.01315711663857762,0.01591107327013023,0.9959451734631556
TCFTransformer.decoder_level1.mhca_blks.0.transformer_layers.2.norm1,0.5009233441896322,0.43715486105731477,0.580711787570948,0.0135670155470386,0.012141153544745424,0.01464606345039214,0.9974041857740864
TCFTransformer.decoder_level1.mhca_blks.0.transformer_layers.3.norm1,0.4629808110087091,0.39756331806881634,0.5370142822963805,0.0135378141182455,0.01243572788609574,0.014527115640490317,0.9969424502038864
TCFTransformer.mag_refinement.mhca_blks.0.transformer_layers.0.norm1,0.2553418151442841,0.17163655971171954,0.361309032380935,0.0195291148249632,0.01744299413943281,0.021572732435115136,0.987450322733224
TCFTransformer.mag_refinement.mhca_blks.0.transformer_layers.1.norm1,0.4192597224918209,0.3408529808479463,0.5052616908737004,0.0168187889948522,0.014865813846515917,0.018325923141620275,0.9957712336307116
TCFTransformer.mag_refinement.mhca_blks.0.transformer_layers.2.norm1,0.4472335736376166,0.3755445582770245,0.525939196649631,0.0160618778093548,0.01438271393776389,0.01730441137530882,0.9970178827308036
TCFTransformer.mag_refinement.mhca_blks.0.transformer_layers.3.norm1,0.3584515187043057,0.2706504745581216,0.4594853501859053,0.0195196577825285,0.017064412955501446,0.021422561369500662,0.99460460759166
