axis,model,quantity,layer,wins,frequency
SNR,MUSE,peak_beta,TCFTransformer.decoder_level2.mhca_blks.0.transformer_layers.0.norm1,161,0.5366666666666666
SNR,MUSE,peak_beta,TCFTransformer.mag_refinement.mhca_blks.0.transformer_layers.0.norm2,103,0.3433333333333333
SNR,MUSE,peak_beta,TCFTransformer.decoder_level2.mhca_blks.0.transformer_layers.0.norm2,34,0.11333333333333333
SNR,MUSE,peak_beta,TCFTransformer.decoder_level2.mhca_blks.0.transformer_layers.1.norm2,1,0.0033333333333333335
SNR,MUSE,peak_beta,TCFTransformer.mag_refinement.mhca_blks.0.transformer_layers.1.norm2,1,0.0033333333333333335
SNR,MUSE,min_c_low,TCFTransformer.decoder_level2.mhca_blks.0.transformer_layers.3.norm2,251,0.8366666666666667
SNR,MUSE,min_c_low,TCFTransformer.mag_refinement.mhca_blks.0.transformer_layers.0.norm2,49,0.16333333333333333
SNR,MUSE,min_c_low,TCFTransformer.decoder_level1.mhca_blks.0.transformer_layers.0.ffn.project_out,0,0.0
SNR,MUSE,min_c_low,TCFTransformer.decoder_level1.mhca_blks.0.transformer_layers.0.norm1,0,0.0
SNR,MUSE,min_c_low,TCFTransformer.decoder_level1.mhca_blks.0.transformer_layers.0.norm2,0,0.0
SNR,MUSE,max_c_high,TCFTransformer.encoder_level1.mhca_blks.0.transformer_layers.0.norm1,300,1.0
SNR,MUSE,max_c_high,TCFTransformer.decoder_level1.mhca_blks.0.transformer_layers.0.ffn.project_out,0,0.0
SNR,MUSE,max_c_high,TCFTransformer.decoder_level1.mhca_blks.0.transformer_layers.0.norm1,0,0.0
SNR,MUSE,max_c_high,TCFTransformer.decoder_level1.mhca_blks.0.transformer_layers.0.norm2,0,0.0
SNR,MUSE,max_c_high,TCFTransformer.decoder_level1.mhca_blks.0.transformer_layers.1.ffn.project_out,0,0.0
SNR,MP-SENet,peak_beta,TSTransformer.3.freq_transformer.norm1,280,0.9333333333333333
SNR,MP-SENet,peak_beta,TSTransformer.2.freq_transformer.norm2,19,0.06333333333333334
SNR,MP-SENet,peak_beta,TSTransformer.3.freq_transformer.norm2,1,0.0033333333333333335
SNR,MP-SENet,peak_beta,TSTransformer.0.freq_transformer.attention,0,0.0
SNR,MP-SENet,peak_beta,TSTransformer.0.freq_transformer.ffn,0,0.0
SNR,MP-SENet,min_c_low,TSTransformer.3.freq_transformer.norm1,300,1.0
SNR,MP-SENet,min_c_low,TSTransformer.0.freq_transformer.attention,0,0.0
SNR,MP-SENet,min_c_low,TSTransformer.0.freq_transformer.ffn,0,0.0
SNR,MP-SENet,min_c_low,TSTransformer.0.freq_transformer.ffn.gru,0,0.0
SNR,MP-SENet,min_c_low,TSTransformer.0.freq_transformer.ffn.linear,0,0.0
SNR,MP-SENet,max_c_high,TSTransformer.0.time_transformer.attention,300,1.0
SNR,MP-SENet,max_c_high,TSTransformer.0.freq_transformer.attention,0,0.0
SNR,MP-SENet,max_c_high,TSTransformer.0.freq_transformer.ffn,0,0.0
SNR,MP-SENet,max_c_high,TSTransformer.0.freq_transformer.ffn.gru,0,0.0
SNR,MP-SENet,max_c_high,TSTransformer.0.freq_transformer.ffn.linear,0,0.0
