,DKITCHEN,DLIVING,DWASHING,NFIELD,NPARK,NRIVER,OHALLWAY,OMEETING,OOFFICE,PCAFETER,PRESTO,PSTATION,SCAFE,SPSQUARE,STRAFFIC,TBUS,TCAR,TMETRO
TCFTransformer.encoder_level1.mhca_blks.0.transformer_layers.0.norm1,0.0002626195406175572,0.0001296699988461324,3.8933198040705066e-05,8.898701432197958e-05,8.001345729643219e-05,0.0003329643541558554,4.6662158563665786e-05,5.859799703509337e-05,5.020625483011402e-05,0.00015248566337139257,0.00012442735381537067,0.00032535394657017523,9.700682262865196e-05,0.00017443551988449005,7.92328024313983e-05,6.153768500676907e-05,5.516465711099962e-05,0.00010942247474771476
TCFTransformer.encoder_level1.mhca_blks.0.transformer_layers.1.norm1,0.008779529815853572,0.0029819954746334726,0.0005754011940153213,0.0030841215694139387,0.004750252838584669,0.007191640971306172,0.002169716259384788,0.004718912293336347,0.0015801329137846583,0.003795621794966387,0.007619158553088038,0.00430639736101806,0.003300316048168103,0.0016548523942191283,0.0017425562038990972,0.0031146345599285586,0.00012727622271041777,0.0027616395457043122
TCFTransformer.encoder_level1.mhca_blks.0.transformer_layers.2.norm1,0.015519314028975734,0.011193057515240272,0.002564567108601881,0.011352775094195213,0.014588978430674951,0.014876686860946335,0.009149195398816645,0.013891428805290866,0.0070173893748800495,0.01249043377334527,0.015061136596088187,0.013026673429754953,0.011876765725323429,0.007046838004992305,0.007363437497055476,0.011275080753004707,0.00021993461297533588,0.010000548329864542
TCFTransformer.encoder_level1.mhca_blks.0.transformer_layers.3.norm1,0.015705275108032365,0.013031612097631522,0.0035565526729353166,0.013020201830256978,0.015971127644228256,0.015266559330592726,0.010874079979811479,0.01502394351096548,0.008638420256596923,0.014216524050783212,0.01568228666001956,0.014311428370378855,0.013629441639569587,0.009073580297335888,0.00918352234270452,0.013156930841237107,0.0003618850515418338,0.011729393521032883
TCFTransformer.encoder_level2.mhca_blks.0.transformer_layers.0.norm1,0.016604108088315698,0.009332541486103513,0.0021506000023360046,0.009007519783003458,0.01150071203850674,0.010803130912870135,0.0072411347729549975,0.013334284237122239,0.005718001655818145,0.008188009385900046,0.012333317170867473,0.00866270929355439,0.008509135939112044,0.0037732586873036986,0.005201895629129489,0.009200689292601585,0.0003301984560111195,0.007497279155610145
TCFTransformer.encoder_level2.mhca_blks.0.transformer_layers.1.norm1,0.013053303748217645,0.018721050843902687,0.009881068055141265,0.018623649649609237,0.019650509208450233,0.016351665686676096,0.01718029855623189,0.018336404373634336,0.012373990182209424,0.0161613796976786,0.016418422718498454,0.01631626574900574,0.016542578064586252,0.01166755841974189,0.01401690829013831,0.015920396369858078,0.0020257639571687118,0.014459590965445347
TCFTransformer.encoder_level2.mhca_blks.0.transformer_layers.2.norm1,0.015669983874789902,0.01990343537175,0.010261807775305177,0.018936649216425003,0.02053020065121688,0.017458958274371904,0.017911729663746562,0.018437813500374732,0.012802027201049445,0.018565738378404865,0.01794162969743743,0.019005158350980236,0.01775625253509633,0.01480531054605786,0.015878714389094918,0.01748241436249384,0.0021765610741317242,0.016530350823825417
TCFTransformer.encoder_level2.mhca_blks.0.transformer_layers.3.norm1,0.01671777914129954,0.02177635884307329,0.010483009572529678,0.021926422011787593,0.022479035470556626,0.01773807999038418,0.02049284631761058,0.021985017813797827,0.01463908681793496,0.023553937332562922,0.018825013954296917,0.021928313236961733,0.022768327192810297,0.022696956502626882,0.020195207875652328,0.024630603565363417,0.0034110569094660662,0.02190181750883327
TCFTransformer.latent.mhca_blks.0.transformer_layers.0.norm1,0.018144929946677563,0.014055934638816558,0.0037816655149747695,0.012192742035479962,0.015333135532720768,0.01447378160468338,0.010085128613846172,0.01586782926018278,0.006851834261956957,0.015905495408778392,0.016362717552069913,0.014146055118406864,0.013277326683528597,0.010740136704238294,0.009250077803490256,0.014427044824847515,0.00062894896867472,0.011496075522220732
TCFTransformer.latent.mhca_blks.0.transformer_layers.1.norm1,0.014553512279009783,0.011272932383565176,0.0035997452815918806,0.010543054214403255,0.011536170778938037,0.012417678186078088,0.007851222392619876,0.012159493596421794,0.00574014984160225,0.012688308105195063,0.013203080813108236,0.012055730307202214,0.010598642681154293,0.00803922312877013,0.0077488335146317965,0.010313095255248568,0.002212609742919932,0.009607701879771622
TCFTransformer.latent.mhca_blks.0.transformer_layers.2.norm1,0.01478257276901838,0.014476909929233865,0.0050676334871876515,0.013906011692531865,0.012563826830609725,0.0143928893641084,0.01167901916808281,0.014906265494613385,0.0087496219602928,0.014648994431857375,0.01403178675006637,0.014486438451958447,0.013616763732823053,0.010592561643972037,0.01070892617095348,0.013664536408042629,0.002388595022735736,0.012977266687066707
TCFTransformer.latent.mhca_blks.0.transformer_layers.3.norm1,0.013970011571278368,0.01682515577677627,0.007720680236271997,0.018354834564525305,0.015459371857140448,0.014964005454318287,0.015084821225358928,0.01739660771117222,0.01218378474959644,0.017291086380805707,0.016262237329209527,0.016449812830104035,0.016762787647617045,0.015037201548231561,0.015532587754589704,0.016407291413718064,0.002246727544069189,0.01600666111264272
TCFTransformer.decoder_level2.mhca_blks.0.transformer_layers.0.norm1,0.018378043659455293,0.025040764322926165,0.008387627192215884,0.025523156810242247,0.02396752632718944,0.019379299367887137,0.022254234106630216,0.026012157787807865,0.018150288091888605,0.024086751172491767,0.021268240958977887,0.02486818382875157,0.023984847073329183,0.02111878448554033,0.022114043265207103,0.024747260887377148,0.0020076724470295846,0.025593509115248474
TCFTransformer.decoder_level2.mhca_blks.0.transformer_layers.1.norm1,0.016854982169604054,0.01753602515062893,0.0061231183429345006,0.017612705009870257,0.016960529349583014,0.017305939990809985,0.015164812215793893,0.019338980806100303,0.012885648741498267,0.018116078622848877,0.017949887142163154,0.019411048456385797,0.017410652695819075,0.015059903609206256,0.01540074734473321,0.017542770724633464,0.0018493782418900154,0.01888357588150146
TCFTransformer.decoder_level2.mhca_blks.0.transformer_layers.2.norm1,0.01609891493773279,0.015761090496563226,0.005348546767951304,0.015552528871910203,0.016030081630699276,0.01642437433701199,0.013089529697091028,0.017665362583455618,0.011785837977726143,0.01684699149610524,0.016875750367871804,0.017491711988119017,0.016497302260942336,0.013982829486600956,0.013510284614980977,0.015976430668390777,0.0015587711166948988,0.01694861722705302
TCFTransformer.decoder_level2.mhca_blks.0.transformer_layers.3.norm1,0.013730544242550446,0.016961368601107286,0.014680022453988618,0.016883016316948753,0.013192466901219432,0.01192398838116681,0.01807644420760953,0.01424853887406861,0.017652566256376817,0.013179707389094224,0.011285691285365504,0.01422326496165174,0.013668978382590997,0.015881132714614565,0.017562233229526887,0.014734237907788453,0.006859562249299657,0.01854190770070858
TCFTransformer.decoder_level1.mhca_blks.0.transformer_layers.0.norm1,0.017006925791365306,0.023532609437606,0.013858861699308429,0.023898157429968776,0.02077169904114388,0.013707507053384284,0.024194886024762618,0.021223443004495003,0.02194598200291168,0.02012501597351402,0.015076690987901306,0.02049168791012465,0.02161522023520985,0.022081582827611943,0.024324518667771477,0.022592315414531928,0.0051018258408523556,0.02509179371277191
TCFTransformer.decoder_level1.mhca_blks.0.transformer_layers.1.norm1,0.014152345339638809,0.01688826174012852,0.009974740753299072,0.016652889548805956,0.014992487708167192,0.013604975864288042,0.015884244226358805,0.015999694836797352,0.015164913825465422,0.014742802247908,0.01303741685401655,0.016414263526278984,0.015551636867984569,0.015567852745049328,0.01669692979315676,0.01605822651653868,0.00455285455896845,0.018424862670941813
TCFTransformer.decoder_level1.mhca_blks.0.transformer_layers.2.norm1,0.013499167114886265,0.01548540841002694,0.009044547051036073,0.015182778220287258,0.013913919899431448,0.013509357956186645,0.014222168292542641,0.014868120044573926,0.013493865348376256,0.013881781842496064,0.012907706168015046,0.015491262391178224,0.014305955264679534,0.01403406659414458,0.014842416501320886,0.014665261649952827,0.004200313137192364,0.016658183960369135
TCFTransformer.decoder_level1.mhca_blks.0.transformer_layers.3.norm1,0.012718133816447586,0.015394847942783686,0.01068733163399889,0.015371592535286763,0.013590506109706474,0.012282747599338142,0.01501140897844502,0.01402479273124278,0.014555087116470404,0.013502306643696897,0.011876954287200467,0.014569238425947605,0.013906718052886251,0.014642889487258223,0.015363941659348703,0.01453242966903535,0.005075695135856464,0.01657403230347085
TCFTransformer.mag_refinement.mhca_blks.0.transformer_layers.0.norm1,0.014863505684153773,0.022833582914507242,0.01542804130524705,0.023640947381277252,0.02014334666972982,0.01338037862404352,0.024563599627094097,0.020579865320817917,0.022213808334123196,0.01980451922961663,0.014739609628476038,0.019963626889888626,0.02116519871711987,0.02171020501378999,0.02430026088976377,0.021994466962268328,0.0058881428116283946,0.024310960845792588
TCFTransformer.mag_refinement.mhca_blks.0.transformer_layers.1.norm1,0.016091467850759638,0.01939258166526116,0.009988129039333675,0.01955302637603484,0.018001051861979943,0.015616375599553632,0.018271443624813612,0.01862866761420148,0.016507476722578185,0.018321712569902185,0.015647540315261693,0.019194695129804384,0.018555225792835348,0.01776072695223555,0.01857698794731518,0.018515249370723606,0.0037744958548003886,0.02034134761994611
TCFTransformer.mag_refinement.mhca_blks.0.transformer_layers.2.norm1,0.016827402695523422,0.017980240341302394,0.010209728619070215,0.01820047816829623,0.01728460563768345,0.015548136763110591,0.01668790716999319,0.017347833227157897,0.015392640260531215,0.017583133811724366,0.015463851507533731,0.01812259261890967,0.017567951884404253,0.0168651277794267,0.017202540354190807,0.0176637951173875,0.004339737270892781,0.018826097341248748
TCFTransformer.mag_refinement.mhca_blks.0.transformer_layers.3.norm1,0.019605520495003838,0.022549852216598942,0.010608799788609532,0.02233498723057032,0.02176762362149116,0.017529813416230465,0.020353658463434027,0.02158259673049189,0.01859152681143806,0.02184761234444976,0.01783413949515022,0.02179656869938344,0.02209206688219268,0.021237601844856572,0.021062984780584333,0.022560346347204014,0.0043416535541859315,0.023656487363639487
