arm,stage,auc,pre_auc,beta,c_low,auc_sd,n_layers,frozen,auc_minus_pre,stage_rank
freeze_decoder,encoder_level1,0.9972185397794485,0.9975736708611123,0.00023963602169517644,0.9932476222769827,3.077491876181725e-05,4,False,-0.00035513108166373986,0
freeze_decoder,encoder_level2,0.9497299614659328,0.9670461183488688,0.003990458701813935,0.8983862694734948,0.002496560146391536,4,False,-0.017316156882935974,1
freeze_decoder,latent,0.9608503213302999,0.9621234422749405,0.0033548336501321697,0.9105282370300375,0.002244599155807215,4,False,-0.0012731209446406044,2
freeze_decoder,decoder_level2,0.940676419125854,0.9119265563813095,0.005939133180243608,0.8404431198104325,0.004046879908554853,4,True,0.028749862744544497,3
freeze_decoder,decoder_level1,0.9638903006186386,0.9062928240608947,0.00350126832769664,0.9056998830740777,0.004342274389978947,4,True,0.05759747655774383,4
freeze_decoder,mag_refinement,0.9509078200128556,0.9069254336735377,0.0047613565814129,0.8699322827351399,0.005952684288571448,4,False,0.043982386339317836,5
freeze_encoder,encoder_level1,0.9985098312100518,0.9975736708611123,0.00013247668764686607,0.9961272956838464,2.62925012462324e-05,4,True,0.0009361603489395076,0
freeze_encoder,encoder_level2,0.9913097825266973,0.9670461183488688,0.0007389112953469163,0.9799570837948061,0.0009204177817347043,4,True,0.024263664177828548,1
freeze_encoder,latent,0.9759254977255635,0.9621234422749405,0.00201675022960918,0.9444787998319181,0.001849007270514506,4,False,0.013802055450622963,2
freeze_encoder,decoder_level2,0.9514470672304941,0.9119265563813095,0.004129049702091844,0.889727805914023,0.0030127966984324064,4,False,0.03952051084918462,3
freeze_encoder,decoder_level1,0.9585825268257187,0.9062928240608947,0.003817601303262337,0.8977256339406358,0.0035913671796532426,4,False,0.05228970276482392,4
freeze_encoder,mag_refinement,0.9515180175461438,0.9069254336735377,0.004408701566367514,0.8819306554925492,0.007306718340128728,4,False,0.04459258387260612,5
full_ft,encoder_level1,0.9974235605065342,0.9975736708611123,0.00021690297115573365,0.9938370350665517,3.0351682252244315e-05,4,False,-0.0001501103545780147,0
full_ft,encoder_level2,0.9710319987876588,0.9670461183488688,0.0023695755092159685,0.9387477274901335,0.00128154643120116,4,False,0.0039858804387900015,1
full_ft,latent,0.9765358051972362,0.9621234422749405,0.0021377187156196927,0.9411716008861349,0.001470917879831809,4,False,0.01441236292229564,2
full_ft,decoder_level2,0.9601959272684195,0.9119265563813095,0.0034316161466818227,0.9079238972029625,0.004128175786674383,4,False,0.04826937088711003,3
full_ft,decoder_level1,0.950252110330319,0.9062928240608947,0.004707601985184489,0.8748730188327979,0.006728859668871997,4,False,0.04395928626942425,4
full_ft,mag_refinement,0.9651364425462314,0.9069254336735377,0.003356353148772521,0.9098502582375312,0.0032717357011211824,4,False,0.058211008872693704,5
