layer,depth,stage,auc_mine,auc_manuscript,auc_absdiff,c_low_mine,c_low_manuscript,c_low_absdiff,beta_mine,beta_manuscript,beta_absdiff
TCFTransformer.encoder_level1.mhca_blks.0.transformer_layers.0.norm1,0,encoder_level1,0.9996441561168329,0.9996441561168329,0.0,0.9989786426531961,0.9989786426531961,0.0,3.571116208831413e-05,3.571116208831413e-05,0.0
TCFTransformer.encoder_level1.mhca_blks.0.transformer_layers.1.norm1,1,encoder_level1,0.9980673506212795,0.9980673506212795,0.0,0.9950208584314749,0.9950208584314749,0.0,0.00017339574182222305,0.00017339574182222305,0.0
TCFTransformer.encoder_level1.mhca_blks.0.transformer_layers.2.norm1,2,encoder_level1,0.9967111155932024,0.9967111155932024,0.0,0.9916349797218272,0.9916349797218272,0.0,0.00028411628428094427,0.00028411628428094427,0.0
TCFTransformer.encoder_level1.mhca_blks.0.transformer_layers.3.norm1,3,encoder_level1,0.9958720611131345,0.9958720611131345,0.0,0.9894220018081191,0.9894220018081191,0.0,0.00035650970761826495,0.00035650970761826495,0.0
TCFTransformer.encoder_level2.mhca_blks.0.transformer_layers.0.norm1,4,encoder_level2,0.995180538331087,0.995180538331087,0.0,0.9870707079691776,0.9870707079691776,0.0,0.0004379909881976958,0.0004379909881976958,0.0
TCFTransformer.encoder_level2.mhca_blks.0.transformer_layers.1.norm1,5,encoder_level2,0.9717224143426387,0.9717224143426387,0.0,0.9283824942814985,0.9283824942814985,0.0,0.0025427335180273083,0.0025427335180273083,0.0
TCFTransformer.encoder_level2.mhca_blks.0.transformer_layers.2.norm1,6,encoder_level2,0.9629445987341241,0.9629445987341241,0.0,0.9101645405781573,0.9101645405781573,0.0,0.0031841696834994195,0.0031841696834994195,0.0
TCFTransformer.encoder_level2.mhca_blks.0.transformer_layers.3.norm1,7,encoder_level2,0.9383369219876255,0.9383369219876255,0.0,0.8571709878628068,0.8571709878628068,0.0,0.005026002130581657,0.005026002130581657,0.0
TCFTransformer.latent.mhca_blks.0.transformer_layers.0.norm1,8,latent,0.9745510474038432,0.9745510474038432,0.0,0.9382130747575032,0.9382130747575032,0.0,0.002117603268479561,0.002117603268479561,0.0
TCFTransformer.latent.mhca_blks.0.transformer_layers.1.norm1,9,latent,0.968157039843818,0.968157039843818,0.0,0.9241797241339322,0.9241797241339322,0.0,0.002648446198818419,0.002648446198818419,0.0
TCFTransformer.latent.mhca_blks.0.transformer_layers.2.norm1,10,latent,0.9578788882277463,0.9578788882277463,0.0,0.9021130236448371,0.9021130236448371,0.0,0.0034091545878144904,0.0034091545878144904,0.0
TCFTransformer.latent.mhca_blks.0.transformer_layers.3.norm1,11,latent,0.9479067936243545,0.9479067936243545,0.0,0.891583794546434,0.891583794546434,0.0,0.003733110705910694,0.003733110705910694,0.0
TCFTransformer.decoder_level2.mhca_blks.0.transformer_layers.0.norm1,12,decoder_level2,0.9325941821713096,0.9325941821713096,0.0,0.8659616660078363,0.8659616660078363,0.0,0.004666986450859433,0.004666986450859433,0.0
TCFTransformer.decoder_level2.mhca_blks.0.transformer_layers.1.norm1,13,decoder_level2,0.9450490159767436,0.9450490159767436,0.0,0.8952577642828982,0.8952577642828982,0.0,0.003619474002763423,0.003619474002763423,0.0
TCFTransformer.decoder_level2.mhca_blks.0.transformer_layers.2.norm1,14,decoder_level2,0.9420612407447052,0.9420612407447052,0.0,0.8924815906087564,0.8924815906087564,0.0,0.0037053272327459063,0.0037053272327459063,0.0
TCFTransformer.decoder_level2.mhca_blks.0.transformer_layers.3.norm1,15,decoder_level2,0.8280017866324793,0.8280017866324793,0.0,0.7392659100431663,0.7392659100431663,0.0,0.008277552664506659,0.008277552664506659,0.0
TCFTransformer.decoder_level1.mhca_blks.0.transformer_layers.0.norm1,16,decoder_level1,0.8762095300565099,0.8762095300565099,0.0,0.7913566452379421,0.7913566452379421,0.0,0.006888277678657273,0.006888277678657273,0.0
TCFTransformer.decoder_level1.mhca_blks.0.transformer_layers.1.norm1,17,decoder_level1,0.9144430979659667,0.9144430979659667,0.0,0.8603439124578086,0.8603439124578086,0.0,0.0044779632720150335,0.0044779632720150335,0.0
TCFTransformer.decoder_level1.mhca_blks.0.transformer_layers.2.norm1,18,decoder_level1,0.9230063595348952,0.9230063595348952,0.0,0.8726046831027061,0.8726046831027061,0.0,0.004119441979265301,0.004119441979265301,0.0
TCFTransformer.decoder_level1.mhca_blks.0.transformer_layers.3.norm1,19,decoder_level1,0.911512308686207,0.911512308686207,0.0,0.8579273496529982,0.8579273496529982,0.0,0.004442089359956424,0.004442089359956424,0.0
TCFTransformer.mag_refinement.mhca_blks.0.transformer_layers.0.norm1,20,mag_refinement,0.8927962645633608,0.8927962645633608,0.0,0.8218840284530934,0.8218840284530934,0.0,0.005743327544470434,0.005743327544470434,0.0
TCFTransformer.mag_refinement.mhca_blks.0.transformer_layers.1.norm1,21,mag_refinement,0.9202035780266945,0.9202035780266945,0.0,0.8652402736361221,0.8652402736361221,0.0,0.004385211530790493,0.004385211530790493,0.0
TCFTransformer.mag_refinement.mhca_blks.0.transformer_layers.2.norm1,22,mag_refinement,0.9187619614540641,0.9187619614540641,0.0,0.86143590182066,0.86143590182066,0.0,0.004462194887054719,0.004462194887054719,0.0
TCFTransformer.mag_refinement.mhca_blks.0.transformer_layers.3.norm1,23,mag_refinement,0.8959399306500316,0.8959399306500316,0.0,0.8222422545689809,0.8222422545689809,0.0,0.005768008222006229,0.005768008222006229,0.0
