arm,layer,depth,stage,frozen_in_arm,auc_mean,auc_sd,c_low_mean,c_low_sd,beta_mean,beta_sd,alpha_mean,n_seeds,pre_auc,pre_c_low,pre_beta,pre_alpha,auc_minus_pre
freeze_decoder,TCFTransformer.encoder_level1.mhca_blks.0.transformer_layers.0.norm1,0,encoder_level1,False,0.9998194992453112,5.946415242302067e-06,0.9994606768932096,1.7105419131655547e-05,1.8846239821485135e-05,6.220864903974616e-07,0.9996239817379293,3,0.9996441561168329,0.9989786426531961,3.571116208831413e-05,0.9992746272381674,0.00017534312847833355
freeze_decoder,TCFTransformer.encoder_level1.mhca_blks.0.transformer_layers.1.norm1,1,encoder_level1,False,0.9985565061629497,1.947727206902452e-05,0.9963713147752306,5.0398210049634717e-05,0.00012889791568410604,1.6898359419594606e-06,0.9972360668937466,3,0.9980673506212795,0.9950208584314749,0.00017339574182222305,0.9962864148243951,0.0004891555416701721
freeze_decoder,TCFTransformer.encoder_level1.mhca_blks.0.transformer_layers.2.norm1,2,encoder_level1,False,0.9953250229403249,2.2908911593228642e-05,0.9888130615919065,2.0051928423716672e-05,0.00039699407701840285,1.0773451076257618e-06,0.9912731174031165,3,0.9967111155932024,0.9916349797218272,0.00028411628428094427,0.9937924492510318,-0.0013860926528774797
freeze_decoder,TCFTransformer.encoder_level1.mhca_blks.0.transformer_layers.3.norm1,3,encoder_level1,False,0.9951731307692082,7.476707614271375e-05,0.9883454358475842,0.00015191833036953486,0.00041380585425671176,5.617490507109835e-06,0.9909466642989476,3,0.9958720611131345,0.9894220018081191,0.00035650970761826495,0.9922060657335223,-0.0006989303439263184
freeze_decoder,TCFTransformer.encoder_level2.mhca_blks.0.transformer_layers.0.norm1,4,encoder_level2,False,0.9936485972147212,0.00012539643926243025,0.984371244372466,0.0003286404714512546,0.0005440134355313508,1.1745733749893022e-05,0.9880797468493485,3,0.995180538331087,0.9870707079691776,0.0004379909881976958,0.9906629794995596,-0.001531941116365787
freeze_decoder,TCFTransformer.encoder_level2.mhca_blks.0.transformer_layers.1.norm1,5,encoder_level2,False,0.9675833874872949,0.0034519598934357435,0.9258534529830653,0.00786668242149726,0.0028148635674208216,0.00029726285666996225,0.9390229878503863,3,0.9717224143426387,0.9283824942814985,0.0025427335180273083,0.9456604269723817,-0.004139026855343841
freeze_decoder,TCFTransformer.encoder_level2.mhca_blks.0.transformer_layers.2.norm1,6,encoder_level2,False,0.9172577184914185,0.004542371021916313,0.8235238125640105,0.011156325118676822,0.007027278820192175,0.0004323175163035853,0.8464407813091664,3,0.9629445987341241,0.9101645405781573,0.0031841696834994195,0.9304141298844196,-0.04568688024270562
freeze_decoder,TCFTransformer.encoder_level2.mhca_blks.0.transformer_layers.3.norm1,7,encoder_level2,False,0.9204301426702967,0.0018665132309516575,0.8597965679744369,0.005518921154558326,0.005575678984111391,0.00020549926864547226,0.8651985106214767,3,0.9383369219876255,0.8571709878628068,0.005026002130581657,0.8871630914604608,-0.01790677931732887
freeze_decoder,TCFTransformer.latent.mhca_blks.0.transformer_layers.0.norm1,8,latent,False,0.9624050614551941,0.002938004801690312,0.9183273467039447,0.006033493936419089,0.0032001734115354786,0.00024145366908290205,0.9300927175854788,3,0.9745510474038432,0.9382130747575032,0.002117603268479561,0.9528952497492451,-0.01214598594864913
freeze_decoder,TCFTransformer.latent.mhca_blks.0.transformer_layers.1.norm1,9,latent,False,0.9702636213214312,0.0024832472806946707,0.9331245268919535,0.005322486625877392,0.002554745964111839,0.00021457009350611228,0.944380718584552,3,0.968157039843818,0.9241797241339322,0.002648446198818419,0.9411281694374005,0.002106581477613223
freeze_decoder,TCFTransformer.latent.mhca_blks.0.transformer_layers.2.norm1,10,latent,False,0.9611118831583153,0.0026555593742021875,0.9095866879540634,0.0057871275317157534,0.003355958633807094,0.00022009602833248003,0.9269874881623198,3,0.9578788882277463,0.9021130236448371,0.0034091545878144904,0.9231467814489496,0.0032329949305690553
freeze_decoder,TCFTransformer.latent.mhca_blks.0.transformer_layers.3.norm1,11,latent,False,0.949620719386259,0.0009015851666416901,0.8810743865701883,0.003132596199805813,0.004308456591074266,8.763752903554382e-05,0.905715493708135,3,0.9479067936243545,0.891583794546434,0.003733110705910694,0.9102142603620241,0.0017139257619045445
freeze_decoder,TCFTransformer.decoder_level2.mhca_blks.0.transformer_layers.0.norm1,12,decoder_level2,True,0.9098718355392288,0.004391002869356138,0.7637217509338995,0.010089327946535897,0.008922575375832693,0.00035316919541391483,0.8183839417452531,3,0.9325941821713096,0.8659616660078363,0.004666986450859433,0.885729086332823,-0.022722346632080836
freeze_decoder,TCFTransformer.decoder_level2.mhca_blks.0.transformer_layers.1.norm1,13,decoder_level2,True,0.9576737156736419,0.002926213287387141,0.8846497521110076,0.006904616317246032,0.004275419994084447,0.00024590714045813266,0.9136892123072374,3,0.9450490159767436,0.8952577642828982,0.003619474002763423,0.9088474066547527,0.012624699696898278
freeze_decoder,TCFTransformer.decoder_level2.mhca_blks.0.transformer_layers.2.norm1,14,decoder_level2,True,0.9550018813770976,0.003242378109551433,0.8704057319143902,0.00834226747515763,0.00475411259869382,0.0003003234738148476,0.9058927703993168,3,0.9420612407447052,0.8924815906087564,0.0037053272327459063,0.905107204374393,0.01294064063239242
freeze_decoder,TCFTransformer.decoder_level2.mhca_blks.0.transformer_layers.3.norm1,15,decoder_level2,True,0.9401582439134475,0.0056279253679247,0.842995244282433,0.01415372297577409,0.005804424752363473,0.0005439136488999495,0.8805735534372449,3,0.8280017866324793,0.7392659100431663,0.008277552664506659,0.747390803416184,0.11215645728096824
freeze_decoder,TCFTransformer.decoder_level1.mhca_blks.0.transformer_layers.0.norm1,16,decoder_level1,True,0.9425979968442707,0.007187915879040084,0.848627633752986,0.017482009587820053,0.005599947357805872,0.000673833130925291,0.8851147797486529,3,0.8762095300565099,0.7913566452379421,0.006888277678657273,0.8081710552563381,0.06638846678776078
freeze_decoder,TCFTransformer.decoder_level1.mhca_blks.0.transformer_layers.1.norm1,17,decoder_level1,True,0.9689885073851402,0.0036163483438193655,0.9204403344586364,0.008899875693142713,0.00294888031697671,0.00033778963320683166,0.9387762104826735,3,0.9144430979659667,0.8603439124578086,0.0044779632720150335,0.8703619492263082,0.05454540941917352
freeze_decoder,TCFTransformer.decoder_level1.mhca_blks.0.transformer_layers.2.norm1,18,decoder_level1,True,0.9714858564522192,0.0036163933429006734,0.9238204410035386,0.009464025898150452,0.002819300305410038,0.0003569659108158906,0.9425179313296072,3,0.9230063595348952,0.8726046831027061,0.004119441979265301,0.8823933273736073,0.048479496917324005
freeze_decoder,TCFTransformer.decoder_level1.mhca_blks.0.transformer_layers.3.norm1,19,decoder_level1,True,0.972488841792924,0.002948439994155664,0.92991112308115,0.007180113494007862,0.002636945330593939,0.00027489910873126265,0.9454998116989453,3,0.911512308686207,0.8579273496529982,0.004442089359956424,0.8678508398031709,0.060976533106717024
freeze_decoder,TCFTransformer.mag_refinement.mhca_blks.0.transformer_layers.0.norm1,20,mag_refinement,False,0.9505870093219514,0.006422254291363901,0.8720284738168762,0.016792171850698475,0.004704048053965468,0.000651783561787439,0.9023479478524875,3,0.8927962645633608,0.8218840284530934,0.005743327544470434,0.8361266370060983,0.057790744758590584
freeze_decoder,TCFTransformer.mag_refinement.mhca_blks.0.transformer_layers.1.norm1,21,mag_refinement,False,0.9571075232912842,0.004824735239025617,0.8885648828490161,0.013150499828370252,0.004149330754677355,0.0005006866312748914,0.914570244196895,3,0.9202035780266945,0.8652402736361221,0.004385211530790493,0.8768593721014912,0.03690394526458973
freeze_decoder,TCFTransformer.mag_refinement.mhca_blks.0.transformer_layers.2.norm1,22,mag_refinement,False,0.9559419075159777,0.004158860148384973,0.8780555006887161,0.010927348067717111,0.0044309542631446935,0.00040889799836319764,0.9102720562255339,3,0.9187619614540641,0.86143590182066,0.004462194887054719,0.8745751042269795,0.03717994606191366
freeze_decoder,TCFTransformer.mag_refinement.mhca_blks.0.transformer_layers.3.norm1,23,mag_refinement,False,0.9399948399222091,0.008404887475511299,0.8410802735859514,0.020604307138811884,0.005761093253864085,0.0007463722027285478,0.8807915972697069,3,0.8959399306500316,0.8222422545689809,0.005768008222006229,0.8388594418382037,0.04405490927217748
freeze_encoder,TCFTransformer.encoder_level1.mhca_blks.0.transformer_layers.0.norm1,0,encoder_level1,True,0.9998789003313098,2.0021301296866576e-06,0.9996568067002496,5.861901467640467e-06,1.2012105251440279e-05,1.9444400665804884e-07,0.999754718898708,3,0.9996441561168329,0.9989786426531961,3.571116208831413e-05,0.9992746272381674,0.00023474421447688965
freeze_encoder,TCFTransformer.encoder_level1.mhca_blks.0.transformer_layers.1.norm1,1,encoder_level1,True,0.9989727008370336,1.4119579685294534e-05,0.9973253158167897,3.1782770202871446e-05,9.317640522851821e-05,1.1539462491540247e-06,0.9980150324317272,3,0.9980673506212795,0.9950208584314749,0.00017339574182222305,0.9962864148243951,0.0009053502157541082
freeze_encoder,TCFTransformer.encoder_level1.mhca_blks.0.transformer_layers.2.norm1,2,encoder_level1,True,0.9976828538414164,4.774277590078153e-05,0.9940261844641126,0.00010705381311897448,0.00020362131095350946,3.6996198415897014e-06,0.9955895097685428,3,0.9967111155932024,0.9916349797218272,0.00028411628428094427,0.9937924492510318,0.0009717382482140602
freeze_encoder,TCFTransformer.encoder_level1.mhca_blks.0.transformer_layers.3.norm1,3,encoder_level1,True,0.9975048698304471,4.130551926916687e-05,0.9935008757542337,9.828729682772926e-05,0.00022109692915399634,3.3432277430849273e-06,0.9952299284540319,3,0.9958720611131345,0.9894220018081191,0.00035650970761826495,0.9922060657335223,0.0016328087173125283
freeze_encoder,TCFTransformer.encoder_level2.mhca_blks.0.transformer_layers.0.norm1,4,encoder_level2,True,0.9987183420360087,8.764534548031548e-05,0.9964783063046952,0.00024336026985659378,0.00011861949699456564,8.147328127027966e-06,0.9974924757973941,3,0.995180538331087,0.9870707079691776,0.0004379909881976958,0.9906629794995596,0.003537803704921738
freeze_encoder,TCFTransformer.encoder_level2.mhca_blks.0.transformer_layers.1.norm1,5,encoder_level2,True,0.9950280478220974,0.0005416145855516498,0.9880314811885867,0.0012679349725809432,0.0004301441343578208,4.524465063531119e-05,0.990637707379913,3,0.9717224143426387,0.9283824942814985,0.0025427335180273083,0.9456604269723817,0.023305633479458687
freeze_encoder,TCFTransformer.encoder_level2.mhca_blks.0.transformer_layers.2.norm1,6,encoder_level2,True,0.9916531195521271,0.0009921633430241255,0.9805199325696018,0.0022236727811060122,0.0007069308852056582,8.06734353087187e-05,0.9844577111516122,3,0.9629445987341241,0.9101645405781573,0.0031841696834994195,0.9304141298844196,0.028708520818003014
freeze_encoder,TCFTransformer.encoder_level2.mhca_blks.0.transformer_layers.3.norm1,7,encoder_level2,True,0.979839620696556,0.0020602478528827265,0.9547986151163403,0.0046541687578821435,0.0016999506648296204,0.00018204921867220878,0.9626089435619315,3,0.9383369219876255,0.8571709878628068,0.005026002130581657,0.8871630914604608,0.04150269870893042
freeze_encoder,TCFTransformer.latent.mhca_blks.0.transformer_layers.0.norm1,8,latent,False,0.9875622444415194,0.0003801910184638068,0.9676228780267583,0.0010952835191416078,0.0011542734884259526,3.914174727580638e-05,0.9757101993596843,3,0.9745510474038432,0.9382130747575032,0.002117603268479561,0.9528952497492451,0.01301119703767617
freeze_encoder,TCFTransformer.latent.mhca_blks.0.transformer_layers.1.norm1,9,latent,False,0.9849198546232998,0.0007892556639676683,0.9599006456340483,0.0018004219023452978,0.0014297549192296437,6.686563577549844e-05,0.9702177784041955,3,0.968157039843818,0.9241797241339322,0.002648446198818419,0.9411281694374005,0.016762814779481827
freeze_encoder,TCFTransformer.latent.mhca_blks.0.transformer_layers.2.norm1,10,latent,False,0.9775164300884701,0.002181563852714585,0.9432587136519258,0.004885964501243097,0.002030450635307024,0.00017151616146590844,0.9567154887311055,3,0.9578788882277463,0.9021130236448371,0.0034091545878144904,0.9231467814489496,0.01963754186072386
freeze_encoder,TCFTransformer.latent.mhca_blks.0.transformer_layers.3.norm1,11,latent,False,0.9537034617489645,0.004045018546911964,0.9071329620149399,0.009230480475604897,0.0034525218754740995,0.0003333279019058536,0.9190321652758476,3,0.9479067936243545,0.891583794546434,0.003733110705910694,0.9102142603620241,0.005796668124609994
freeze_encoder,TCFTransformer.decoder_level2.mhca_blks.0.transformer_layers.0.norm1,12,decoder_level2,False,0.9472472121810643,0.005487107375025794,0.8761449134604545,0.015002388095605234,0.004652156582760488,0.0005569461826876882,0.8999287133769633,3,0.9325941821713096,0.8659616660078363,0.004666986450859433,0.885729086332823,0.014653030009754708
freeze_encoder,TCFTransformer.decoder_level2.mhca_blks.0.transformer_layers.1.norm1,13,decoder_level2,False,0.9647617245221412,0.0017609718415288057,0.918735675669124,0.006298382648490486,0.003064638896795504,0.00021301838405561228,0.9336386399827474,3,0.9450490159767436,0.8952577642828982,0.003619474002763423,0.9088474066547527,0.019712708545397528
freeze_encoder,TCFTransformer.decoder_level2.mhca_blks.0.transformer_layers.2.norm1,14,decoder_level2,False,0.9504181720178434,0.001918774042251029,0.8898126296609892,0.00375984449064392,0.004130589788538026,0.000142756360819877,0.9085875142896476,3,0.9420612407447052,0.8924815906087564,0.0037053272327459063,0.905107204374393,0.00835693127313819
freeze_encoder,TCFTransformer.decoder_level2.mhca_blks.0.transformer_layers.3.norm1,15,decoder_level2,False,0.9433611602009276,0.002884333534923997,0.8742180048655243,0.003201593030002384,0.004668813540273359,0.00013899910955435417,0.8960604856799015,3,0.8280017866324793,0.7392659100431663,0.008277552664506659,0.747390803416184,0.11535937356844839
freeze_encoder,TCFTransformer.decoder_level1.mhca_blks.0.transformer_layers.0.norm1,16,decoder_level1,False,0.9439008996735442,0.005932173877973666,0.8596178077377825,0.014817474048024134,0.005195230874621595,0.0005199975934250065,0.8907867917131568,3,0.8762095300565099,0.7913566452379421,0.006888277678657273,0.8081710552563381,0.06769136961703426
freeze_encoder,TCFTransformer.decoder_level1.mhca_blks.0.transformer_layers.1.norm1,17,decoder_level1,False,0.9615248361890049,0.0019777841657901175,0.9051627966277626,0.0039497348276545515,0.0035175316112639656,0.00013805152349295844,0.9256078876257279,3,0.9144430979659667,0.8603439124578086,0.0044779632720150335,0.8703619492263082,0.04708173822303818
freeze_encoder,TCFTransformer.decoder_level1.mhca_blks.0.transformer_layers.2.norm1,18,decoder_level1,False,0.968841728574445,0.0027050224457276393,0.9223543471709278,0.003974936800546508,0.00291496030284708,0.00015594917970536426,0.9390654254125361,3,0.9230063595348952,0.8726046831027061,0.004119441979265301,0.8823933273736073,0.04583536903954977
freeze_encoder,TCFTransformer.decoder_level1.mhca_blks.0.transformer_layers.3.norm1,19,decoder_level1,False,0.9600626428658806,0.003750488229121548,0.9037675842260703,0.005703032786689936,0.0036426824243167076,0.00021944865431988676,0.922955774999095,3,0.911512308686207,0.8579273496529982,0.004442089359956424,0.8678508398031709,0.04855033417967358
freeze_encoder,TCFTransformer.mag_refinement.mhca_blks.0.transformer_layers.0.norm1,20,mag_refinement,False,0.9536504252533033,0.007998762042382701,0.8870726761807738,0.019204291076760766,0.004254551627663518,0.0007274265118609898,0.9102643166518135,3,0.8927962645633608,0.8218840284530934,0.005743327544470434,0.8361266370060983,0.06085416068994254
freeze_encoder,TCFTransformer.mag_refinement.mhca_blks.0.transformer_layers.1.norm1,21,mag_refinement,False,0.9618160271031141,0.0054051074182386765,0.908200706457481,0.01269909132620005,0.003455875776447102,0.00046864111554523224,0.9266099663141625,3,0.9202035780266945,0.8652402736361221,0.004385211530790493,0.8768593721014912,0.04161244907641959
freeze_encoder,TCFTransformer.mag_refinement.mhca_blks.0.transformer_layers.2.norm1,22,mag_refinement,False,0.952839843438901,0.008305657227949906,0.8858623956716974,0.019800074689986936,0.004233083033848359,0.0007242052597034598,0.9096723547843494,3,0.9187619614540641,0.86143590182066,0.004462194887054719,0.8745751042269795,0.034077881984836966
freeze_encoder,TCFTransformer.mag_refinement.mhca_blks.0.transformer_layers.3.norm1,23,mag_refinement,False,0.9377657743892568,0.0075173466719436295,0.8465868436602447,0.018326668318445333,0.005691295827511075,0.0006530552494288506,0.8796524421153151,3,0.8959399306500316,0.8222422545689809,0.005768008222006229,0.8388594418382037,0.041825843739225155
full_ft,TCFTransformer.encoder_level1.mhca_blks.0.transformer_layers.0.norm1,0,encoder_level1,False,0.9998310708061412,3.5611290161738572e-06,0.9995205575380576,9.709006791702984e-06,1.7013815923424708e-05,3.563088675106174e-07,0.9996552850709249,3,0.9996441561168329,0.9989786426531961,3.571116208831413e-05,0.9992746272381674,0.00018691468930831512
full_ft,TCFTransformer.encoder_level1.mhca_blks.0.transformer_layers.1.norm1,1,encoder_level1,False,0.9987639722877587,3.6687208197868196e-05,0.9969053190029583,8.546765188411914e-05,0.0001094992160237296,3.1553060740607067e-06,0.9976423743225841,3,0.9980673506212795,0.9950208584314749,0.00017339574182222305,0.9962864148243951,0.0006966216664792135
full_ft,TCFTransformer.encoder_level1.mhca_blks.0.transformer_layers.2.norm1,2,encoder_level1,False,0.9958963112386628,1.3357869691457601e-05,0.9903904465172028,6.876833930941925e-06,0.0003385582558479648,6.330944504851622e-07,0.9924455909372621,3,0.9967111155932024,0.9916349797218272,0.00028411628428094427,0.9937924492510318,-0.0008148043545395112
full_ft,TCFTransformer.encoder_level1.mhca_blks.0.transformer_layers.3.norm1,3,encoder_level1,False,0.995202887693574,6.78005221034776e-05,0.9885318172079883,0.00022112958135015376,0.00040254059682781547,7.094933779014967e-06,0.9910928076611466,3,0.9958720611131345,0.9894220018081191,0.00035650970761826495,0.9922060657335223,-0.0006691734195605203
full_ft,TCFTransformer.encoder_level2.mhca_blks.0.transformer_layers.0.norm1,4,encoder_level2,False,0.9949738694729543,0.0001789551916993007,0.9874610051538184,0.0004646870367369237,0.0004279207615849365,1.5058313851760003e-05,0.9905850624128987,3,0.995180538331087,0.9870707079691776,0.0004379909881976958,0.9906629794995596,-0.00020666885813269698
full_ft,TCFTransformer.encoder_level2.mhca_blks.0.transformer_layers.1.norm1,5,encoder_level2,False,0.9743269107505635,0.0013535326398971166,0.939001721525803,0.003061468844418321,0.002284616178522176,0.00011544882676968978,0.9510673987440538,3,0.9717224143426387,0.9283824942814985,0.0025427335180273083,0.9456604269723817,0.0026044964079248167
full_ft,TCFTransformer.encoder_level2.mhca_blks.0.transformer_layers.2.norm1,6,encoder_level2,False,0.9626015648383782,0.0011758233100927818,0.9153696913953521,0.0019608258022563046,0.003280573397608915,7.984307333144869e-05,0.9293609240767852,3,0.9629445987341241,0.9101645405781573,0.0031841696834994195,0.9304141298844196,-0.00034303389574585896
full_ft,TCFTransformer.encoder_level2.mhca_blks.0.transformer_layers.3.norm1,7,encoder_level2,False,0.9522256500887393,0.002417874583115441,0.9131584918855603,0.004654839609192421,0.0034851916991478463,0.00019557148137524047,0.917599229327981,3,0.9383369219876255,0.8571709878628068,0.005026002130581657,0.8871630914604608,0.013888728101113745
full_ft,TCFTransformer.latent.mhca_blks.0.transformer_layers.0.norm1,8,latent,False,0.9767819243501817,0.0020567867547301656,0.945357860377711,0.004700688789063911,0.0020718488837448462,0.00017393487072816987,0.9557127595108482,3,0.9745510474038432,0.9382130747575032,0.002117603268479561,0.9528952497492451,0.0022308769463385003
full_ft,TCFTransformer.latent.mhca_blks.0.transformer_layers.1.norm1,9,latent,False,0.9802610895052508,0.0008348746896293265,0.9520531592053222,0.001591616579646947,0.0017888541114915906,6.367121442529284e-05,0.9620165916723945,3,0.968157039843818,0.9241797241339322,0.002648446198818419,0.9411281694374005,0.012104049661432859
full_ft,TCFTransformer.latent.mhca_blks.0.transformer_layers.2.norm1,10,latent,False,0.9749767762630582,0.0016889849841449504,0.9367004481187231,0.0039495870694201355,0.002290129495448586,0.0001431074963221021,0.951521535358194,3,0.9578788882277463,0.9021130236448371,0.0034091545878144904,0.9231467814489496,0.01709788803531198
full_ft,TCFTransformer.latent.mhca_blks.0.transformer_layers.3.norm1,11,latent,False,0.974123430670454,0.0013030250908227933,0.9305749358427834,0.004833603758377806,0.0024000423717937484,0.00016235645795464955,0.9493869142380302,3,0.9479067936243545,0.891583794546434,0.003733110705910694,0.9102142603620241,0.026216637046099556
full_ft,TCFTransformer.decoder_level2.mhca_blks.0.transformer_layers.0.norm1,12,decoder_level2,False,0.9482821533988175,0.005189532518884755,0.8791565176921013,0.010380735927038255,0.004484628301568358,0.00039451542973401076,0.9026552800430404,3,0.9325941821713096,0.8659616660078363,0.004666986450859433,0.885729086332823,0.01568797122750787
full_ft,TCFTransformer.decoder_level2.mhca_blks.0.transformer_layers.1.norm1,13,decoder_level2,False,0.9686636359325246,0.003145404884318259,0.9267388351911149,0.006432748873354116,0.002710868821442379,0.000250477548924272,0.9410785232142146,3,0.9450490159767436,0.8952577642828982,0.003619474002763423,0.9088474066547527,0.023614619955780958
full_ft,TCFTransformer.decoder_level2.mhca_blks.0.transformer_layers.2.norm1,14,decoder_level2,False,0.9680896329847921,0.000905866681688426,0.9293217070031373,0.0012060820975709802,0.002640873857123118,5.3302899704084006e-05,0.9413418472513547,3,0.9420612407447052,0.8924815906087564,0.0037053272327459063,0.905107204374393,0.026028392240086906
full_ft,TCFTransformer.decoder_level2.mhca_blks.0.transformer_layers.3.norm1,15,decoder_level2,False,0.9557482867575439,0.007271899061806092,0.8964785289254964,0.013469879250220819,0.0038900936065934364,0.0005755525881906442,0.9161842065012218,3,0.8280017866324793,0.7392659100431663,0.008277552664506659,0.747390803416184,0.1277465001250646
full_ft,TCFTransformer.decoder_level1.mhca_blks.0.transformer_layers.0.norm1,16,decoder_level1,False,0.9426747358088351,0.009539682682100939,0.8545047842921359,0.019719771703027574,0.005461663332871798,0.0007994847051158977,0.8868008820978622,3,0.8762095300565099,0.7913566452379421,0.006888277678657273,0.8081710552563381,0.06646520575232517
full_ft,TCFTransformer.decoder_level1.mhca_blks.0.transformer_layers.1.norm1,17,decoder_level1,False,0.948597864954178,0.008279906089274864,0.871420330502029,0.016878423527093636,0.0048524804188744795,0.0006737124936306878,0.8990161815940398,3,0.9144430979659667,0.8603439124578086,0.0044779632720150335,0.8703619492263082,0.034154766988211294
full_ft,TCFTransformer.decoder_level1.mhca_blks.0.transformer_layers.2.norm1,18,decoder_level1,False,0.9555132125696947,0.006385373264879101,0.8862967125498334,0.014412588154756423,0.004270560973326772,0.0005575786770251144,0.9118026970877627,3,0.9230063595348952,0.8726046831027061,0.004119441979265301,0.8823933273736073,0.0325068530347995
full_ft,TCFTransformer.decoder_level1.mhca_blks.0.transformer_layers.3.norm1,19,decoder_level1,False,0.9542226279885679,0.002710476639233084,0.887270247987193,0.006667254053426895,0.004245703215664906,0.0002550487081797418,0.9108877676782209,3,0.911512308686207,0.8579273496529982,0.004442089359956424,0.8678508398031709,0.04271031930236091
full_ft,TCFTransformer.mag_refinement.mhca_blks.0.transformer_layers.0.norm1,20,mag_refinement,False,0.9639066206135304,0.0011390110636218308,0.9089556880537257,0.0025091651252626282,0.0034253209178365285,9.072793908467687e-05,0.9288812640629275,3,0.8927962645633608,0.8218840284530934,0.005743327544470434,0.8361266370060983,0.07111035605016958
full_ft,TCFTransformer.mag_refinement.mhca_blks.0.transformer_layers.1.norm1,21,mag_refinement,False,0.9691346646422931,0.0056253589934407424,0.9233556229079897,0.011915668230647752,0.0028944034338042046,0.0004699971979493644,0.9395751092048661,3,0.9202035780266945,0.8652402736361221,0.004385211530790493,0.8768593721014912,0.04893108661559864
full_ft,TCFTransformer.mag_refinement.mhca_blks.0.transformer_layers.2.norm1,22,mag_refinement,False,0.9681997454022603,0.0031249741449617496,0.9166895225402132,0.005694609570646023,0.0030690181973064908,0.00024505573751650044,0.9367063775251059,3,0.9187619614540641,0.86143590182066,0.004462194887054719,0.8745751042269795,0.0494377839481962
full_ft,TCFTransformer.mag_refinement.mhca_blks.0.transformer_layers.3.norm1,23,mag_refinement,False,0.9593047395268418,0.0031975986024604074,0.8904001994481963,0.00589405155603816,0.00403667004614286,0.00027422379405400715,0.9178040335452161,3,0.8959399306500316,0.8222422545689809,0.005768008222006229,0.8388594418382037,0.06336480887681017
