depth,beta_s0,beta_s1,beta_s2,beta_mean,beta_sd,cka_min,cka_mean
0,3.9447449851662e-05,0.00017853399928014475,0.00016053791044389973,0.00012617311985856883,7.564371211119058e-05,0.9406131505966187,0.9980385040370495
1,6.625033806917276e-05,0.0001881792536290749,0.00018079525064506165,0.00014507494744776976,6.836388050559507e-05,0.9177385568618774,0.997709552847847
2,7.52455579911491e-05,0.00024141910669063066,0.00019190305943191175,0.00016952257470456383,8.531750491146604e-05,0.9186669588088989,0.9972842597316403
3,0.00010777563947507439,0.0002326846233362456,0.00020494121600574323,0.0001818004929390211,6.559103109683235e-05,0.9075649380683899,0.9970774291833185
4,1.6175439709629717e-05,4.901855689755665e-05,4.909861324617625e-05,3.8097536617787537e-05,1.8985135024348275e-05,0.9693226218223572,0.9991867014120717
5,2.774377925719231e-05,4.769087383437843e-05,5.587589209047788e-05,4.377018172734955e-05,1.4470066104367548e-05,0.9663858413696289,0.9990346758567371
6,4.165411376822737e-05,8.305651377040973e-05,8.389811286493088e-05,6.953624680118933e-05,2.415030184303741e-05,0.9069474339485168,0.9985087834669699
7,4.5291516185222364e-05,8.245782290212046e-05,0.0001210524676694988,8.293393558561386e-05,3.788271974022271e-05,0.8955724239349365,0.9982227873178569
8,5.744184915202692e-05,9.573404611778075e-05,8.214680676901028e-05,7.844090067960599e-05,1.941322724519637e-05,0.9368264079093933,0.9977187549597896
9,0.00010892720295122335,0.00026826443666254715,0.00012172970101039188,0.00016630711354138745,8.85293611897385e-05,0.6978470683097839,0.9952923438635657
10,0.00011589556553380055,0.00035894335444137986,0.00016944029528978915,0.00021475973842165653,0.00012770452563457856,0.7652049660682678,0.9938426183875833
11,0.00014436157312593703,0.0005737094860716241,0.00022795282751409893,0.00031534129557055335,0.00022762351778681566,0.6227949261665344,0.9910474984115993
12,7.846972718874251e-05,0.0001401878822400619,7.568887132986464e-05,9.811549358622302e-05,3.646227783760523e-05,0.9624249935150146,0.9982265050431314
13,0.0001620025310852839,0.0002584214223399634,0.00013963827480424794,0.00018668740940983174,6.312183812315818e-05,0.8645053505897522,0.9964701919402195
14,0.0002848176005040052,0.00041421792093150313,0.00017514559027632972,0.000291393703903946,0.00011967175386518398,0.7785778045654297,0.9942853373177135
15,0.0002825286123900625,0.0005556624324790064,0.0001646608581224142,0.0003342839676638277,0.000200572980201643,0.702436089515686,0.9932936671482321
16,4.882333643996191e-05,0.0005914587019323539,0.00044654457427918307,0.0003622755375504996,0.00028096127470551987,0.9225105047225952,0.9942741159201186
17,0.00014761412956238555,0.000710327136920254,0.0004246228645302281,0.0004275213770042892,0.0002813677010485671,0.7755207419395447,0.9930520513165165
18,0.00017201720792654976,0.0007943793397159612,0.0004215664258118904,0.00046265432448480047,0.00031320890366396304,0.5112273693084717,0.992149836009158
19,0.00012942870934745906,0.0010424271755820078,0.00042836769935924876,0.0005334078614295718,0.0004654746250575636,0.3980075716972351,0.9902615563761525
20,8.047472143814413e-05,0.0007635673565173107,4.659552519424797e-05,0.00029687920104990096,0.0004045186347063792,0.7308397889137268,0.9946922219598695
21,6.566418355572597e-05,0.0009619233667329283,5.438527066189546e-05,0.0003606576069835166,0.0005207419599516584,0.7748356461524963,0.9935927575211968
22,6.50615877222473e-05,0.0010271591637461828,5.65727370451813e-05,0.0003829311628378705,0.0005579339593645423,0.6561239361763,0.9930510063226291
23,8.380093351639497e-05,0.0010500293108103111,6.173212383518004e-05,0.0003985207893872954,0.0005643308189398215,0.6282162070274353,0.9927640462559894
