model_name,layer,alpha,beta,r2,alpha_ci_lo,alpha_ci_hi,beta_ci_lo,beta_ci_hi,n_boot,seed
MP-SENet,TSTransformer.0.freq_transformer.attention,0.8338677760260115,0.00590010845952415,0.9817634593516275,0.8272719794677532,0.8404879428249639,0.005653565805800856,0.006115682762892428,1000,0
MP-SENet,TSTransformer.0.freq_transformer.ffn,0.9174717962651238,0.0031157071886379977,0.9793220520869806,0.9136004157646838,0.921627660074806,0.0030474808081502737,0.003180801621753196,1000,0
MP-SENet,TSTransformer.0.freq_transformer.ffn.gru,0.7075459255068737,0.010067421105492268,0.9861266188661282,0.6949274854687804,0.7209473418751229,0.00983274479925388,0.010291610562829113,1000,0
MP-SENet,TSTransformer.0.freq_transformer.ffn.linear,0.9174717962651238,0.0031157071886379977,0.9793220520869806,0.9133347495354711,0.9216967658586283,0.0030533940127882866,0.0031813755489931124,1000,0
MP-SENet,TSTransformer.0.freq_transformer.norm1,0.6546463384225158,0.01141970585464515,0.9861049878775947,0.6414442122856051,0.6678694336546456,0.010955641357450944,0.011894906365492577,1000,0
MP-SENet,TSTransformer.0.freq_transformer.norm2,0.7767260048374303,0.007947706535870317,0.9773932696449923,0.7647555805294183,0.7868890845776837,0.007665547104028347,0.008195485588429825,1000,0
MP-SENet,TSTransformer.0.freq_transformer.norm3,0.4785160970425312,0.019876144073413114,0.9805070199488398,0.45165972402553944,0.5066532478050034,0.019459531835313248,0.020287480816469642,1000,0
MP-SENet,TSTransformer.0.time_transformer.attention,0.9977829120314762,8.91009278998447e-05,0.9732885664111933,0.997592499916365,0.9979618050589975,8.371426921291758e-05,9.394831595899568e-05,1000,0
MP-SENet,TSTransformer.0.time_transformer.ffn,0.9628715877340025,0.0012542415580944894,0.9836608343417509,0.9612603417940573,0.9642995280869626,0.001212749802614277,0.001300021476907709,1000,0
MP-SENet,TSTransformer.0.time_transformer.ffn.gru,0.9117516933450399,0.0029518831263328194,0.983202951615607,0.9088896673920437,0.914264200960159,0.0028291628263230084,0.0030676090380875117,1000,0
MP-SENet,TSTransformer.0.time_transformer.ffn.linear,0.9628715877340025,0.0012542415580944894,0.9836608343417509,0.9612539584762222,0.9643562389373108,0.0012119856793502868,0.0012957002976491019,1000,0
MP-SENet,TSTransformer.0.time_transformer.norm1,0.9349346673419943,0.0014725867179291292,0.9930043977832261,0.9292803622611852,0.9410489918648083,0.0013089632157983328,0.0016360333863417985,1000,0
MP-SENet,TSTransformer.0.time_transformer.norm2,0.9822846413650729,0.0004100237210150678,0.9918905968556879,0.9801855463979224,0.9846424329933148,0.00035794163795217884,0.00045563808396326144,1000,0
MP-SENet,TSTransformer.0.time_transformer.norm3,0.8358489212817601,0.005678954910096255,0.9811886617077604,0.8276639492372384,0.8434341620829385,0.005479793460813717,0.0058777002965914,1000,0
MP-SENet,TSTransformer.1.freq_transformer.attention,0.5748444793566032,0.014487744120160188,0.9572622308423372,0.5455873926299392,0.6014120317607977,0.01355143112383777,0.015381611784313787,1000,0
MP-SENet,TSTransformer.1.freq_transformer.ffn,0.9513194455542323,0.0019025474973400325,0.8948713251012442,0.9464847928302894,0.9564759858294205,0.0017605597640721496,0.0020362910709072666,1000,0
MP-SENet,TSTransformer.1.freq_transformer.ffn.gru,0.7480061493697938,0.009563058729959275,0.941788491788954,0.7303895102937966,0.7677407330003164,0.00917427782185917,0.010004397392470884,1000,0
MP-SENet,TSTransformer.1.freq_transformer.ffn.linear,0.9513194455542323,0.0019025474973400325,0.8948713251012442,0.9467585716816002,0.9568336065221653,0.0017508136228467745,0.0020262734872218205,1000,0
MP-SENet,TSTransformer.1.freq_transformer.norm1,0.42867582562727036,0.01895146142750593,0.9883583299664327,0.40790588930373484,0.452940184299196,0.0183816642054719,0.019559352627537448,1000,0
MP-SENet,TSTransformer.1.freq_transformer.norm2,0.4409505073201108,0.02051759597221281,0.9788262102452474,0.41680015441798945,0.4691061647750449,0.01996970976977197,0.021096602695260883,1000,0
MP-SENet,TSTransformer.1.freq_transformer.norm3,0.6740962121144828,0.01214282837561936,0.9054729804871465,0.6454557951422271,0.7046237986819032,0.011441786922110229,0.012913991429204994,1000,0
MP-SENet,TSTransformer.1.time_transformer.attention,0.7367324126434631,0.010727230210759829,0.9535699656562582,0.7202992285136601,0.7542895740553661,0.010208505553451638,0.011274479614701299,1000,0
MP-SENet,TSTransformer.1.time_transformer.ffn,0.946843287955096,0.0019059842770564955,0.9670340909607148,0.9437900208444865,0.9501954091831712,0.0018144250741888395,0.001984343164617427,1000,0
MP-SENet,TSTransformer.1.time_transformer.ffn.gru,0.7732623336468859,0.007500252310982708,0.9777537922987903,0.7645310467182777,0.7822230003495875,0.007238354285847685,0.007766886969016569,1000,0
MP-SENet,TSTransformer.1.time_transformer.ffn.linear,0.946843287955096,0.0019059842770564955,0.9670340909607148,0.944060641205946,0.9501292999430533,0.0018135674531954762,0.0019814121912273613,1000,0
MP-SENet,TSTransformer.1.time_transformer.norm1,0.5784959084966116,0.013887072180027287,0.9894152226235561,0.5594384753249372,0.598809251464734,0.013333586920443058,0.01436297256817608,1000,0
MP-SENet,TSTransformer.1.time_transformer.norm2,0.6733411208448551,0.011775155506164047,0.9837503021935261,0.6586518730466341,0.6886496988769852,0.011500914385932757,0.012050565606364475,1000,0
MP-SENet,TSTransformer.1.time_transformer.norm3,0.709582125693862,0.00974483166498473,0.9777521175081826,0.6939540412141775,0.7273397562844756,0.00934594453196699,0.01015524561659287,1000,0
MP-SENet,TSTransformer.2.freq_transformer.attention,0.5082110243916726,0.01294283852383382,0.9773742317924519,0.4801081152814994,0.5390791772137271,0.011512326877867449,0.014347950115648262,1000,0
MP-SENet,TSTransformer.2.freq_transformer.ffn,0.8546254007979814,0.004971610358821325,0.9504039406651167,0.8416744618537356,0.8693580646378863,0.004598750559110936,0.005269212870654793,1000,0
MP-SENet,TSTransformer.2.freq_transformer.ffn.gru,0.5284483903324458,0.015423223737928935,0.9776476484063514,0.5011345175127188,0.5598244934980081,0.014756801977592262,0.016150890171210096,1000,0
MP-SENet,TSTransformer.2.freq_transformer.ffn.linear,0.8546254007979814,0.004971610358821325,0.9504039406651167,0.8418899797909477,0.8684182389234659,0.004632255231156565,0.005283218995525218,1000,0
MP-SENet,TSTransformer.2.freq_transformer.norm1,0.4930878314786088,0.017667930826423924,0.9800585091503405,0.47180533559523335,0.5183805195678478,0.01698402365843652,0.01834628297546559,1000,0
MP-SENet,TSTransformer.2.freq_transformer.norm2,0.32530319144496533,0.023143222072343265,0.9791639273016274,0.2973205375521925,0.35781822724639656,0.021799552354257887,0.02438066486023607,1000,0
MP-SENet,TSTransformer.2.freq_transformer.norm3,0.33005898918902477,0.01909870651490476,0.9905475772991138,0.29732814708208666,0.36941891046561726,0.017946745305904767,0.020199155331115715,1000,0
MP-SENet,TSTransformer.2.time_transformer.attention,0.6445486585329515,0.013079062709714989,0.8933995949744814,0.6106634772709083,0.679024042957176,0.012012876770737825,0.014249727442467122,1000,0
MP-SENet,TSTransformer.2.time_transformer.ffn,0.9245474080882743,0.00308865756085775,0.9213193333602644,0.9190624217325056,0.9303745142820894,0.002903404517370533,0.003269522434291474,1000,0
MP-SENet,TSTransformer.2.time_transformer.ffn.gru,0.8135680080332944,0.007344541334742135,0.9172714168191725,0.8008955029380638,0.8266454529429091,0.006983993284135584,0.007749177905750874,1000,0
MP-SENet,TSTransformer.2.time_transformer.ffn.linear,0.9245474080882743,0.00308865756085775,0.9213193333602644,0.9191734991094052,0.9304146304832482,0.0029240022481877392,0.0032822677186169383,1000,0
MP-SENet,TSTransformer.2.time_transformer.norm1,0.6240833331736906,0.012198153462336067,0.9800215021454126,0.6048945030782827,0.6424227015697207,0.011817772470310503,0.012585399373698099,1000,0
MP-SENet,TSTransformer.2.time_transformer.norm2,0.5988362388768612,0.014198728038307507,0.9707391217236611,0.575611399593569,0.6236941450575737,0.013782261532937129,0.014681830854543332,1000,0
MP-SENet,TSTransformer.2.time_transformer.norm3,0.6548815277260317,0.013875045068987294,0.9339227316931002,0.6329175344396814,0.6825314427249073,0.013230707451604993,0.01462661433319152,1000,0
MP-SENet,TSTransformer.3.freq_transformer.attention,0.48696247687988403,0.016266147727892952,0.9761983708316918,0.4523708872487322,0.5262169851603153,0.015471681862400036,0.017005572064210255,1000,0
MP-SENet,TSTransformer.3.freq_transformer.ffn,0.5504628130958039,0.018927527460082125,0.9673897524536523,0.5258896393539562,0.5835514761037116,0.017971052532378903,0.019799208260652436,1000,0
MP-SENet,TSTransformer.3.freq_transformer.ffn.gru,0.6341223465424412,0.01528365560691531,0.935676129574883,0.6052742667351952,0.6718695761863145,0.013998467327742698,0.016210834177290204,1000,0
MP-SENet,TSTransformer.3.freq_transformer.ffn.linear,0.5504628130958039,0.018927527460082125,0.9673897524536523,0.5249346099180291,0.583726224746943,0.018041501316896105,0.019819662325665864,1000,0
MP-SENet,TSTransformer.3.freq_transformer.norm1,0.3466971730251492,0.022304878989984747,0.9794342911113024,0.3110889915539669,0.3912784128222796,0.02143068212154011,0.023255779295574392,1000,0
MP-SENet,TSTransformer.3.freq_transformer.norm2,0.28047916682993107,0.027024992230987883,0.9642726957132125,0.23124896426556324,0.33484370443503697,0.02604430331775619,0.028069264943703858,1000,0
MP-SENet,TSTransformer.3.freq_transformer.norm3,0.7120123535588626,0.0117191098304997,0.9491739080464976,0.6931396479268198,0.7373483968693354,0.010736480140150589,0.012586341476717123,1000,0
MP-SENet,TSTransformer.3.time_transformer.attention,0.6963893752419924,0.0075558930938149456,0.8656277173024278,0.6672688026042974,0.7285411311179929,0.007086032639250554,0.008060350128383019,1000,0
MP-SENet,TSTransformer.3.time_transformer.ffn,0.8082892027473608,0.008451959887668704,0.8827074225241238,0.7920442242490779,0.8291063787776016,0.007657088784650996,0.009067805706503566,1000,0
MP-SENet,TSTransformer.3.time_transformer.ffn.gru,0.6146476931442727,0.01523557026561234,0.9237789873879112,0.5845827448687275,0.6519631022132453,0.014200228542803072,0.016046831094057232,1000,0
MP-SENet,TSTransformer.3.time_transformer.ffn.linear,0.8082892027473608,0.008451959887668704,0.8827074225241238,0.7914952389131543,0.8310721837630811,0.007602460387415735,0.009083692151138597,1000,0
MP-SENet,TSTransformer.3.time_transformer.norm1,0.46546259260535017,0.017079927817012466,0.984999568382128,0.4395067729111667,0.49316510026668076,0.01646174380458235,0.017680115669721306,1000,0
MP-SENet,TSTransformer.3.time_transformer.norm2,0.4285949384217738,0.022721505891211746,0.9532460107087629,0.3931663910002528,0.46967139017997567,0.021700335973854942,0.023681892263003424,1000,0
MP-SENet,TSTransformer.3.time_transformer.norm3,0.5942760889325918,0.016790336702934307,0.9132380534109613,0.5689297295968763,0.626116630314147,0.015649313456148253,0.017832659533324847,1000,0
MUSE_reverbFT_e48,TCFTransformer.decoder_level1.mhca_blks.0.transformer_layers.0.ffn.project_out,0.3220447793024656,0.00944999349913131,0.9182239676963582,0.31328005473868525,0.33120755145172665,0.008380034871800822,0.011009853045129902,1000,0
MUSE_reverbFT_e48,TCFTransformer.decoder_level1.mhca_blks.0.transformer_layers.0.norm1,0.3146122896579009,0.017535203054488087,0.9702142493974851,0.29343873679388743,0.34127155904767165,0.016657600907036184,0.018469789352594235,1000,0
MUSE_reverbFT_e48,TCFTransformer.decoder_level1.mhca_blks.0.transformer_layers.0.norm2,0.28925348692090214,0.01753456369333131,0.9685618875083732,0.2664871684461252,0.313758028755441,0.016326835279818874,0.0186246311349038,1000,0
MUSE_reverbFT_e48,TCFTransformer.decoder_level1.mhca_blks.0.transformer_layers.1.ffn.project_out,0.5059183512493504,0.011198679819785774,0.9427639087845485,0.49107804610491435,0.5224886517247542,0.010479592924155231,0.012100568223685012,1000,0
MUSE_reverbFT_e48,TCFTransformer.decoder_level1.mhca_blks.0.transformer_layers.1.norm1,0.48157899542080246,0.012696158956693796,0.9753977458295265,0.46529802732242,0.5019968571273873,0.011983907315431934,0.013345492365835716,1000,0
MUSE_reverbFT_e48,TCFTransformer.decoder_level1.mhca_blks.0.transformer_layers.1.norm2,0.4196479428914068,0.011961687220870392,0.9668950537462948,0.4043178956651904,0.43926102485513413,0.011136532378112206,0.012701536842746958,1000,0
MUSE_reverbFT_e48,TCFTransformer.decoder_level1.mhca_blks.0.transformer_layers.2.ffn.project_out,0.15686011741058664,0.019093574695591184,0.9488422555138201,0.1397118784793421,0.17812555037528258,0.01777972790184647,0.0207677723037002,1000,0
MUSE_reverbFT_e48,TCFTransformer.decoder_level1.mhca_blks.0.transformer_layers.2.norm1,0.5392053318170104,0.010991510023296057,0.9824542013432676,0.5234840621698221,0.5588615227866036,0.01036839641222389,0.011472218835197176,1000,0
MUSE_reverbFT_e48,TCFTransformer.decoder_level1.mhca_blks.0.transformer_layers.2.norm2,0.42556181130633686,0.012669766253766824,0.9704647619552509,0.40973118455012314,0.4446316550633474,0.011816298273581494,0.013439325727659877,1000,0
MUSE_reverbFT_e48,TCFTransformer.decoder_level1.mhca_blks.0.transformer_layers.3.ffn.project_out,0.33062228002333816,0.004983255481439838,0.9588255508889088,0.3238122654057474,0.3374123038139915,0.004316657858919703,0.005918152741489882,1000,0
MUSE_reverbFT_e48,TCFTransformer.decoder_level1.mhca_blks.0.transformer_layers.3.norm1,0.4614465244100092,0.01149736961195834,0.9775907343068211,0.4465218650218002,0.4820894915516387,0.010797018342915224,0.012222206583085808,1000,0
MUSE_reverbFT_e48,TCFTransformer.decoder_level1.mhca_blks.0.transformer_layers.3.norm2,0.5515220328367384,0.010715232980228407,0.984557608426713,0.5370890552864243,0.5708810072143484,0.01022174801270159,0.011245140193068593,1000,0
MUSE_reverbFT_e48,TCFTransformer.decoder_level2.mhca_blks.0.transformer_layers.0.ffn.project_out,0.5597529451899447,0.013570789943255336,0.9845884642994254,0.5466921559128141,0.5742989133370179,0.01296311505239785,0.014207679576718318,1000,0
MUSE_reverbFT_e48,TCFTransformer.decoder_level2.mhca_blks.0.transformer_layers.0.norm1,0.4839723711576806,0.017539020764193235,0.9883810949380955,0.46063579832537155,0.5148532491763962,0.01697428185439018,0.018125719927456135,1000,0
MUSE_reverbFT_e48,TCFTransformer.decoder_level2.mhca_blks.0.transformer_layers.0.norm2,0.4453080394041683,0.018113360151681895,0.9869212881935294,0.42240288091939626,0.4752027098482639,0.01748881546188178,0.018712988123110588,1000,0
MUSE_reverbFT_e48,TCFTransformer.decoder_level2.mhca_blks.0.transformer_layers.1.ffn.project_out,0.3967748523921023,0.013938761326760312,0.9684400290796353,0.3821173899459568,0.41438266568148113,0.012442086344430413,0.015877707572962124,1000,0
MUSE_reverbFT_e48,TCFTransformer.decoder_level2.mhca_blks.0.transformer_layers.1.norm1,0.6127356238714471,0.012635923042530941,0.9895872413854367,0.5954579770905947,0.634406307016457,0.012093185855565168,0.013096433876801278,1000,0
MUSE_reverbFT_e48,TCFTransformer.decoder_level2.mhca_blks.0.transformer_layers.1.norm2,0.4572385383316781,0.01742085820212394,0.9857780898829896,0.4340173187261759,0.4852486764559657,0.016635332124320272,0.018127043040599845,1000,0
MUSE_reverbFT_e48,TCFTransformer.decoder_level2.mhca_blks.0.transformer_layers.2.ffn.project_out,0.22537642040320854,0.002985096763424784,0.39397531739008784,0.21536587615304606,0.23562786041359482,0.0017084425349040138,0.005020646069735995,1000,0
MUSE_reverbFT_e48,TCFTransformer.decoder_level2.mhca_blks.0.transformer_layers.2.norm1,0.6300089129736728,0.012226691575581611,0.9896598716920365,0.6120822634559019,0.6511124679530722,0.011622967773086412,0.012799341706709093,1000,0
MUSE_reverbFT_e48,TCFTransformer.decoder_level2.mhca_blks.0.transformer_layers.2.norm2,0.2535633620499904,0.01425372930551833,0.9216390320207752,0.2428530464434484,0.26659447899032035,0.01322474543811025,0.01568156298456544,1000,0
MUSE_reverbFT_e48,TCFTransformer.decoder_level2.mhca_blks.0.transformer_layers.3.ffn.project_out,0.17770857250443728,0.015513392468123664,0.9479096813694969,0.15977835868270732,0.20131041865469967,0.014204846843170678,0.016932731018341866,1000,0
MUSE_reverbFT_e48,TCFTransformer.decoder_level2.mhca_blks.0.transformer_layers.3.norm1,0.25520173133337304,0.014162219305521044,0.9206891214123625,0.241480807688071,0.2721447729125837,0.013008100819345713,0.015594879113490157,1000,0
MUSE_reverbFT_e48,TCFTransformer.decoder_level2.mhca_blks.0.transformer_layers.3.norm2,0.17260253092855943,0.011631456035759963,0.9396287525841928,0.1614757949611624,0.18662629783012077,0.010636871567092858,0.012770665873674874,1000,0
MUSE_reverbFT_e48,TCFTransformer.encoder_level1.mhca_blks.0.transformer_layers.0.ffn.project_out,0.8239612119288848,0.004729653220859411,0.9927823784387493,0.8160669934576237,0.8321511117130551,0.004431812500903279,0.005013654412372438,1000,0
MUSE_reverbFT_e48,TCFTransformer.encoder_level1.mhca_blks.0.transformer_layers.0.norm1,0.9959571513973013,7.560709500712646e-05,0.9917072448820031,0.9956438168806222,0.9962916974654145,5.991808522981909e-05,9.160427656392574e-05,1000,0
MUSE_reverbFT_e48,TCFTransformer.encoder_level1.mhca_blks.0.transformer_layers.0.norm2,0.995362831082223,0.00012236464672860846,0.9854263136957948,0.9950992566535198,0.9956521583923227,0.00010914651031832537,0.00013511827120044572,1000,0
MUSE_reverbFT_e48,TCFTransformer.encoder_level1.mhca_blks.0.transformer_layers.1.ffn.project_out,0.8915422140925593,0.002309673245168343,0.9964889874457794,0.8820921683802594,0.9004681847536193,0.0018962858946854602,0.0026958489569537474,1000,0
MUSE_reverbFT_e48,TCFTransformer.encoder_level1.mhca_blks.0.transformer_layers.1.norm1,0.9795991270243012,0.0005682489064489439,0.990140869975254,0.9786751230549087,0.9805022476886532,0.0005373379631186562,0.0006041987633828666,1000,0
MUSE_reverbFT_e48,TCFTransformer.encoder_level1.mhca_blks.0.transformer_layers.1.norm2,0.9777097510769099,0.000643989671374224,0.9736870921790082,0.974792514584532,0.9805452647578513,0.0005842270822073643,0.0007095440309003841,1000,0
MUSE_reverbFT_e48,TCFTransformer.encoder_level1.mhca_blks.0.transformer_layers.2.ffn.project_out,0.828503166429105,0.004153836223443969,0.9900950595516887,0.8177276050458868,0.8394512173660866,0.0036832114121889913,0.004679289673795984,1000,0
MUSE_reverbFT_e48,TCFTransformer.encoder_level1.mhca_blks.0.transformer_layers.2.norm1,0.9638218432734824,0.0009572558032338254,0.9839874812134514,0.9605455006010915,0.9672952557569433,0.0008952617444011429,0.001019069410652287,1000,0
MUSE_reverbFT_e48,TCFTransformer.encoder_level1.mhca_blks.0.transformer_layers.2.norm2,0.9596200425118596,0.0010949180612477279,0.9886922979709447,0.9558896594657497,0.9629854204779728,0.0010299782688119115,0.0011622151741951517,1000,0
MUSE_reverbFT_e48,TCFTransformer.encoder_level1.mhca_blks.0.transformer_layers.3.ffn.project_out,0.7453515610987217,0.008135320065555186,0.9802443650148889,0.7202739601129257,0.7670961287858818,0.007518972696183809,0.008724603335486874,1000,0
MUSE_reverbFT_e48,TCFTransformer.encoder_level1.mhca_blks.0.transformer_layers.3.norm1,0.942157186792581,0.0014725967747582756,0.9887469390351392,0.9371548815853565,0.9467147337422885,0.0013752715052053263,0.0015809345173733026,1000,0
MUSE_reverbFT_e48,TCFTransformer.encoder_level1.mhca_blks.0.transformer_layers.3.norm2,0.9285303095493745,0.0018225605588552908,0.9925693339232758,0.9220631995856141,0.9344879018686414,0.001700017792541447,0.0019551691677992217,1000,0
MUSE_reverbFT_e48,TCFTransformer.encoder_level2.mhca_blks.0.transformer_layers.0.ffn.project_out,0.6544269194901404,0.006411622965569864,0.9888014766525831,0.6412463660140969,0.6682305818153881,0.005371500185293873,0.007504630843436365,1000,0
MUSE_reverbFT_e48,TCFTransformer.encoder_level2.mhca_blks.0.transformer_layers.0.norm1,0.9260119624702193,0.002066995108520592,0.9911199003470209,0.9208225938958231,0.9323502654592042,0.0019353956404370208,0.0022291246160410253,1000,0
MUSE_reverbFT_e48,TCFTransformer.encoder_level2.mhca_blks.0.transformer_layers.0.norm2,0.8929314166099189,0.0030532641277857086,0.9900382662537545,0.8866316887468761,0.8987020183298817,0.002885933847393442,0.0032403505546631534,1000,0
MUSE_reverbFT_e48,TCFTransformer.encoder_level2.mhca_blks.0.transformer_layers.1.ffn.project_out,0.6519954469161059,0.008753832041450972,0.9933004360334713,0.6215172594573514,0.6812434059993738,0.008067280440742411,0.009401273745547825,1000,0
MUSE_reverbFT_e48,TCFTransformer.encoder_level2.mhca_blks.0.transformer_layers.1.norm1,0.6623267756656385,0.008649182378320495,0.9922331278688783,0.6468175651203849,0.6799064432050399,0.007979704417615792,0.009431719449252859,1000,0
MUSE_reverbFT_e48,TCFTransformer.encoder_level2.mhca_blks.0.transformer_layers.1.norm2,0.5857408494606201,0.010676952655867633,0.9924444695937058,0.5634151141850402,0.6065923077607294,0.00965612758414009,0.011701799745674719,1000,0
MUSE_reverbFT_e48,TCFTransformer.encoder_level2.mhca_blks.0.transformer_layers.2.ffn.project_out,0.42971622199630927,0.00645478882415405,0.9782966086802601,0.41636565574571033,0.4428473817334894,0.0049518428535709315,0.008180803965678586,1000,0
MUSE_reverbFT_e48,TCFTransformer.encoder_level2.mhca_blks.0.transformer_layers.2.norm1,0.5575551721211861,0.011663404332272557,0.9914832545013552,0.533217410065113,0.5842071825969092,0.0106795121880798,0.012656953819489163,1000,0
MUSE_reverbFT_e48,TCFTransformer.encoder_level2.mhca_blks.0.transformer_layers.2.norm2,0.3256641058827564,0.014243833087046865,0.9703842316101681,0.3077272885182389,0.346353811103251,0.012291690502964593,0.016245782548991925,1000,0
MUSE_reverbFT_e48,TCFTransformer.encoder_level2.mhca_blks.0.transformer_layers.3.ffn.project_out,0.5725496125075549,0.011742694908358586,0.9944650016013026,0.5377738607824718,0.608827565095492,0.011332136931494983,0.012176543431529243,1000,0
MUSE_reverbFT_e48,TCFTransformer.encoder_level2.mhca_blks.0.transformer_layers.3.norm1,0.32911161010899936,0.01371329435654389,0.9807540014950464,0.31369686918045536,0.3474125739156732,0.011932296994289085,0.0157607067224489,1000,0
MUSE_reverbFT_e48,TCFTransformer.encoder_level2.mhca_blks.0.transformer_layers.3.norm2,0.32558232347899185,0.017632517731523658,0.9890833457359384,0.3042523019770795,0.3503896092472096,0.015814179412598016,0.019694257799416602,1000,0
MUSE_reverbFT_e48,TCFTransformer.latent.mhca_blks.0.transformer_layers.0.ffn.project_out,0.828571468444157,0.0041503459970317555,0.9946821868929511,0.815896128470385,0.8402272346393501,0.0038899102302777486,0.004424392025984941,1000,0
MUSE_reverbFT_e48,TCFTransformer.latent.mhca_blks.0.transformer_layers.0.norm1,0.727119781935001,0.008255120339149286,0.9901486253465982,0.6965974099965959,0.7550750932977033,0.00784529270318408,0.008608494525543,1000,0
MUSE_reverbFT_e48,TCFTransformer.latent.mhca_blks.0.transformer_layers.0.norm2,0.5273132281221915,0.012794593892022562,0.9925632588524865,0.4973932301773819,0.5559945101163103,0.0122373973273721,0.013378058085384803,1000,0
MUSE_reverbFT_e48,TCFTransformer.latent.mhca_blks.0.transformer_layers.1.ffn.project_out,0.6738539823862233,0.007480199466494518,0.9905920690509715,0.6583868235420365,0.6898443290679713,0.0068416342634835285,0.008200506927024833,1000,0
MUSE_reverbFT_e48,TCFTransformer.latent.mhca_blks.0.transformer_layers.1.norm1,0.6803394954494603,0.00924888337909965,0.9933428326024691,0.6590495048977906,0.7015902599561548,0.00892520267792641,0.009631051145030156,1000,0
MUSE_reverbFT_e48,TCFTransformer.latent.mhca_blks.0.transformer_layers.1.norm2,0.5450736519315323,0.012015788710706828,0.9942877893967128,0.517621275742433,0.5720501378345607,0.011424678178912084,0.012718362640815231,1000,0
MUSE_reverbFT_e48,TCFTransformer.latent.mhca_blks.0.transformer_layers.2.ffn.project_out,0.2863490428408307,0.018408917940630005,0.9565775078746275,0.27023159089037446,0.30380411436349075,0.01682228418231919,0.020204229281915263,1000,0
MUSE_reverbFT_e48,TCFTransformer.latent.mhca_blks.0.transformer_layers.2.norm1,0.6046585670095761,0.010632429755584264,0.9931659396302283,0.5828499027458396,0.629041970296532,0.010056806300520242,0.011370416392932998,1000,0
MUSE_reverbFT_e48,TCFTransformer.latent.mhca_blks.0.transformer_layers.2.norm2,0.5391342148799633,0.01319864453354195,0.9926091466265676,0.5203518031443379,0.5584990594100484,0.012554722706994053,0.013821978028151032,1000,0
MUSE_reverbFT_e48,TCFTransformer.latent.mhca_blks.0.transformer_layers.3.ffn.project_out,0.3178004922247311,0.014140969562858641,0.8740876397103764,0.30832360845554,0.3267367921155561,0.012007577216445449,0.016973992045677642,1000,0
MUSE_reverbFT_e48,TCFTransformer.latent.mhca_blks.0.transformer_layers.3.norm1,0.5330312347405832,0.0134376189746674,0.9906028513472963,0.516197154925345,0.5514588766160011,0.012657051589950839,0.014218701956787505,1000,0
MUSE_reverbFT_e48,TCFTransformer.latent.mhca_blks.0.transformer_layers.3.norm2,0.32461698625100044,0.019899103932180418,0.9858344262501203,0.3045986591702276,0.34599599800263064,0.018761094019970243,0.021076753168540723,1000,0
MUSE_reverbFT_e48,TCFTransformer.mag_refinement.mhca_blks.0.transformer_layers.0.ffn.project_out,0.5586420708944334,0.005602546658903069,0.8045886701826351,0.5494302027555583,0.5684130099826544,0.00388776952863474,0.007431831107425478,1000,0
MUSE_reverbFT_e48,TCFTransformer.mag_refinement.mhca_blks.0.transformer_layers.0.norm1,0.3721880230762301,0.014694575854337357,0.9661121621805293,0.35361065091097277,0.3947032588329968,0.013714985985077465,0.01564060356562625,1000,0
MUSE_reverbFT_e48,TCFTransformer.mag_refinement.mhca_blks.0.transformer_layers.0.norm2,0.34438928800278246,0.017151203181586257,0.9771873656125959,0.32192140834086325,0.3736652014030797,0.016389136865906692,0.017942619482028077,1000,0
MUSE_reverbFT_e48,TCFTransformer.mag_refinement.mhca_blks.0.transformer_layers.1.ffn.project_out,0.25567994165355196,0.021974752879490217,0.9577739217435411,0.23296997839044328,0.28218892436338,0.020572084874356234,0.02320222779524251,1000,0
MUSE_reverbFT_e48,TCFTransformer.mag_refinement.mhca_blks.0.transformer_layers.1.norm1,0.4788558022204858,0.012658995884253727,0.9731212534934969,0.45940477706055466,0.5004825727831953,0.012029457875323234,0.013510611115733746,1000,0
MUSE_reverbFT_e48,TCFTransformer.mag_refinement.mhca_blks.0.transformer_layers.1.norm2,0.44951747914981516,0.013689254758654778,0.9765392617058781,0.4310969351939364,0.47228844114531704,0.012966868738981754,0.014519572458470525,1000,0
MUSE_reverbFT_e48,TCFTransformer.mag_refinement.mhca_blks.0.transformer_layers.2.ffn.project_out,0.27049880647729985,0.011026931802580115,0.8831926115173728,0.25649863202665774,0.2859720538409054,0.009702745668117803,0.012440349803680754,1000,0
MUSE_reverbFT_e48,TCFTransformer.mag_refinement.mhca_blks.0.transformer_layers.2.norm1,0.4710574611402222,0.011120063250676347,0.9585877395067666,0.45659375760445753,0.48981981029118377,0.010192167789373525,0.012264553575780985,1000,0
MUSE_reverbFT_e48,TCFTransformer.mag_refinement.mhca_blks.0.transformer_layers.2.norm2,0.3791874620308717,0.014725293539210899,0.9616947494352374,0.35968510423210953,0.4029619252399476,0.013759667921670243,0.015987415544183738,1000,0
MUSE_reverbFT_e48,TCFTransformer.mag_refinement.mhca_blks.0.transformer_layers.3.ffn.project_out,0.2355638385946198,0.007950950210285444,0.9005202055187026,0.2253682701943136,0.24378308480407063,0.0067836718153166595,0.009853652946309173,1000,0
MUSE_reverbFT_e48,TCFTransformer.mag_refinement.mhca_blks.0.transformer_layers.3.norm1,0.4097752913835846,0.0157188270315822,0.9687520498837036,0.3891303931901115,0.43587207871801237,0.014950968527088528,0.01658254060682171,1000,0
MUSE_reverbFT_e48,TCFTransformer.mag_refinement.mhca_blks.0.transformer_layers.3.norm2,0.37478387477364244,0.015332368820135436,0.9755331170561157,0.3550621394877251,0.4000755914449626,0.014390429458242385,0.016484293503865242,1000,0
